fecha,producto,tipo,precio,stock,ventas
2023-01-01,Pan Chabatta,Panes,0.25,768,740
2023-01-01,Pan Francés,Panes,0.25,648,613
2023-01-01,Pan Yema Largo,Panes,0.25,360,321
2023-01-01,Pan Yema Redondo,Panes,0.25,360,320
2023-01-01,Pan Chapla,Panes,0.25,144,110
2023-01-01,Pan Coliza,Panes,0.25,192,171
2023-01-01,Pan Integral,Panes,0.25,144,112
2023-01-01,Pan Caracol,Panes,0.25,144,113
2023-01-01,Pan Hamburguesa,Panes,0.4,288,241
2023-01-01,Cachito,Panes,0.25,144,110
2023-01-01,Pan Manjar,Panes,0.3,72,69
2023-01-01,Leche,Abarrotes,4.0,5,5
2023-01-01,Jamon,Abarrotes,2.5,6,4
2023-01-01,Café,Abarrotes,2.0,5,4
2023-01-01,Queso,Abarrotes,3.0,4,4
2023-01-01,Alfajores Pequeños,Bocaditos,0.25,200,152
2023-01-01,Alfajores Grandes,Bocaditos,1.0,100,81
2023-01-01,Galletas Pequeñas,Bocaditos,0.25,200,155
2023-01-01,Galletas Grandes,Bocaditos,1.0,300,295
2023-01-01,Cookie,Bocaditos,2.0,100,70
2023-01-01,Orejitas Pequeñas,Bocaditos,0.25,200,159
2023-01-01,Orejas Grandes,Bocaditos,1.0,100,70
2023-01-01,Beso de Moza,Bocaditos,1.0,80,59
2023-01-01,Caramandugas,Bocaditos,0.25,300,250
2023-01-01,Rosquitas,Bocaditos,0.25,300,260
2023-01-02,Pan Chabatta,Panes,0.25,768,720
2023-01-02,Pan Francés,Panes,0.25,648,610
2023-01-02,Pan Yema Largo,Panes,0.25,360,320
2023-01-02,Pan Yema Redondo,Panes,0.25,360,320
2023-01-02,Pan Chapla,Panes,0.25,144,110
2023-01-02,Pan Coliza,Panes,0.25,192,170
2023-01-02,Pan Integral,Panes,0.25,144,110
2023-01-02,Pan Caracol,Panes,0.25,144,110
2023-01-02,Pan Hamburguesa,Panes,0.4,288,240
2023-01-02,Cachito,Panes,0.25,144,110
2023-01-02,Pan Manjar,Panes,0.3,72,68
2023-01-02,Leche,Abarrotes,4.0,5,2
2023-01-02,Jamon,Abarrotes,2.5,6,3
2023-01-02,Café,Abarrotes,2.0,5,2
2023-01-02,Queso,Abarrotes,3.0,4,2
2023-01-02,Alfajores Pequeños,Bocaditos,0.25,200,150
2023-01-02,Alfajores Grandes,Bocaditos,1.0,100,75
2023-01-02,Galletas Pequeñas,Bocaditos,0.25,200,150
2023-01-02,Galletas Grandes,Bocaditos,1.0,300,290
2023-01-02,Cookie,Bocaditos,2.0,100,70
2023-01-02,Orejitas Pequeñas,Bocaditos,0.25,200,150
2023-01-02,Orejas Grandes,Bocaditos,1.0,100,70
2023-01-02,Beso de Moza,Bocaditos,1.0,80,50
2023-01-02,Caramandugas,Bocaditos,0.25,300,250
2023-01-02,Rosquitas,Bocaditos,0.25,300,250
2023-01-03,Pan Chabatta,Panes,0.25,768,720
2023-01-03,Pan Francés,Panes,0.25,648,610
2023-01-03,Pan Yema Largo,Panes,0.25,360,320
2023-01-03,Pan Yema Redondo,Panes,0.25,360,320
2023-01-03,Pan Chapla,Panes,0.25,144,110
2023-01-03,Pan Coliza,Panes,0.25,192,170
2023-01-03,Pan Integral,Panes,0.25,144,110
2023-01-03,Pan Caracol,Panes,0.25,144,110
2023-01-03,Pan Hamburguesa,Panes,0.4,288,240
2023-01-03,Cachito,Panes,0.25,144,110
2023-01-03,Pan Manjar,Panes,0.3,72,68
2023-01-03,Leche,Abarrotes,4.0,5,2
2023-01-03,Jamon,Abarrotes,2.5,6,5
2023-01-03,Café,Abarrotes,2.0,5,2
2023-01-03,Queso,Abarrotes,3.0,4,2
2023-01-03,Alfajores Pequeños,Bocaditos,0.25,200,150
2023-01-03,Alfajores Grandes,Bocaditos,1.0,100,75
2023-01-03,Galletas Pequeñas,Bocaditos,0.25,200,150
2023-01-03,Galletas Grandes,Bocaditos,1.0,300,290
2023-01-03,Cookie,Bocaditos,2.0,100,70
2023-01-03,Orejitas Pequeñas,Bocaditos,0.25,200,150
2023-01-03,Orejas Grandes,Bocaditos,1.0,100,70
2023-01-03,Beso de Moza,Bocaditos,1.0,80,50
2023-01-03,Caramandugas,Bocaditos,0.25,300,250
2023-01-03,Rosquitas,Bocaditos,0.25,300,250
2023-01-04,Pan Chabatta,Panes,0.25,768,720
2023-01-04,Pan Francés,Panes,0.25,648,610
2023-01-04,Pan Yema Largo,Panes,0.25,360,320
2023-01-04,Pan Yema Redondo,Panes,0.25,360,320
2023-01-04,Pan Chapla,Panes,0.25,144,110
2023-01-04,Pan Coliza,Panes,0.25,192,170
2023-01-04,Pan Integral,Panes,0.25,144,110
2023-01-04,Pan Caracol,Panes,0.25,144,110
2023-01-04,Pan Hamburguesa,Panes,0.4,288,240
2023-01-04,Cachito,Panes,0.25,144,110
2023-01-04,Pan Manjar,Panes,0.3,72,68
2023-01-04,Leche,Abarrotes,4.0,5,3
2023-01-04,Jamon,Abarrotes,2.5,6,3
2023-01-04,Café,Abarrotes,2.0,5,2
2023-01-04,Queso,Abarrotes,3.0,4,2
2023-01-04,Alfajores Pequeños,Bocaditos,0.25,200,150
2023-01-04,Alfajores Grandes,Bocaditos,1.0,100,75
2023-01-04,Galletas Pequeñas,Bocaditos,0.25,200,150
2023-01-04,Galletas Grandes,Bocaditos,1.0,300,290
2023-01-04,Cookie,Bocaditos,2.0,100,70
2023-01-04,Orejitas Pequeñas,Bocaditos,0.25,200,150
2023-01-04,Orejas Grandes,Bocaditos,1.0,100,70
2023-01-04,Beso de Moza,Bocaditos,1.0,80,50
2023-01-04,Caramandugas,Bocaditos,0.25,300,250
2023-01-04,Rosquitas,Bocaditos,0.25,300,250
2023-01-05,Pan Chabatta,Panes,0.25,768,720
2023-01-05,Pan Francés,Panes,0.25,648,610
2023-01-05,Pan Yema Largo,Panes,0.25,360,320
2023-01-05,Pan Yema Redondo,Panes,0.25,360,320
2023-01-05,Pan Chapla,Panes,0.25,144,110
2023-01-05,Pan Coliza,Panes,0.25,192,170
2023-01-05,Pan Integral,Panes,0.25,144,110
2023-01-05,Pan Caracol,Panes,0.25,144,110
2023-01-05,Pan Hamburguesa,Panes,0.4,288,240
2023-01-05,Cachito,Panes,0.25,144,110
2023-01-05,Pan Manjar,Panes,0.3,72,68
2023-01-05,Leche,Abarrotes,4.0,5,2
2023-01-05,Jamon,Abarrotes,2.5,6,5
2023-01-05,Café,Abarrotes,2.0,5,3
2023-01-05,Queso,Abarrotes,3.0,4,2
2023-01-05,Alfajores Pequeños,Bocaditos,0.25,200,150
2023-01-05,Alfajores Grandes,Bocaditos,1.0,100,75
2023-01-05,Galletas Pequeñas,Bocaditos,0.25,200,150
2023-01-05,Galletas Grandes,Bocaditos,1.0,300,290
2023-01-05,Cookie,Bocaditos,2.0,100,70
2023-01-05,Orejitas Pequeñas,Bocaditos,0.25,200,150
2023-01-05,Orejas Grandes,Bocaditos,1.0,100,70
2023-01-05,Beso de Moza,Bocaditos,1.0,80,50
2023-01-05,Caramandugas,Bocaditos,0.25,300,250
2023-01-05,Rosquitas,Bocaditos,0.25,300,250
2023-01-06,Pan Chabatta,Panes,0.25,768,720
2023-01-06,Pan Francés,Panes,0.25,648,610
2023-01-06,Pan Yema Largo,Panes,0.25,360,320
2023-01-06,Pan Yema Redondo,Panes,0.25,360,320
2023-01-06,Pan Chapla,Panes,0.25,144,110
2023-01-06,Pan Coliza,Panes,0.25,192,170
2023-01-06,Pan Integral,Panes,0.25,144,110
2023-01-06,Pan Caracol,Panes,0.25,144,110
2023-01-06,Pan Hamburguesa,Panes,0.4,288,240
2023-01-06,Cachito,Panes,0.25,144,110
2023-01-06,Pan Manjar,Panes,0.3,72,68
2023-01-06,Leche,Abarrotes,4.0,5,2
2023-01-06,Jamon,Abarrotes,2.5,6,3
2023-01-06,Café,Abarrotes,2.0,5,2
2023-01-06,Queso,Abarrotes,3.0,4,2
2023-01-06,Alfajores Pequeños,Bocaditos,0.25,200,150
2023-01-06,Alfajores Grandes,Bocaditos,1.0,100,75
2023-01-06,Galletas Pequeñas,Bocaditos,0.25,200,150
2023-01-06,Galletas Grandes,Bocaditos,1.0,300,290
2023-01-06,Cookie,Bocaditos,2.0,100,70
2023-01-06,Orejitas Pequeñas,Bocaditos,0.25,200,150
2023-01-06,Orejas Grandes,Bocaditos,1.0,100,70
2023-01-06,Beso de Moza,Bocaditos,1.0,80,51
2023-01-06,Caramandugas,Bocaditos,0.25,300,250
2023-01-06,Rosquitas,Bocaditos,0.25,300,250
2023-01-07,Pan Chabatta,Panes,0.25,768,733
2023-01-07,Pan Francés,Panes,0.25,648,619
2023-01-07,Pan Yema Largo,Panes,0.25,360,321
2023-01-07,Pan Yema Redondo,Panes,0.25,360,322
2023-01-07,Pan Chapla,Panes,0.25,144,119
2023-01-07,Pan Coliza,Panes,0.25,192,175
2023-01-07,Pan Integral,Panes,0.25,144,111
2023-01-07,Pan Caracol,Panes,0.25,144,114
2023-01-07,Pan Hamburguesa,Panes,0.4,288,248
2023-01-07,Cachito,Panes,0.25,144,116
2023-01-07,Pan Manjar,Panes,0.3,72,68
2023-01-07,Leche,Abarrotes,4.0,5,3
2023-01-07,Jamon,Abarrotes,2.5,6,5
2023-01-07,Café,Abarrotes,2.0,5,3
2023-01-07,Queso,Abarrotes,3.0,4,3
2023-01-07,Alfajores Pequeños,Bocaditos,0.25,200,155
2023-01-07,Alfajores Grandes,Bocaditos,1.0,100,79
2023-01-07,Galletas Pequeñas,Bocaditos,0.25,200,160
2023-01-07,Galletas Grandes,Bocaditos,1.0,300,292
2023-01-07,Cookie,Bocaditos,2.0,100,70
2023-01-07,Orejitas Pequeñas,Bocaditos,0.25,200,151
2023-01-07,Orejas Grandes,Bocaditos,1.0,100,70
2023-01-07,Beso de Moza,Bocaditos,1.0,80,58
2023-01-07,Caramandugas,Bocaditos,0.25,300,254
2023-01-07,Rosquitas,Bocaditos,0.25,300,255
2023-01-08,Pan Chabatta,Panes,0.25,768,731
2023-01-08,Pan Francés,Panes,0.25,648,619
2023-01-08,Pan Yema Largo,Panes,0.25,360,329
2023-01-08,Pan Yema Redondo,Panes,0.25,360,320
2023-01-08,Pan Chapla,Panes,0.25,144,110
2023-01-08,Pan Coliza,Panes,0.25,192,173
2023-01-08,Pan Integral,Panes,0.25,144,110
2023-01-08,Pan Caracol,Panes,0.25,144,115
2023-01-08,Pan Hamburguesa,Panes,0.4,288,251
2023-01-08,Cachito,Panes,0.25,144,119
2023-01-08,Pan Manjar,Panes,0.3,72,68
2023-01-08,Leche,Abarrotes,4.0,5,4
2023-01-08,Jamon,Abarrotes,2.5,6,3
2023-01-08,Café,Abarrotes,2.0,5,2
2023-01-08,Queso,Abarrotes,3.0,4,2
2023-01-08,Alfajores Pequeños,Bocaditos,0.25,200,152
2023-01-08,Alfajores Grandes,Bocaditos,1.0,100,81
2023-01-08,Galletas Pequeñas,Bocaditos,0.25,200,151
2023-01-08,Galletas Grandes,Bocaditos,1.0,300,294
2023-01-08,Cookie,Bocaditos,2.0,100,73
2023-01-08,Orejitas Pequeñas,Bocaditos,0.25,200,155
2023-01-08,Orejas Grandes,Bocaditos,1.0,100,70
2023-01-08,Beso de Moza,Bocaditos,1.0,80,61
2023-01-08,Caramandugas,Bocaditos,0.25,300,259
2023-01-08,Rosquitas,Bocaditos,0.25,300,256
2023-01-09,Pan Chabatta,Panes,0.25,768,720
2023-01-09,Pan Francés,Panes,0.25,648,610
2023-01-09,Pan Yema Largo,Panes,0.25,360,320
2023-01-09,Pan Yema Redondo,Panes,0.25,360,320
2023-01-09,Pan Chapla,Panes,0.25,144,110
2023-01-09,Pan Coliza,Panes,0.25,192,170
2023-01-09,Pan Integral,Panes,0.25,144,110
2023-01-09,Pan Caracol,Panes,0.25,144,110
2023-01-09,Pan Hamburguesa,Panes,0.4,288,240
2023-01-09,Cachito,Panes,0.25,144,110
2023-01-09,Pan Manjar,Panes,0.3,72,68
2023-01-09,Leche,Abarrotes,4.0,5,2
2023-01-09,Jamon,Abarrotes,2.5,6,3
2023-01-09,Café,Abarrotes,2.0,5,2
2023-01-09,Queso,Abarrotes,3.0,4,2
2023-01-09,Alfajores Pequeños,Bocaditos,0.25,200,150
2023-01-09,Alfajores Grandes,Bocaditos,1.0,100,75
2023-01-09,Galletas Pequeñas,Bocaditos,0.25,200,150
2023-01-09,Galletas Grandes,Bocaditos,1.0,300,290
2023-01-09,Cookie,Bocaditos,2.0,100,70
2023-01-09,Orejitas Pequeñas,Bocaditos,0.25,200,150
2023-01-09,Orejas Grandes,Bocaditos,1.0,100,70
2023-01-09,Beso de Moza,Bocaditos,1.0,80,50
2023-01-09,Caramandugas,Bocaditos,0.25,300,250
2023-01-09,Rosquitas,Bocaditos,0.25,300,250
2023-01-10,Pan Chabatta,Panes,0.25,768,720
2023-01-10,Pan Francés,Panes,0.25,648,610
2023-01-10,Pan Yema Largo,Panes,0.25,360,320
2023-01-10,Pan Yema Redondo,Panes,0.25,360,320
2023-01-10,Pan Chapla,Panes,0.25,144,110
2023-01-10,Pan Coliza,Panes,0.25,192,170
2023-01-10,Pan Integral,Panes,0.25,144,110
2023-01-10,Pan Caracol,Panes,0.25,144,110
2023-01-10,Pan Hamburguesa,Panes,0.4,288,240
2023-01-10,Cachito,Panes,0.25,144,110
2023-01-10,Pan Manjar,Panes,0.3,72,68
2023-01-10,Leche,Abarrotes,4.0,5,2
2023-01-10,Jamon,Abarrotes,2.5,6,3
2023-01-10,Café,Abarrotes,2.0,5,2
2023-01-10,Queso,Abarrotes,3.0,4,2
2023-01-10,Alfajores Pequeños,Bocaditos,0.25,200,150
2023-01-10,Alfajores Grandes,Bocaditos,1.0,100,75
2023-01-10,Galletas Pequeñas,Bocaditos,0.25,200,150
2023-01-10,Galletas Grandes,Bocaditos,1.0,300,290
2023-01-10,Cookie,Bocaditos,2.0,100,70
2023-01-10,Orejitas Pequeñas,Bocaditos,0.25,200,150
2023-01-10,Orejas Grandes,Bocaditos,1.0,100,70
2023-01-10,Beso de Moza,Bocaditos,1.0,80,50
2023-01-10,Caramandugas,Bocaditos,0.25,300,250
2023-01-10,Rosquitas,Bocaditos,0.25,300,250
2023-01-11,Pan Chabatta,Panes,0.25,768,720
2023-01-11,Pan Francés,Panes,0.25,648,610
2023-01-11,Pan Yema Largo,Panes,0.25,360,320
2023-01-11,Pan Yema Redondo,Panes,0.25,360,320
2023-01-11,Pan Chapla,Panes,0.25,144,110
2023-01-11,Pan Coliza,Panes,0.25,192,170
2023-01-11,Pan Integral,Panes,0.25,144,110
2023-01-11,Pan Caracol,Panes,0.25,144,110
2023-01-11,Pan Hamburguesa,Panes,0.4,288,240
2023-01-11,Cachito,Panes,0.25,144,110
2023-01-11,Pan Manjar,Panes,0.3,72,68
2023-01-11,Leche,Abarrotes,4.0,5,2
2023-01-11,Jamon,Abarrotes,2.5,6,3
2023-01-11,Café,Abarrotes,2.0,5,2
2023-01-11,Queso,Abarrotes,3.0,4,2
2023-01-11,Alfajores Pequeños,Bocaditos,0.25,200,150
2023-01-11,Alfajores Grandes,Bocaditos,1.0,100,75
2023-01-11,Galletas Pequeñas,Bocaditos,0.25,200,150
2023-01-11,Galletas Grandes,Bocaditos,1.0,300,290
2023-01-11,Cookie,Bocaditos,2.0,100,70
2023-01-11,Orejitas Pequeñas,Bocaditos,0.25,200,150
2023-01-11,Orejas Grandes,Bocaditos,1.0,100,70
2023-01-11,Beso de Moza,Bocaditos,1.0,80,50
2023-01-11,Caramandugas,Bocaditos,0.25,300,250
2023-01-11,Rosquitas,Bocaditos,0.25,300,250
2023-01-12,Pan Chabatta,Panes,0.25,768,720
2023-01-12,Pan Francés,Panes,0.25,648,610
2023-01-12,Pan Yema Largo,Panes,0.25,360,320
2023-01-12,Pan Yema Redondo,Panes,0.25,360,320
2023-01-12,Pan Chapla,Panes,0.25,144,110
2023-01-12,Pan Coliza,Panes,0.25,192,170
2023-01-12,Pan Integral,Panes,0.25,144,110
2023-01-12,Pan Caracol,Panes,0.25,144,110
2023-01-12,Pan Hamburguesa,Panes,0.4,288,240
2023-01-12,Cachito,Panes,0.25,144,110
2023-01-12,Pan Manjar,Panes,0.3,72,68
2023-01-12,Leche,Abarrotes,4.0,5,2
2023-01-12,Jamon,Abarrotes,2.5,6,4
2023-01-12,Café,Abarrotes,2.0,5,3
2023-01-12,Queso,Abarrotes,3.0,4,2
2023-01-12,Alfajores Pequeños,Bocaditos,0.25,200,150
2023-01-12,Alfajores Grandes,Bocaditos,1.0,100,75
2023-01-12,Galletas Pequeñas,Bocaditos,0.25,200,150
2023-01-12,Galletas Grandes,Bocaditos,1.0,300,290
2023-01-12,Cookie,Bocaditos,2.0,100,70
2023-01-12,Orejitas Pequeñas,Bocaditos,0.25,200,150
2023-01-12,Orejas Grandes,Bocaditos,1.0,100,70
2023-01-12,Beso de Moza,Bocaditos,1.0,80,50
2023-01-12,Caramandugas,Bocaditos,0.25,300,250
2023-01-12,Rosquitas,Bocaditos,0.25,300,250
2023-01-13,Pan Chabatta,Panes,0.25,768,720
2023-01-13,Pan Francés,Panes,0.25,648,610
2023-01-13,Pan Yema Largo,Panes,0.25,360,320
2023-01-13,Pan Yema Redondo,Panes,0.25,360,320
2023-01-13,Pan Chapla,Panes,0.25,144,110
2023-01-13,Pan Coliza,Panes,0.25,192,170
2023-01-13,Pan Integral,Panes,0.25,144,110
2023-01-13,Pan Caracol,Panes,0.25,144,110
2023-01-13,Pan Hamburguesa,Panes,0.4,288,240
2023-01-13,Cachito,Panes,0.25,144,110
2023-01-13,Pan Manjar,Panes,0.3,72,68
2023-01-13,Leche,Abarrotes,4.0,5,2
2023-01-13,Jamon,Abarrotes,2.5,6,3
2023-01-13,Café,Abarrotes,2.0,5,2
2023-01-13,Queso,Abarrotes,3.0,4,2
2023-01-13,Alfajores Pequeños,Bocaditos,0.25,200,150
2023-01-13,Alfajores Grandes,Bocaditos,1.0,100,75
2023-01-13,Galletas Pequeñas,Bocaditos,0.25,200,150
2023-01-13,Galletas Grandes,Bocaditos,1.0,300,290
2023-01-13,Cookie,Bocaditos,2.0,100,70
2023-01-13,Orejitas Pequeñas,Bocaditos,0.25,200,150
2023-01-13,Orejas Grandes,Bocaditos,1.0,100,70
2023-01-13,Beso de Moza,Bocaditos,1.0,80,54
2023-01-13,Caramandugas,Bocaditos,0.25,300,250
2023-01-13,Rosquitas,Bocaditos,0.25,300,250
2023-01-14,Pan Chabatta,Panes,0.25,768,734
2023-01-14,Pan Francés,Panes,0.25,648,615
2023-01-14,Pan Yema Largo,Panes,0.25,360,320
2023-01-14,Pan Yema Redondo,Panes,0.25,360,323
2023-01-14,Pan Chapla,Panes,0.25,144,115
2023-01-14,Pan Coliza,Panes,0.25,192,172
2023-01-14,Pan Integral,Panes,0.25,144,120
2023-01-14,Pan Caracol,Panes,0.25,144,113
2023-01-14,Pan Hamburguesa,Panes,0.4,288,250
2023-01-14,Cachito,Panes,0.25,144,111
2023-01-14,Pan Manjar,Panes,0.3,72,69
2023-01-14,Leche,Abarrotes,4.0,5,2
2023-01-14,Jamon,Abarrotes,2.5,6,4
2023-01-14,Café,Abarrotes,2.0,5,3
2023-01-14,Queso,Abarrotes,3.0,4,3
2023-01-14,Alfajores Pequeños,Bocaditos,0.25,200,156
2023-01-14,Alfajores Grandes,Bocaditos,1.0,100,76
2023-01-14,Galletas Pequeñas,Bocaditos,0.25,200,158
2023-01-14,Galletas Grandes,Bocaditos,1.0,300,293
2023-01-14,Cookie,Bocaditos,2.0,100,70
2023-01-14,Orejitas Pequeñas,Bocaditos,0.25,200,158
2023-01-14,Orejas Grandes,Bocaditos,1.0,100,70
2023-01-14,Beso de Moza,Bocaditos,1.0,80,56
2023-01-14,Caramandugas,Bocaditos,0.25,300,256
2023-01-14,Rosquitas,Bocaditos,0.25,300,258
2023-01-15,Pan Chabatta,Panes,0.25,768,733
2023-01-15,Pan Francés,Panes,0.25,648,619
2023-01-15,Pan Yema Largo,Panes,0.25,360,328
2023-01-15,Pan Yema Redondo,Panes,0.25,360,323
2023-01-15,Pan Chapla,Panes,0.25,144,111
2023-01-15,Pan Coliza,Panes,0.25,192,171
2023-01-15,Pan Integral,Panes,0.25,144,111
2023-01-15,Pan Caracol,Panes,0.25,144,110
2023-01-15,Pan Hamburguesa,Panes,0.4,288,244
2023-01-15,Cachito,Panes,0.25,144,116
2023-01-15,Pan Manjar,Panes,0.3,72,69
2023-01-15,Leche,Abarrotes,4.0,5,2
2023-01-15,Jamon,Abarrotes,2.5,6,4
2023-01-15,Café,Abarrotes,2.0,5,2
2023-01-15,Queso,Abarrotes,3.0,4,3
2023-01-15,Alfajores Pequeños,Bocaditos,0.25,200,150
2023-01-15,Alfajores Grandes,Bocaditos,1.0,100,81
2023-01-15,Galletas Pequeñas,Bocaditos,0.25,200,155
2023-01-15,Galletas Grandes,Bocaditos,1.0,300,296
2023-01-15,Cookie,Bocaditos,2.0,100,75
2023-01-15,Orejitas Pequeñas,Bocaditos,0.25,200,152
2023-01-15,Orejas Grandes,Bocaditos,1.0,100,71
2023-01-15,Beso de Moza,Bocaditos,1.0,80,53
2023-01-15,Caramandugas,Bocaditos,0.25,300,256
2023-01-15,Rosquitas,Bocaditos,0.25,300,259
2023-01-16,Pan Chabatta,Panes,0.25,768,720
2023-01-16,Pan Francés,Panes,0.25,648,610
2023-01-16,Pan Yema Largo,Panes,0.25,360,320
2023-01-16,Pan Yema Redondo,Panes,0.25,360,320
2023-01-16,Pan Chapla,Panes,0.25,144,110
2023-01-16,Pan Coliza,Panes,0.25,192,170
2023-01-16,Pan Integral,Panes,0.25,144,110
2023-01-16,Pan Caracol,Panes,0.25,144,110
2023-01-16,Pan Hamburguesa,Panes,0.4,288,240
2023-01-16,Cachito,Panes,0.25,144,110
2023-01-16,Pan Manjar,Panes,0.3,72,68
2023-01-16,Leche,Abarrotes,4.0,5,2
2023-01-16,Jamon,Abarrotes,2.5,6,3
2023-01-16,Café,Abarrotes,2.0,5,2
2023-01-16,Queso,Abarrotes,3.0,4,2
2023-01-16,Alfajores Pequeños,Bocaditos,0.25,200,150
2023-01-16,Alfajores Grandes,Bocaditos,1.0,100,75
2023-01-16,Galletas Pequeñas,Bocaditos,0.25,200,150
2023-01-16,Galletas Grandes,Bocaditos,1.0,300,290
2023-01-16,Cookie,Bocaditos,2.0,100,70
2023-01-16,Orejitas Pequeñas,Bocaditos,0.25,200,150
2023-01-16,Orejas Grandes,Bocaditos,1.0,100,70
2023-01-16,Beso de Moza,Bocaditos,1.0,80,50
2023-01-16,Caramandugas,Bocaditos,0.25,300,250
2023-01-16,Rosquitas,Bocaditos,0.25,300,250
2023-01-17,Pan Chabatta,Panes,0.25,768,720
2023-01-17,Pan Francés,Panes,0.25,648,610
2023-01-17,Pan Yema Largo,Panes,0.25,360,320
2023-01-17,Pan Yema Redondo,Panes,0.25,360,320
2023-01-17,Pan Chapla,Panes,0.25,144,110
2023-01-17,Pan Coliza,Panes,0.25,192,170
2023-01-17,Pan Integral,Panes,0.25,144,110
2023-01-17,Pan Caracol,Panes,0.25,144,110
2023-01-17,Pan Hamburguesa,Panes,0.4,288,240
2023-01-17,Cachito,Panes,0.25,144,110
2023-01-17,Pan Manjar,Panes,0.3,72,68
2023-01-17,Leche,Abarrotes,4.0,5,2
2023-01-17,Jamon,Abarrotes,2.5,6,3
2023-01-17,Café,Abarrotes,2.0,5,3
2023-01-17,Queso,Abarrotes,3.0,4,3
2023-01-17,Alfajores Pequeños,Bocaditos,0.25,200,150
2023-01-17,Alfajores Grandes,Bocaditos,1.0,100,75
2023-01-17,Galletas Pequeñas,Bocaditos,0.25,200,150
2023-01-17,Galletas Grandes,Bocaditos,1.0,300,290
2023-01-17,Cookie,Bocaditos,2.0,100,70
2023-01-17,Orejitas Pequeñas,Bocaditos,0.25,200,150
2023-01-17,Orejas Grandes,Bocaditos,1.0,100,70
2023-01-17,Beso de Moza,Bocaditos,1.0,80,50
2023-01-17,Caramandugas,Bocaditos,0.25,300,250
2023-01-17,Rosquitas,Bocaditos,0.25,300,250
2023-01-18,Pan Chabatta,Panes,0.25,768,720
2023-01-18,Pan Francés,Panes,0.25,648,610
2023-01-18,Pan Yema Largo,Panes,0.25,360,320
2023-01-18,Pan Yema Redondo,Panes,0.25,360,320
2023-01-18,Pan Chapla,Panes,0.25,144,110
2023-01-18,Pan Coliza,Panes,0.25,192,170
2023-01-18,Pan Integral,Panes,0.25,144,110
2023-01-18,Pan Caracol,Panes,0.25,144,110
2023-01-18,Pan Hamburguesa,Panes,0.4,288,240
2023-01-18,Cachito,Panes,0.25,144,110
2023-01-18,Pan Manjar,Panes,0.3,72,68
2023-01-18,Leche,Abarrotes,4.0,5,2
2023-01-18,Jamon,Abarrotes,2.5,6,3
2023-01-18,Café,Abarrotes,2.0,5,3
2023-01-18,Queso,Abarrotes,3.0,4,3
2023-01-18,Alfajores Pequeños,Bocaditos,0.25,200,150
2023-01-18,Alfajores Grandes,Bocaditos,1.0,100,75
2023-01-18,Galletas Pequeñas,Bocaditos,0.25,200,150
2023-01-18,Galletas Grandes,Bocaditos,1.0,300,290
2023-01-18,Cookie,Bocaditos,2.0,100,70
2023-01-18,Orejitas Pequeñas,Bocaditos,0.25,200,150
2023-01-18,Orejas Grandes,Bocaditos,1.0,100,70
2023-01-18,Beso de Moza,Bocaditos,1.0,80,50
2023-01-18,Caramandugas,Bocaditos,0.25,300,250
2023-01-18,Rosquitas,Bocaditos,0.25,300,250
2023-01-19,Pan Chabatta,Panes,0.25,768,720
2023-01-19,Pan Francés,Panes,0.25,648,610
2023-01-19,Pan Yema Largo,Panes,0.25,360,320
2023-01-19,Pan Yema Redondo,Panes,0.25,360,320
2023-01-19,Pan Chapla,Panes,0.25,144,110
2023-01-19,Pan Coliza,Panes,0.25,192,170
2023-01-19,Pan Integral,Panes,0.25,144,110
2023-01-19,Pan Caracol,Panes,0.25,144,110
2023-01-19,Pan Hamburguesa,Panes,0.4,288,240
2023-01-19,Cachito,Panes,0.25,144,110
2023-01-19,Pan Manjar,Panes,0.3,72,68
2023-01-19,Leche,Abarrotes,4.0,5,3
2023-01-19,Jamon,Abarrotes,2.5,6,3
2023-01-19,Café,Abarrotes,2.0,5,2
2023-01-19,Queso,Abarrotes,3.0,4,2
2023-01-19,Alfajores Pequeños,Bocaditos,0.25,200,150
2023-01-19,Alfajores Grandes,Bocaditos,1.0,100,75
2023-01-19,Galletas Pequeñas,Bocaditos,0.25,200,150
2023-01-19,Galletas Grandes,Bocaditos,1.0,300,290
2023-01-19,Cookie,Bocaditos,2.0,100,70
2023-01-19,Orejitas Pequeñas,Bocaditos,0.25,200,150
2023-01-19,Orejas Grandes,Bocaditos,1.0,100,70
2023-01-19,Beso de Moza,Bocaditos,1.0,80,50
2023-01-19,Caramandugas,Bocaditos,0.25,300,250
2023-01-19,Rosquitas,Bocaditos,0.25,300,250
2023-01-20,Pan Chabatta,Panes,0.25,768,720
2023-01-20,Pan Francés,Panes,0.25,648,610
2023-01-20,Pan Yema Largo,Panes,0.25,360,320
2023-01-20,Pan Yema Redondo,Panes,0.25,360,320
2023-01-20,Pan Chapla,Panes,0.25,144,110
2023-01-20,Pan Coliza,Panes,0.25,192,170
2023-01-20,Pan Integral,Panes,0.25,144,110
2023-01-20,Pan Caracol,Panes,0.25,144,110
2023-01-20,Pan Hamburguesa,Panes,0.4,288,240
2023-01-20,Cachito,Panes,0.25,144,110
2023-01-20,Pan Manjar,Panes,0.3,72,68
2023-01-20,Leche,Abarrotes,4.0,5,2
2023-01-20,Jamon,Abarrotes,2.5,6,3
2023-01-20,Café,Abarrotes,2.0,5,3
2023-01-20,Queso,Abarrotes,3.0,4,3
2023-01-20,Alfajores Pequeños,Bocaditos,0.25,200,150
2023-01-20,Alfajores Grandes,Bocaditos,1.0,100,75
2023-01-20,Galletas Pequeñas,Bocaditos,0.25,200,150
2023-01-20,Galletas Grandes,Bocaditos,1.0,300,290
2023-01-20,Cookie,Bocaditos,2.0,100,70
2023-01-20,Orejitas Pequeñas,Bocaditos,0.25,200,150
2023-01-20,Orejas Grandes,Bocaditos,1.0,100,70
2023-01-20,Beso de Moza,Bocaditos,1.0,80,50
2023-01-20,Caramandugas,Bocaditos,0.25,300,250
2023-01-20,Rosquitas,Bocaditos,0.25,300,250
2023-01-21,Pan Chabatta,Panes,0.25,768,727
2023-01-21,Pan Francés,Panes,0.25,648,614
2023-01-21,Pan Yema Largo,Panes,0.25,360,325
2023-01-21,Pan Yema Redondo,Panes,0.25,360,320
2023-01-21,Pan Chapla,Panes,0.25,144,119
2023-01-21,Pan Coliza,Panes,0.25,192,172
2023-01-21,Pan Integral,Panes,0.25,144,113
2023-01-21,Pan Caracol,Panes,0.25,144,110
2023-01-21,Pan Hamburguesa,Panes,0.4,288,246
2023-01-21,Cachito,Panes,0.25,144,112
2023-01-21,Pan Manjar,Panes,0.3,72,71
2023-01-21,Leche,Abarrotes,4.0,5,2
2023-01-21,Jamon,Abarrotes,2.5,6,3
2023-01-21,Café,Abarrotes,2.0,5,4
2023-01-21,Queso,Abarrotes,3.0,4,4
2023-01-21,Alfajores Pequeños,Bocaditos,0.25,200,153
2023-01-21,Alfajores Grandes,Bocaditos,1.0,100,76
2023-01-21,Galletas Pequeñas,Bocaditos,0.25,200,156
2023-01-21,Galletas Grandes,Bocaditos,1.0,300,294
2023-01-21,Cookie,Bocaditos,2.0,100,74
2023-01-21,Orejitas Pequeñas,Bocaditos,0.25,200,152
2023-01-21,Orejas Grandes,Bocaditos,1.0,100,75
2023-01-21,Beso de Moza,Bocaditos,1.0,80,51
2023-01-21,Caramandugas,Bocaditos,0.25,300,256
2023-01-21,Rosquitas,Bocaditos,0.25,300,258
2023-01-22,Pan Chabatta,Panes,0.25,768,727
2023-01-22,Pan Francés,Panes,0.25,648,616
2023-01-22,Pan Yema Largo,Panes,0.25,360,328
2023-01-22,Pan Yema Redondo,Panes,0.25,360,327
2023-01-22,Pan Chapla,Panes,0.25,144,118
2023-01-22,Pan Coliza,Panes,0.25,192,170
2023-01-22,Pan Integral,Panes,0.25,144,117
2023-01-22,Pan Caracol,Panes,0.25,144,110
2023-01-22,Pan Hamburguesa,Panes,0.4,288,243
2023-01-22,Cachito,Panes,0.25,144,115
2023-01-22,Pan Manjar,Panes,0.3,72,69
2023-01-22,Leche,Abarrotes,4.0,5,4
2023-01-22,Jamon,Abarrotes,2.5,6,4
2023-01-22,Café,Abarrotes,2.0,5,2
2023-01-22,Queso,Abarrotes,3.0,4,4
2023-01-22,Alfajores Pequeños,Bocaditos,0.25,200,156
2023-01-22,Alfajores Grandes,Bocaditos,1.0,100,75
2023-01-22,Galletas Pequeñas,Bocaditos,0.25,200,156
2023-01-22,Galletas Grandes,Bocaditos,1.0,300,295
2023-01-22,Cookie,Bocaditos,2.0,100,72
2023-01-22,Orejitas Pequeñas,Bocaditos,0.25,200,158
2023-01-22,Orejas Grandes,Bocaditos,1.0,100,74
2023-01-22,Beso de Moza,Bocaditos,1.0,80,54
2023-01-22,Caramandugas,Bocaditos,0.25,300,258
2023-01-22,Rosquitas,Bocaditos,0.25,300,255
2023-01-23,Pan Chabatta,Panes,0.25,768,720
2023-01-23,Pan Francés,Panes,0.25,648,610
2023-01-23,Pan Yema Largo,Panes,0.25,360,320
2023-01-23,Pan Yema Redondo,Panes,0.25,360,320
2023-01-23,Pan Chapla,Panes,0.25,144,110
2023-01-23,Pan Coliza,Panes,0.25,192,170
2023-01-23,Pan Integral,Panes,0.25,144,110
2023-01-23,Pan Caracol,Panes,0.25,144,110
2023-01-23,Pan Hamburguesa,Panes,0.4,288,240
2023-01-23,Cachito,Panes,0.25,144,110
2023-01-23,Pan Manjar,Panes,0.3,72,68
2023-01-23,Leche,Abarrotes,4.0,5,2
2023-01-23,Jamon,Abarrotes,2.5,6,3
2023-01-23,Café,Abarrotes,2.0,5,2
2023-01-23,Queso,Abarrotes,3.0,4,2
2023-01-23,Alfajores Pequeños,Bocaditos,0.25,200,150
2023-01-23,Alfajores Grandes,Bocaditos,1.0,100,75
2023-01-23,Galletas Pequeñas,Bocaditos,0.25,200,150
2023-01-23,Galletas Grandes,Bocaditos,1.0,300,290
2023-01-23,Cookie,Bocaditos,2.0,100,70
2023-01-23,Orejitas Pequeñas,Bocaditos,0.25,200,150
2023-01-23,Orejas Grandes,Bocaditos,1.0,100,70
2023-01-23,Beso de Moza,Bocaditos,1.0,80,50
2023-01-23,Caramandugas,Bocaditos,0.25,300,250
2023-01-23,Rosquitas,Bocaditos,0.25,300,250
2023-01-24,Pan Chabatta,Panes,0.25,768,720
2023-01-24,Pan Francés,Panes,0.25,648,610
2023-01-24,Pan Yema Largo,Panes,0.25,360,320
2023-01-24,Pan Yema Redondo,Panes,0.25,360,320
2023-01-24,Pan Chapla,Panes,0.25,144,110
2023-01-24,Pan Coliza,Panes,0.25,192,170
2023-01-24,Pan Integral,Panes,0.25,144,110
2023-01-24,Pan Caracol,Panes,0.25,144,110
2023-01-24,Pan Hamburguesa,Panes,0.4,288,240
2023-01-24,Cachito,Panes,0.25,144,110
2023-01-24,Pan Manjar,Panes,0.3,72,68
2023-01-24,Leche,Abarrotes,4.0,5,3
2023-01-24,Jamon,Abarrotes,2.5,6,3
2023-01-24,Café,Abarrotes,2.0,5,2
2023-01-24,Queso,Abarrotes,3.0,4,2
2023-01-24,Alfajores Pequeños,Bocaditos,0.25,200,150
2023-01-24,Alfajores Grandes,Bocaditos,1.0,100,75
2023-01-24,Galletas Pequeñas,Bocaditos,0.25,200,150
2023-01-24,Galletas Grandes,Bocaditos,1.0,300,290
2023-01-24,Cookie,Bocaditos,2.0,100,70
2023-01-24,Orejitas Pequeñas,Bocaditos,0.25,200,150
2023-01-24,Orejas Grandes,Bocaditos,1.0,100,70
2023-01-24,Beso de Moza,Bocaditos,1.0,80,50
2023-01-24,Caramandugas,Bocaditos,0.25,300,250
2023-01-24,Rosquitas,Bocaditos,0.25,300,250
2023-01-25,Pan Chabatta,Panes,0.25,768,720
2023-01-25,Pan Francés,Panes,0.25,648,610
2023-01-25,Pan Yema Largo,Panes,0.25,360,320
2023-01-25,Pan Yema Redondo,Panes,0.25,360,320
2023-01-25,Pan Chapla,Panes,0.25,144,110
2023-01-25,Pan Coliza,Panes,0.25,192,170
2023-01-25,Pan Integral,Panes,0.25,144,110
2023-01-25,Pan Caracol,Panes,0.25,144,110
2023-01-25,Pan Hamburguesa,Panes,0.4,288,240
2023-01-25,Cachito,Panes,0.25,144,110
2023-01-25,Pan Manjar,Panes,0.3,72,68
2023-01-25,Leche,Abarrotes,4.0,5,2
2023-01-25,Jamon,Abarrotes,2.5,6,4
2023-01-25,Café,Abarrotes,2.0,5,2
2023-01-25,Queso,Abarrotes,3.0,4,2
2023-01-25,Alfajores Pequeños,Bocaditos,0.25,200,150
2023-01-25,Alfajores Grandes,Bocaditos,1.0,100,75
2023-01-25,Galletas Pequeñas,Bocaditos,0.25,200,150
2023-01-25,Galletas Grandes,Bocaditos,1.0,300,290
2023-01-25,Cookie,Bocaditos,2.0,100,70
2023-01-25,Orejitas Pequeñas,Bocaditos,0.25,200,150
2023-01-25,Orejas Grandes,Bocaditos,1.0,100,70
2023-01-25,Beso de Moza,Bocaditos,1.0,80,50
2023-01-25,Caramandugas,Bocaditos,0.25,300,250
2023-01-25,Rosquitas,Bocaditos,0.25,300,250
2023-01-26,Pan Chabatta,Panes,0.25,768,720
2023-01-26,Pan Francés,Panes,0.25,648,610
2023-01-26,Pan Yema Largo,Panes,0.25,360,320
2023-01-26,Pan Yema Redondo,Panes,0.25,360,320
2023-01-26,Pan Chapla,Panes,0.25,144,110
2023-01-26,Pan Coliza,Panes,0.25,192,170
2023-01-26,Pan Integral,Panes,0.25,144,110
2023-01-26,Pan Caracol,Panes,0.25,144,110
2023-01-26,Pan Hamburguesa,Panes,0.4,288,240
2023-01-26,Cachito,Panes,0.25,144,110
2023-01-26,Pan Manjar,Panes,0.3,72,68
2023-01-26,Leche,Abarrotes,4.0,5,2
2023-01-26,Jamon,Abarrotes,2.5,6,3
2023-01-26,Café,Abarrotes,2.0,5,2
2023-01-26,Queso,Abarrotes,3.0,4,2
2023-01-26,Alfajores Pequeños,Bocaditos,0.25,200,150
2023-01-26,Alfajores Grandes,Bocaditos,1.0,100,75
2023-01-26,Galletas Pequeñas,Bocaditos,0.25,200,150
2023-01-26,Galletas Grandes,Bocaditos,1.0,300,290
2023-01-26,Cookie,Bocaditos,2.0,100,70
2023-01-26,Orejitas Pequeñas,Bocaditos,0.25,200,150
2023-01-26,Orejas Grandes,Bocaditos,1.0,100,70
2023-01-26,Beso de Moza,Bocaditos,1.0,80,50
2023-01-26,Caramandugas,Bocaditos,0.25,300,250
2023-01-26,Rosquitas,Bocaditos,0.25,300,250
2023-01-27,Pan Chabatta,Panes,0.25,768,720
2023-01-27,Pan Francés,Panes,0.25,648,610
2023-01-27,Pan Yema Largo,Panes,0.25,360,320
2023-01-27,Pan Yema Redondo,Panes,0.25,360,320
2023-01-27,Pan Chapla,Panes,0.25,144,110
2023-01-27,Pan Coliza,Panes,0.25,192,170
2023-01-27,Pan Integral,Panes,0.25,144,110
2023-01-27,Pan Caracol,Panes,0.25,144,110
2023-01-27,Pan Hamburguesa,Panes,0.4,288,240
2023-01-27,Cachito,Panes,0.25,144,110
2023-01-27,Pan Manjar,Panes,0.3,72,68
2023-01-27,Leche,Abarrotes,4.0,5,2
2023-01-27,Jamon,Abarrotes,2.5,6,5
2023-01-27,Café,Abarrotes,2.0,5,3
2023-01-27,Queso,Abarrotes,3.0,4,2
2023-01-27,Alfajores Pequeños,Bocaditos,0.25,200,150
2023-01-27,Alfajores Grandes,Bocaditos,1.0,100,75
2023-01-27,Galletas Pequeñas,Bocaditos,0.25,200,150
2023-01-27,Galletas Grandes,Bocaditos,1.0,300,290
2023-01-27,Cookie,Bocaditos,2.0,100,70
2023-01-27,Orejitas Pequeñas,Bocaditos,0.25,200,150
2023-01-27,Orejas Grandes,Bocaditos,1.0,100,70
2023-01-27,Beso de Moza,Bocaditos,1.0,80,50
2023-01-27,Caramandugas,Bocaditos,0.25,300,250
2023-01-27,Rosquitas,Bocaditos,0.25,300,250
2023-01-28,Pan Chabatta,Panes,0.25,768,722
2023-01-28,Pan Francés,Panes,0.25,648,617
2023-01-28,Pan Yema Largo,Panes,0.25,360,328
2023-01-28,Pan Yema Redondo,Panes,0.25,360,329
2023-01-28,Pan Chapla,Panes,0.25,144,115
2023-01-28,Pan Coliza,Panes,0.25,192,170
2023-01-28,Pan Integral,Panes,0.25,144,118
2023-01-28,Pan Caracol,Panes,0.25,144,113
2023-01-28,Pan Hamburguesa,Panes,0.4,288,241
2023-01-28,Cachito,Panes,0.25,144,116
2023-01-28,Pan Manjar,Panes,0.3,72,70
2023-01-28,Leche,Abarrotes,4.0,5,2
2023-01-28,Jamon,Abarrotes,2.5,6,3
2023-01-28,Café,Abarrotes,2.0,5,3
2023-01-28,Queso,Abarrotes,3.0,4,4
2023-01-28,Alfajores Pequeños,Bocaditos,0.25,200,158
2023-01-28,Alfajores Grandes,Bocaditos,1.0,100,77
2023-01-28,Galletas Pequeñas,Bocaditos,0.25,200,160
2023-01-28,Galletas Grandes,Bocaditos,1.0,300,293
2023-01-28,Cookie,Bocaditos,2.0,100,72
2023-01-28,Orejitas Pequeñas,Bocaditos,0.25,200,152
2023-01-28,Orejas Grandes,Bocaditos,1.0,100,74
2023-01-28,Beso de Moza,Bocaditos,1.0,80,52
2023-01-28,Caramandugas,Bocaditos,0.25,300,254
2023-01-28,Rosquitas,Bocaditos,0.25,300,259
2023-01-29,Pan Chabatta,Panes,0.25,768,735
2023-01-29,Pan Francés,Panes,0.25,648,611
2023-01-29,Pan Yema Largo,Panes,0.25,360,326
2023-01-29,Pan Yema Redondo,Panes,0.25,360,327
2023-01-29,Pan Chapla,Panes,0.25,144,120
2023-01-29,Pan Coliza,Panes,0.25,192,172
2023-01-29,Pan Integral,Panes,0.25,144,114
2023-01-29,Pan Caracol,Panes,0.25,144,116
2023-01-29,Pan Hamburguesa,Panes,0.4,288,244
2023-01-29,Cachito,Panes,0.25,144,116
2023-01-29,Pan Manjar,Panes,0.3,72,69
2023-01-29,Leche,Abarrotes,4.0,5,3
2023-01-29,Jamon,Abarrotes,2.5,6,4
2023-01-29,Café,Abarrotes,2.0,5,2
2023-01-29,Queso,Abarrotes,3.0,4,4
2023-01-29,Alfajores Pequeños,Bocaditos,0.25,200,159
2023-01-29,Alfajores Grandes,Bocaditos,1.0,100,76
2023-01-29,Galletas Pequeñas,Bocaditos,0.25,200,157
2023-01-29,Galletas Grandes,Bocaditos,1.0,300,290
2023-01-29,Cookie,Bocaditos,2.0,100,73
2023-01-29,Orejitas Pequeñas,Bocaditos,0.25,200,157
2023-01-29,Orejas Grandes,Bocaditos,1.0,100,70
2023-01-29,Beso de Moza,Bocaditos,1.0,80,50
2023-01-29,Caramandugas,Bocaditos,0.25,300,260
2023-01-29,Rosquitas,Bocaditos,0.25,300,259
2023-01-30,Pan Chabatta,Panes,0.25,768,720
2023-01-30,Pan Francés,Panes,0.25,648,610
2023-01-30,Pan Yema Largo,Panes,0.25,360,320
2023-01-30,Pan Yema Redondo,Panes,0.25,360,320
2023-01-30,Pan Chapla,Panes,0.25,144,110
2023-01-30,Pan Coliza,Panes,0.25,192,170
2023-01-30,Pan Integral,Panes,0.25,144,110
2023-01-30,Pan Caracol,Panes,0.25,144,110
2023-01-30,Pan Hamburguesa,Panes,0.4,288,240
2023-01-30,Cachito,Panes,0.25,144,110
2023-01-30,Pan Manjar,Panes,0.3,72,68
2023-01-30,Leche,Abarrotes,4.0,5,2
2023-01-30,Jamon,Abarrotes,2.5,6,3
2023-01-30,Café,Abarrotes,2.0,5,2
2023-01-30,Queso,Abarrotes,3.0,4,2
2023-01-30,Alfajores Pequeños,Bocaditos,0.25,200,150
2023-01-30,Alfajores Grandes,Bocaditos,1.0,100,75
2023-01-30,Galletas Pequeñas,Bocaditos,0.25,200,150
2023-01-30,Galletas Grandes,Bocaditos,1.0,300,290
2023-01-30,Cookie,Bocaditos,2.0,100,70
2023-01-30,Orejitas Pequeñas,Bocaditos,0.25,200,150
2023-01-30,Orejas Grandes,Bocaditos,1.0,100,70
2023-01-30,Beso de Moza,Bocaditos,1.0,80,50
2023-01-30,Caramandugas,Bocaditos,0.25,300,250
2023-01-30,Rosquitas,Bocaditos,0.25,300,250
2023-01-31,Pan Chabatta,Panes,0.25,768,720
2023-01-31,Pan Francés,Panes,0.25,648,610
2023-01-31,Pan Yema Largo,Panes,0.25,360,320
2023-01-31,Pan Yema Redondo,Panes,0.25,360,320
2023-01-31,Pan Chapla,Panes,0.25,144,110
2023-01-31,Pan Coliza,Panes,0.25,192,170
2023-01-31,Pan Integral,Panes,0.25,144,110
2023-01-31,Pan Caracol,Panes,0.25,144,110
2023-01-31,Pan Hamburguesa,Panes,0.4,288,240
2023-01-31,Cachito,Panes,0.25,144,110
2023-01-31,Pan Manjar,Panes,0.3,72,68
2023-01-31,Leche,Abarrotes,4.0,5,3
2023-01-31,Jamon,Abarrotes,2.5,6,3
2023-01-31,Café,Abarrotes,2.0,5,2
2023-01-31,Queso,Abarrotes,3.0,4,2
2023-01-31,Alfajores Pequeños,Bocaditos,0.25,200,150
2023-01-31,Alfajores Grandes,Bocaditos,1.0,100,75
2023-01-31,Galletas Pequeñas,Bocaditos,0.25,200,150
2023-01-31,Galletas Grandes,Bocaditos,1.0,300,290
2023-01-31,Cookie,Bocaditos,2.0,100,70
2023-01-31,Orejitas Pequeñas,Bocaditos,0.25,200,150
2023-01-31,Orejas Grandes,Bocaditos,1.0,100,70
2023-01-31,Beso de Moza,Bocaditos,1.0,80,50
2023-01-31,Caramandugas,Bocaditos,0.25,300,250
2023-01-31,Rosquitas,Bocaditos,0.25,300,250
2023-02-01,Pan Chabatta,Panes,0.25,768,720
2023-02-01,Pan Francés,Panes,0.25,648,610
2023-02-01,Pan Yema Largo,Panes,0.25,360,320
2023-02-01,Pan Yema Redondo,Panes,0.25,360,320
2023-02-01,Pan Chapla,Panes,0.25,144,110
2023-02-01,Pan Coliza,Panes,0.25,192,170
2023-02-01,Pan Integral,Panes,0.25,144,110
2023-02-01,Pan Caracol,Panes,0.25,144,110
2023-02-01,Pan Hamburguesa,Panes,0.4,288,240
2023-02-01,Cachito,Panes,0.25,144,110
2023-02-01,Pan Manjar,Panes,0.3,72,68
2023-02-01,Leche,Abarrotes,4.0,5,2
2023-02-01,Jamon,Abarrotes,2.5,6,4
2023-02-01,Café,Abarrotes,2.0,5,2
2023-02-01,Queso,Abarrotes,3.0,4,2
2023-02-01,Alfajores Pequeños,Bocaditos,0.25,200,150
2023-02-01,Alfajores Grandes,Bocaditos,1.0,100,75
2023-02-01,Galletas Pequeñas,Bocaditos,0.25,200,150
2023-02-01,Galletas Grandes,Bocaditos,1.0,300,290
2023-02-01,Cookie,Bocaditos,2.0,100,70
2023-02-01,Orejitas Pequeñas,Bocaditos,0.25,200,150
2023-02-01,Orejas Grandes,Bocaditos,1.0,100,70
2023-02-01,Beso de Moza,Bocaditos,1.0,80,50
2023-02-01,Caramandugas,Bocaditos,0.25,300,250
2023-02-01,Rosquitas,Bocaditos,0.25,300,250
2023-02-02,Pan Chabatta,Panes,0.25,768,720
2023-02-02,Pan Francés,Panes,0.25,648,610
2023-02-02,Pan Yema Largo,Panes,0.25,360,320
2023-02-02,Pan Yema Redondo,Panes,0.25,360,320
2023-02-02,Pan Chapla,Panes,0.25,144,110
2023-02-02,Pan Coliza,Panes,0.25,192,170
2023-02-02,Pan Integral,Panes,0.25,144,110
2023-02-02,Pan Caracol,Panes,0.25,144,110
2023-02-02,Pan Hamburguesa,Panes,0.4,288,240
2023-02-02,Cachito,Panes,0.25,144,110
2023-02-02,Pan Manjar,Panes,0.3,72,68
2023-02-02,Leche,Abarrotes,4.0,5,2
2023-02-02,Jamon,Abarrotes,2.5,6,5
2023-02-02,Café,Abarrotes,2.0,5,2
2023-02-02,Queso,Abarrotes,3.0,4,3
2023-02-02,Alfajores Pequeños,Bocaditos,0.25,200,150
2023-02-02,Alfajores Grandes,Bocaditos,1.0,100,75
2023-02-02,Galletas Pequeñas,Bocaditos,0.25,200,150
2023-02-02,Galletas Grandes,Bocaditos,1.0,300,290
2023-02-02,Cookie,Bocaditos,2.0,100,70
2023-02-02,Orejitas Pequeñas,Bocaditos,0.25,200,150
2023-02-02,Orejas Grandes,Bocaditos,1.0,100,70
2023-02-02,Beso de Moza,Bocaditos,1.0,80,50
2023-02-02,Caramandugas,Bocaditos,0.25,300,250
2023-02-02,Rosquitas,Bocaditos,0.25,300,250
2023-02-03,Pan Chabatta,Panes,0.25,768,720
2023-02-03,Pan Francés,Panes,0.25,648,610
2023-02-03,Pan Yema Largo,Panes,0.25,360,320
2023-02-03,Pan Yema Redondo,Panes,0.25,360,320
2023-02-03,Pan Chapla,Panes,0.25,144,110
2023-02-03,Pan Coliza,Panes,0.25,192,170
2023-02-03,Pan Integral,Panes,0.25,144,110
2023-02-03,Pan Caracol,Panes,0.25,144,110
2023-02-03,Pan Hamburguesa,Panes,0.4,288,240
2023-02-03,Cachito,Panes,0.25,144,110
2023-02-03,Pan Manjar,Panes,0.3,72,68
2023-02-03,Leche,Abarrotes,4.0,5,2
2023-02-03,Jamon,Abarrotes,2.5,6,5
2023-02-03,Café,Abarrotes,2.0,5,2
2023-02-03,Queso,Abarrotes,3.0,4,2
2023-02-03,Alfajores Pequeños,Bocaditos,0.25,200,150
2023-02-03,Alfajores Grandes,Bocaditos,1.0,100,75
2023-02-03,Galletas Pequeñas,Bocaditos,0.25,200,150
2023-02-03,Galletas Grandes,Bocaditos,1.0,300,290
2023-02-03,Cookie,Bocaditos,2.0,100,70
2023-02-03,Orejitas Pequeñas,Bocaditos,0.25,200,150
2023-02-03,Orejas Grandes,Bocaditos,1.0,100,70
2023-02-03,Beso de Moza,Bocaditos,1.0,80,50
2023-02-03,Caramandugas,Bocaditos,0.25,300,250
2023-02-03,Rosquitas,Bocaditos,0.25,300,250
2023-02-04,Pan Chabatta,Panes,0.25,768,739
2023-02-04,Pan Francés,Panes,0.25,648,614
2023-02-04,Pan Yema Largo,Panes,0.25,360,323
2023-02-04,Pan Yema Redondo,Panes,0.25,360,324
2023-02-04,Pan Chapla,Panes,0.25,144,119
2023-02-04,Pan Coliza,Panes,0.25,192,175
2023-02-04,Pan Integral,Panes,0.25,144,119
2023-02-04,Pan Caracol,Panes,0.25,144,113
2023-02-04,Pan Hamburguesa,Panes,0.4,288,244
2023-02-04,Cachito,Panes,0.25,144,112
2023-02-04,Pan Manjar,Panes,0.3,72,69
2023-02-04,Leche,Abarrotes,4.0,5,2
2023-02-04,Jamon,Abarrotes,2.5,6,5
2023-02-04,Café,Abarrotes,2.0,5,2
2023-02-04,Queso,Abarrotes,3.0,4,3
2023-02-04,Alfajores Pequeños,Bocaditos,0.25,200,156
2023-02-04,Alfajores Grandes,Bocaditos,1.0,100,79
2023-02-04,Galletas Pequeñas,Bocaditos,0.25,200,157
2023-02-04,Galletas Grandes,Bocaditos,1.0,300,291
2023-02-04,Cookie,Bocaditos,2.0,100,70
2023-02-04,Orejitas Pequeñas,Bocaditos,0.25,200,156
2023-02-04,Orejas Grandes,Bocaditos,1.0,100,75
2023-02-04,Beso de Moza,Bocaditos,1.0,80,55
2023-02-04,Caramandugas,Bocaditos,0.25,300,255
2023-02-04,Rosquitas,Bocaditos,0.25,300,256
2023-02-05,Pan Chabatta,Panes,0.25,768,739
2023-02-05,Pan Francés,Panes,0.25,648,620
2023-02-05,Pan Yema Largo,Panes,0.25,360,326
2023-02-05,Pan Yema Redondo,Panes,0.25,360,327
2023-02-05,Pan Chapla,Panes,0.25,144,117
2023-02-05,Pan Coliza,Panes,0.25,192,172
2023-02-05,Pan Integral,Panes,0.25,144,116
2023-02-05,Pan Caracol,Panes,0.25,144,119
2023-02-05,Pan Hamburguesa,Panes,0.4,288,247
2023-02-05,Cachito,Panes,0.25,144,112
2023-02-05,Pan Manjar,Panes,0.3,72,69
2023-02-05,Leche,Abarrotes,4.0,5,3
2023-02-05,Jamon,Abarrotes,2.5,6,5
2023-02-05,Café,Abarrotes,2.0,5,5
2023-02-05,Queso,Abarrotes,3.0,4,4
2023-02-05,Alfajores Pequeños,Bocaditos,0.25,200,153
2023-02-05,Alfajores Grandes,Bocaditos,1.0,100,75
2023-02-05,Galletas Pequeñas,Bocaditos,0.25,200,153
2023-02-05,Galletas Grandes,Bocaditos,1.0,300,291
2023-02-05,Cookie,Bocaditos,2.0,100,72
2023-02-05,Orejitas Pequeñas,Bocaditos,0.25,200,159
2023-02-05,Orejas Grandes,Bocaditos,1.0,100,71
2023-02-05,Beso de Moza,Bocaditos,1.0,80,55
2023-02-05,Caramandugas,Bocaditos,0.25,300,251
2023-02-05,Rosquitas,Bocaditos,0.25,300,256
2023-02-06,Pan Chabatta,Panes,0.25,768,720
2023-02-06,Pan Francés,Panes,0.25,648,610
2023-02-06,Pan Yema Largo,Panes,0.25,360,320
2023-02-06,Pan Yema Redondo,Panes,0.25,360,320
2023-02-06,Pan Chapla,Panes,0.25,144,110
2023-02-06,Pan Coliza,Panes,0.25,192,170
2023-02-06,Pan Integral,Panes,0.25,144,110
2023-02-06,Pan Caracol,Panes,0.25,144,110
2023-02-06,Pan Hamburguesa,Panes,0.4,288,240
2023-02-06,Cachito,Panes,0.25,144,110
2023-02-06,Pan Manjar,Panes,0.3,72,68
2023-02-06,Leche,Abarrotes,4.0,5,2
2023-02-06,Jamon,Abarrotes,2.5,6,3
2023-02-06,Café,Abarrotes,2.0,5,3
2023-02-06,Queso,Abarrotes,3.0,4,2
2023-02-06,Alfajores Pequeños,Bocaditos,0.25,200,150
2023-02-06,Alfajores Grandes,Bocaditos,1.0,100,75
2023-02-06,Galletas Pequeñas,Bocaditos,0.25,200,150
2023-02-06,Galletas Grandes,Bocaditos,1.0,300,290
2023-02-06,Cookie,Bocaditos,2.0,100,70
2023-02-06,Orejitas Pequeñas,Bocaditos,0.25,200,150
2023-02-06,Orejas Grandes,Bocaditos,1.0,100,70
2023-02-06,Beso de Moza,Bocaditos,1.0,80,50
2023-02-06,Caramandugas,Bocaditos,0.25,300,250
2023-02-06,Rosquitas,Bocaditos,0.25,300,250
2023-02-07,Pan Chabatta,Panes,0.25,768,720
2023-02-07,Pan Francés,Panes,0.25,648,610
2023-02-07,Pan Yema Largo,Panes,0.25,360,320
2023-02-07,Pan Yema Redondo,Panes,0.25,360,320
2023-02-07,Pan Chapla,Panes,0.25,144,110
2023-02-07,Pan Coliza,Panes,0.25,192,170
2023-02-07,Pan Integral,Panes,0.25,144,110
2023-02-07,Pan Caracol,Panes,0.25,144,110
2023-02-07,Pan Hamburguesa,Panes,0.4,288,240
2023-02-07,Cachito,Panes,0.25,144,110
2023-02-07,Pan Manjar,Panes,0.3,72,68
2023-02-07,Leche,Abarrotes,4.0,5,2
2023-02-07,Jamon,Abarrotes,2.5,6,3
2023-02-07,Café,Abarrotes,2.0,5,2
2023-02-07,Queso,Abarrotes,3.0,4,2
2023-02-07,Alfajores Pequeños,Bocaditos,0.25,200,150
2023-02-07,Alfajores Grandes,Bocaditos,1.0,100,75
2023-02-07,Galletas Pequeñas,Bocaditos,0.25,200,150
2023-02-07,Galletas Grandes,Bocaditos,1.0,300,290
2023-02-07,Cookie,Bocaditos,2.0,100,70
2023-02-07,Orejitas Pequeñas,Bocaditos,0.25,200,150
2023-02-07,Orejas Grandes,Bocaditos,1.0,100,70
2023-02-07,Beso de Moza,Bocaditos,1.0,80,50
2023-02-07,Caramandugas,Bocaditos,0.25,300,250
2023-02-07,Rosquitas,Bocaditos,0.25,300,250
2023-02-08,Pan Chabatta,Panes,0.25,768,720
2023-02-08,Pan Francés,Panes,0.25,648,610
2023-02-08,Pan Yema Largo,Panes,0.25,360,320
2023-02-08,Pan Yema Redondo,Panes,0.25,360,320
2023-02-08,Pan Chapla,Panes,0.25,144,110
2023-02-08,Pan Coliza,Panes,0.25,192,170
2023-02-08,Pan Integral,Panes,0.25,144,110
2023-02-08,Pan Caracol,Panes,0.25,144,110
2023-02-08,Pan Hamburguesa,Panes,0.4,288,240
2023-02-08,Cachito,Panes,0.25,144,110
2023-02-08,Pan Manjar,Panes,0.3,72,68
2023-02-08,Leche,Abarrotes,4.0,5,2
2023-02-08,Jamon,Abarrotes,2.5,6,3
2023-02-08,Café,Abarrotes,2.0,5,2
2023-02-08,Queso,Abarrotes,3.0,4,3
2023-02-08,Alfajores Pequeños,Bocaditos,0.25,200,150
2023-02-08,Alfajores Grandes,Bocaditos,1.0,100,75
2023-02-08,Galletas Pequeñas,Bocaditos,0.25,200,150
2023-02-08,Galletas Grandes,Bocaditos,1.0,300,290
2023-02-08,Cookie,Bocaditos,2.0,100,70
2023-02-08,Orejitas Pequeñas,Bocaditos,0.25,200,150
2023-02-08,Orejas Grandes,Bocaditos,1.0,100,70
2023-02-08,Beso de Moza,Bocaditos,1.0,80,50
2023-02-08,Caramandugas,Bocaditos,0.25,300,250
2023-02-08,Rosquitas,Bocaditos,0.25,300,250
2023-02-09,Pan Chabatta,Panes,0.25,768,720
2023-02-09,Pan Francés,Panes,0.25,648,610
2023-02-09,Pan Yema Largo,Panes,0.25,360,320
2023-02-09,Pan Yema Redondo,Panes,0.25,360,320
2023-02-09,Pan Chapla,Panes,0.25,144,110
2023-02-09,Pan Coliza,Panes,0.25,192,170
2023-02-09,Pan Integral,Panes,0.25,144,110
2023-02-09,Pan Caracol,Panes,0.25,144,110
2023-02-09,Pan Hamburguesa,Panes,0.4,288,240
2023-02-09,Cachito,Panes,0.25,144,110
2023-02-09,Pan Manjar,Panes,0.3,72,68
2023-02-09,Leche,Abarrotes,4.0,5,2
2023-02-09,Jamon,Abarrotes,2.5,6,3
2023-02-09,Café,Abarrotes,2.0,5,2
2023-02-09,Queso,Abarrotes,3.0,4,3
2023-02-09,Alfajores Pequeños,Bocaditos,0.25,200,150
2023-02-09,Alfajores Grandes,Bocaditos,1.0,100,75
2023-02-09,Galletas Pequeñas,Bocaditos,0.25,200,150
2023-02-09,Galletas Grandes,Bocaditos,1.0,300,290
2023-02-09,Cookie,Bocaditos,2.0,100,70
2023-02-09,Orejitas Pequeñas,Bocaditos,0.25,200,150
2023-02-09,Orejas Grandes,Bocaditos,1.0,100,70
2023-02-09,Beso de Moza,Bocaditos,1.0,80,50
2023-02-09,Caramandugas,Bocaditos,0.25,300,250
2023-02-09,Rosquitas,Bocaditos,0.25,300,250
2023-02-10,Pan Chabatta,Panes,0.25,768,720
2023-02-10,Pan Francés,Panes,0.25,648,610
2023-02-10,Pan Yema Largo,Panes,0.25,360,320
2023-02-10,Pan Yema Redondo,Panes,0.25,360,320
2023-02-10,Pan Chapla,Panes,0.25,144,110
2023-02-10,Pan Coliza,Panes,0.25,192,170
2023-02-10,Pan Integral,Panes,0.25,144,110
2023-02-10,Pan Caracol,Panes,0.25,144,110
2023-02-10,Pan Hamburguesa,Panes,0.4,288,240
2023-02-10,Cachito,Panes,0.25,144,110
2023-02-10,Pan Manjar,Panes,0.3,72,68
2023-02-10,Leche,Abarrotes,4.0,5,2
2023-02-10,Jamon,Abarrotes,2.5,6,3
2023-02-10,Café,Abarrotes,2.0,5,2
2023-02-10,Queso,Abarrotes,3.0,4,2
2023-02-10,Alfajores Pequeños,Bocaditos,0.25,200,150
2023-02-10,Alfajores Grandes,Bocaditos,1.0,100,75
2023-02-10,Galletas Pequeñas,Bocaditos,0.25,200,150
2023-02-10,Galletas Grandes,Bocaditos,1.0,300,290
2023-02-10,Cookie,Bocaditos,2.0,100,70
2023-02-10,Orejitas Pequeñas,Bocaditos,0.25,200,150
2023-02-10,Orejas Grandes,Bocaditos,1.0,100,70
2023-02-10,Beso de Moza,Bocaditos,1.0,80,52
2023-02-10,Caramandugas,Bocaditos,0.25,300,250
2023-02-10,Rosquitas,Bocaditos,0.25,300,250
2023-02-11,Pan Chabatta,Panes,0.25,768,732
2023-02-11,Pan Francés,Panes,0.25,648,615
2023-02-11,Pan Yema Largo,Panes,0.25,360,325
2023-02-11,Pan Yema Redondo,Panes,0.25,360,328
2023-02-11,Pan Chapla,Panes,0.25,144,118
2023-02-11,Pan Coliza,Panes,0.25,192,172
2023-02-11,Pan Integral,Panes,0.25,144,118
2023-02-11,Pan Caracol,Panes,0.25,144,114
2023-02-11,Pan Hamburguesa,Panes,0.4,288,242
2023-02-11,Cachito,Panes,0.25,144,114
2023-02-11,Pan Manjar,Panes,0.3,72,69
2023-02-11,Leche,Abarrotes,4.0,5,2
2023-02-11,Jamon,Abarrotes,2.5,6,3
2023-02-11,Café,Abarrotes,2.0,5,3
2023-02-11,Queso,Abarrotes,3.0,4,2
2023-02-11,Alfajores Pequeños,Bocaditos,0.25,200,156
2023-02-11,Alfajores Grandes,Bocaditos,1.0,100,76
2023-02-11,Galletas Pequeñas,Bocaditos,0.25,200,160
2023-02-11,Galletas Grandes,Bocaditos,1.0,300,290
2023-02-11,Cookie,Bocaditos,2.0,100,70
2023-02-11,Orejitas Pequeñas,Bocaditos,0.25,200,152
2023-02-11,Orejas Grandes,Bocaditos,1.0,100,71
2023-02-11,Beso de Moza,Bocaditos,1.0,80,50
2023-02-11,Caramandugas,Bocaditos,0.25,300,252
2023-02-11,Rosquitas,Bocaditos,0.25,300,255
2023-02-12,Pan Chabatta,Panes,0.25,768,728
2023-02-12,Pan Francés,Panes,0.25,648,610
2023-02-12,Pan Yema Largo,Panes,0.25,360,323
2023-02-12,Pan Yema Redondo,Panes,0.25,360,325
2023-02-12,Pan Chapla,Panes,0.25,144,114
2023-02-12,Pan Coliza,Panes,0.25,192,176
2023-02-12,Pan Integral,Panes,0.25,144,114
2023-02-12,Pan Caracol,Panes,0.25,144,119
2023-02-12,Pan Hamburguesa,Panes,0.4,288,246
2023-02-12,Cachito,Panes,0.25,144,118
2023-02-12,Pan Manjar,Panes,0.3,72,70
2023-02-12,Leche,Abarrotes,4.0,5,2
2023-02-12,Jamon,Abarrotes,2.5,6,4
2023-02-12,Café,Abarrotes,2.0,5,2
2023-02-12,Queso,Abarrotes,3.0,4,2
2023-02-12,Alfajores Pequeños,Bocaditos,0.25,200,153
2023-02-12,Alfajores Grandes,Bocaditos,1.0,100,75
2023-02-12,Galletas Pequeñas,Bocaditos,0.25,200,159
2023-02-12,Galletas Grandes,Bocaditos,1.0,300,290
2023-02-12,Cookie,Bocaditos,2.0,100,73
2023-02-12,Orejitas Pequeñas,Bocaditos,0.25,200,154
2023-02-12,Orejas Grandes,Bocaditos,1.0,100,74
2023-02-12,Beso de Moza,Bocaditos,1.0,80,55
2023-02-12,Caramandugas,Bocaditos,0.25,300,256
2023-02-12,Rosquitas,Bocaditos,0.25,300,255
2023-02-13,Pan Chabatta,Panes,0.25,768,720
2023-02-13,Pan Francés,Panes,0.25,648,610
2023-02-13,Pan Yema Largo,Panes,0.25,360,320
2023-02-13,Pan Yema Redondo,Panes,0.25,360,320
2023-02-13,Pan Chapla,Panes,0.25,144,110
2023-02-13,Pan Coliza,Panes,0.25,192,170
2023-02-13,Pan Integral,Panes,0.25,144,110
2023-02-13,Pan Caracol,Panes,0.25,144,110
2023-02-13,Pan Hamburguesa,Panes,0.4,288,240
2023-02-13,Cachito,Panes,0.25,144,110
2023-02-13,Pan Manjar,Panes,0.3,72,68
2023-02-13,Leche,Abarrotes,4.0,5,2
2023-02-13,Jamon,Abarrotes,2.5,6,4
2023-02-13,Café,Abarrotes,2.0,5,2
2023-02-13,Queso,Abarrotes,3.0,4,2
2023-02-13,Alfajores Pequeños,Bocaditos,0.25,200,150
2023-02-13,Alfajores Grandes,Bocaditos,1.0,100,75
2023-02-13,Galletas Pequeñas,Bocaditos,0.25,200,150
2023-02-13,Galletas Grandes,Bocaditos,1.0,300,290
2023-02-13,Cookie,Bocaditos,2.0,100,70
2023-02-13,Orejitas Pequeñas,Bocaditos,0.25,200,150
2023-02-13,Orejas Grandes,Bocaditos,1.0,100,70
2023-02-13,Beso de Moza,Bocaditos,1.0,80,50
2023-02-13,Caramandugas,Bocaditos,0.25,300,250
2023-02-13,Rosquitas,Bocaditos,0.25,300,250
2023-02-14,Pan Chabatta,Panes,0.25,768,720
2023-02-14,Pan Francés,Panes,0.25,648,610
2023-02-14,Pan Yema Largo,Panes,0.25,360,320
2023-02-14,Pan Yema Redondo,Panes,0.25,360,320
2023-02-14,Pan Chapla,Panes,0.25,144,110
2023-02-14,Pan Coliza,Panes,0.25,192,170
2023-02-14,Pan Integral,Panes,0.25,144,110
2023-02-14,Pan Caracol,Panes,0.25,144,110
2023-02-14,Pan Hamburguesa,Panes,0.4,288,240
2023-02-14,Cachito,Panes,0.25,144,110
2023-02-14,Pan Manjar,Panes,0.3,72,68
2023-02-14,Leche,Abarrotes,4.0,5,2
2023-02-14,Jamon,Abarrotes,2.5,6,3
2023-02-14,Café,Abarrotes,2.0,5,4
2023-02-14,Queso,Abarrotes,3.0,4,2
2023-02-14,Alfajores Pequeños,Bocaditos,0.25,200,150
2023-02-14,Alfajores Grandes,Bocaditos,1.0,100,75
2023-02-14,Galletas Pequeñas,Bocaditos,0.25,200,150
2023-02-14,Galletas Grandes,Bocaditos,1.0,300,290
2023-02-14,Cookie,Bocaditos,2.0,100,70
2023-02-14,Orejitas Pequeñas,Bocaditos,0.25,200,150
2023-02-14,Orejas Grandes,Bocaditos,1.0,100,70
2023-02-14,Beso de Moza,Bocaditos,1.0,80,50
2023-02-14,Caramandugas,Bocaditos,0.25,300,250
2023-02-14,Rosquitas,Bocaditos,0.25,300,250
2023-02-15,Pan Chabatta,Panes,0.25,768,720
2023-02-15,Pan Francés,Panes,0.25,648,610
2023-02-15,Pan Yema Largo,Panes,0.25,360,320
2023-02-15,Pan Yema Redondo,Panes,0.25,360,320
2023-02-15,Pan Chapla,Panes,0.25,144,110
2023-02-15,Pan Coliza,Panes,0.25,192,170
2023-02-15,Pan Integral,Panes,0.25,144,110
2023-02-15,Pan Caracol,Panes,0.25,144,110
2023-02-15,Pan Hamburguesa,Panes,0.4,288,240
2023-02-15,Cachito,Panes,0.25,144,110
2023-02-15,Pan Manjar,Panes,0.3,72,68
2023-02-15,Leche,Abarrotes,4.0,5,4
2023-02-15,Jamon,Abarrotes,2.5,6,3
2023-02-15,Café,Abarrotes,2.0,5,2
2023-02-15,Queso,Abarrotes,3.0,4,2
2023-02-15,Alfajores Pequeños,Bocaditos,0.25,200,150
2023-02-15,Alfajores Grandes,Bocaditos,1.0,100,75
2023-02-15,Galletas Pequeñas,Bocaditos,0.25,200,150
2023-02-15,Galletas Grandes,Bocaditos,1.0,300,290
2023-02-15,Cookie,Bocaditos,2.0,100,70
2023-02-15,Orejitas Pequeñas,Bocaditos,0.25,200,150
2023-02-15,Orejas Grandes,Bocaditos,1.0,100,70
2023-02-15,Beso de Moza,Bocaditos,1.0,80,50
2023-02-15,Caramandugas,Bocaditos,0.25,300,250
2023-02-15,Rosquitas,Bocaditos,0.25,300,250
2023-02-16,Pan Chabatta,Panes,0.25,768,720
2023-02-16,Pan Francés,Panes,0.25,648,610
2023-02-16,Pan Yema Largo,Panes,0.25,360,320
2023-02-16,Pan Yema Redondo,Panes,0.25,360,320
2023-02-16,Pan Chapla,Panes,0.25,144,110
2023-02-16,Pan Coliza,Panes,0.25,192,170
2023-02-16,Pan Integral,Panes,0.25,144,110
2023-02-16,Pan Caracol,Panes,0.25,144,110
2023-02-16,Pan Hamburguesa,Panes,0.4,288,240
2023-02-16,Cachito,Panes,0.25,144,110
2023-02-16,Pan Manjar,Panes,0.3,72,68
2023-02-16,Leche,Abarrotes,4.0,5,2
2023-02-16,Jamon,Abarrotes,2.5,6,4
2023-02-16,Café,Abarrotes,2.0,5,2
2023-02-16,Queso,Abarrotes,3.0,4,2
2023-02-16,Alfajores Pequeños,Bocaditos,0.25,200,150
2023-02-16,Alfajores Grandes,Bocaditos,1.0,100,75
2023-02-16,Galletas Pequeñas,Bocaditos,0.25,200,150
2023-02-16,Galletas Grandes,Bocaditos,1.0,300,290
2023-02-16,Cookie,Bocaditos,2.0,100,70
2023-02-16,Orejitas Pequeñas,Bocaditos,0.25,200,150
2023-02-16,Orejas Grandes,Bocaditos,1.0,100,70
2023-02-16,Beso de Moza,Bocaditos,1.0,80,50
2023-02-16,Caramandugas,Bocaditos,0.25,300,250
2023-02-16,Rosquitas,Bocaditos,0.25,300,250
2023-02-17,Pan Chabatta,Panes,0.25,768,720
2023-02-17,Pan Francés,Panes,0.25,648,610
2023-02-17,Pan Yema Largo,Panes,0.25,360,320
2023-02-17,Pan Yema Redondo,Panes,0.25,360,320
2023-02-17,Pan Chapla,Panes,0.25,144,110
2023-02-17,Pan Coliza,Panes,0.25,192,170
2023-02-17,Pan Integral,Panes,0.25,144,110
2023-02-17,Pan Caracol,Panes,0.25,144,110
2023-02-17,Pan Hamburguesa,Panes,0.4,288,240
2023-02-17,Cachito,Panes,0.25,144,110
2023-02-17,Pan Manjar,Panes,0.3,72,68
2023-02-17,Leche,Abarrotes,4.0,5,2
2023-02-17,Jamon,Abarrotes,2.5,6,4
2023-02-17,Café,Abarrotes,2.0,5,3
2023-02-17,Queso,Abarrotes,3.0,4,2
2023-02-17,Alfajores Pequeños,Bocaditos,0.25,200,150
2023-02-17,Alfajores Grandes,Bocaditos,1.0,100,75
2023-02-17,Galletas Pequeñas,Bocaditos,0.25,200,150
2023-02-17,Galletas Grandes,Bocaditos,1.0,300,290
2023-02-17,Cookie,Bocaditos,2.0,100,70
2023-02-17,Orejitas Pequeñas,Bocaditos,0.25,200,150
2023-02-17,Orejas Grandes,Bocaditos,1.0,100,70
2023-02-17,Beso de Moza,Bocaditos,1.0,80,52
2023-02-17,Caramandugas,Bocaditos,0.25,300,250
2023-02-17,Rosquitas,Bocaditos,0.25,300,250
2023-02-18,Pan Chabatta,Panes,0.25,768,740
2023-02-18,Pan Francés,Panes,0.25,648,618
2023-02-18,Pan Yema Largo,Panes,0.25,360,326
2023-02-18,Pan Yema Redondo,Panes,0.25,360,327
2023-02-18,Pan Chapla,Panes,0.25,144,119
2023-02-18,Pan Coliza,Panes,0.25,192,172
2023-02-18,Pan Integral,Panes,0.25,144,115
2023-02-18,Pan Caracol,Panes,0.25,144,111
2023-02-18,Pan Hamburguesa,Panes,0.4,288,249
2023-02-18,Cachito,Panes,0.25,144,117
2023-02-18,Pan Manjar,Panes,0.3,72,70
2023-02-18,Leche,Abarrotes,4.0,5,3
2023-02-18,Jamon,Abarrotes,2.5,6,4
2023-02-18,Café,Abarrotes,2.0,5,2
2023-02-18,Queso,Abarrotes,3.0,4,2
2023-02-18,Alfajores Pequeños,Bocaditos,0.25,200,158
2023-02-18,Alfajores Grandes,Bocaditos,1.0,100,79
2023-02-18,Galletas Pequeñas,Bocaditos,0.25,200,151
2023-02-18,Galletas Grandes,Bocaditos,1.0,300,293
2023-02-18,Cookie,Bocaditos,2.0,100,74
2023-02-18,Orejitas Pequeñas,Bocaditos,0.25,200,155
2023-02-18,Orejas Grandes,Bocaditos,1.0,100,75
2023-02-18,Beso de Moza,Bocaditos,1.0,80,55
2023-02-18,Caramandugas,Bocaditos,0.25,300,255
2023-02-18,Rosquitas,Bocaditos,0.25,300,255
2023-02-19,Pan Chabatta,Panes,0.25,768,739
2023-02-19,Pan Francés,Panes,0.25,648,611
2023-02-19,Pan Yema Largo,Panes,0.25,360,325
2023-02-19,Pan Yema Redondo,Panes,0.25,360,327
2023-02-19,Pan Chapla,Panes,0.25,144,112
2023-02-19,Pan Coliza,Panes,0.25,192,173
2023-02-19,Pan Integral,Panes,0.25,144,116
2023-02-19,Pan Caracol,Panes,0.25,144,118
2023-02-19,Pan Hamburguesa,Panes,0.4,288,242
2023-02-19,Cachito,Panes,0.25,144,113
2023-02-19,Pan Manjar,Panes,0.3,72,70
2023-02-19,Leche,Abarrotes,4.0,5,4
2023-02-19,Jamon,Abarrotes,2.5,6,5
2023-02-19,Café,Abarrotes,2.0,5,3
2023-02-19,Queso,Abarrotes,3.0,4,2
2023-02-19,Alfajores Pequeños,Bocaditos,0.25,200,154
2023-02-19,Alfajores Grandes,Bocaditos,1.0,100,80
2023-02-19,Galletas Pequeñas,Bocaditos,0.25,200,153
2023-02-19,Galletas Grandes,Bocaditos,1.0,300,290
2023-02-19,Cookie,Bocaditos,2.0,100,75
2023-02-19,Orejitas Pequeñas,Bocaditos,0.25,200,161
2023-02-19,Orejas Grandes,Bocaditos,1.0,100,76
2023-02-19,Beso de Moza,Bocaditos,1.0,80,59
2023-02-19,Caramandugas,Bocaditos,0.25,300,254
2023-02-19,Rosquitas,Bocaditos,0.25,300,258
2023-02-20,Pan Chabatta,Panes,0.25,768,720
2023-02-20,Pan Francés,Panes,0.25,648,610
2023-02-20,Pan Yema Largo,Panes,0.25,360,320
2023-02-20,Pan Yema Redondo,Panes,0.25,360,320
2023-02-20,Pan Chapla,Panes,0.25,144,110
2023-02-20,Pan Coliza,Panes,0.25,192,170
2023-02-20,Pan Integral,Panes,0.25,144,110
2023-02-20,Pan Caracol,Panes,0.25,144,110
2023-02-20,Pan Hamburguesa,Panes,0.4,288,240
2023-02-20,Cachito,Panes,0.25,144,110
2023-02-20,Pan Manjar,Panes,0.3,72,68
2023-02-20,Leche,Abarrotes,4.0,5,2
2023-02-20,Jamon,Abarrotes,2.5,6,3
2023-02-20,Café,Abarrotes,2.0,5,2
2023-02-20,Queso,Abarrotes,3.0,4,2
2023-02-20,Alfajores Pequeños,Bocaditos,0.25,200,150
2023-02-20,Alfajores Grandes,Bocaditos,1.0,100,75
2023-02-20,Galletas Pequeñas,Bocaditos,0.25,200,150
2023-02-20,Galletas Grandes,Bocaditos,1.0,300,290
2023-02-20,Cookie,Bocaditos,2.0,100,70
2023-02-20,Orejitas Pequeñas,Bocaditos,0.25,200,150
2023-02-20,Orejas Grandes,Bocaditos,1.0,100,70
2023-02-20,Beso de Moza,Bocaditos,1.0,80,50
2023-02-20,Caramandugas,Bocaditos,0.25,300,250
2023-02-20,Rosquitas,Bocaditos,0.25,300,250
2023-02-21,Pan Chabatta,Panes,0.25,768,720
2023-02-21,Pan Francés,Panes,0.25,648,610
2023-02-21,Pan Yema Largo,Panes,0.25,360,320
2023-02-21,Pan Yema Redondo,Panes,0.25,360,320
2023-02-21,Pan Chapla,Panes,0.25,144,110
2023-02-21,Pan Coliza,Panes,0.25,192,170
2023-02-21,Pan Integral,Panes,0.25,144,110
2023-02-21,Pan Caracol,Panes,0.25,144,110
2023-02-21,Pan Hamburguesa,Panes,0.4,288,240
2023-02-21,Cachito,Panes,0.25,144,110
2023-02-21,Pan Manjar,Panes,0.3,72,68
2023-02-21,Leche,Abarrotes,4.0,5,2
2023-02-21,Jamon,Abarrotes,2.5,6,3
2023-02-21,Café,Abarrotes,2.0,5,3
2023-02-21,Queso,Abarrotes,3.0,4,2
2023-02-21,Alfajores Pequeños,Bocaditos,0.25,200,150
2023-02-21,Alfajores Grandes,Bocaditos,1.0,100,75
2023-02-21,Galletas Pequeñas,Bocaditos,0.25,200,150
2023-02-21,Galletas Grandes,Bocaditos,1.0,300,290
2023-02-21,Cookie,Bocaditos,2.0,100,70
2023-02-21,Orejitas Pequeñas,Bocaditos,0.25,200,150
2023-02-21,Orejas Grandes,Bocaditos,1.0,100,70
2023-02-21,Beso de Moza,Bocaditos,1.0,80,50
2023-02-21,Caramandugas,Bocaditos,0.25,300,250
2023-02-21,Rosquitas,Bocaditos,0.25,300,250
2023-02-22,Pan Chabatta,Panes,0.25,768,720
2023-02-22,Pan Francés,Panes,0.25,648,610
2023-02-22,Pan Yema Largo,Panes,0.25,360,320
2023-02-22,Pan Yema Redondo,Panes,0.25,360,320
2023-02-22,Pan Chapla,Panes,0.25,144,110
2023-02-22,Pan Coliza,Panes,0.25,192,170
2023-02-22,Pan Integral,Panes,0.25,144,110
2023-02-22,Pan Caracol,Panes,0.25,144,110
2023-02-22,Pan Hamburguesa,Panes,0.4,288,240
2023-02-22,Cachito,Panes,0.25,144,110
2023-02-22,Pan Manjar,Panes,0.3,72,68
2023-02-22,Leche,Abarrotes,4.0,5,2
2023-02-22,Jamon,Abarrotes,2.5,6,3
2023-02-22,Café,Abarrotes,2.0,5,2
2023-02-22,Queso,Abarrotes,3.0,4,2
2023-02-22,Alfajores Pequeños,Bocaditos,0.25,200,150
2023-02-22,Alfajores Grandes,Bocaditos,1.0,100,75
2023-02-22,Galletas Pequeñas,Bocaditos,0.25,200,150
2023-02-22,Galletas Grandes,Bocaditos,1.0,300,290
2023-02-22,Cookie,Bocaditos,2.0,100,70
2023-02-22,Orejitas Pequeñas,Bocaditos,0.25,200,150
2023-02-22,Orejas Grandes,Bocaditos,1.0,100,70
2023-02-22,Beso de Moza,Bocaditos,1.0,80,50
2023-02-22,Caramandugas,Bocaditos,0.25,300,250
2023-02-22,Rosquitas,Bocaditos,0.25,300,250
2023-02-23,Pan Chabatta,Panes,0.25,768,720
2023-02-23,Pan Francés,Panes,0.25,648,610
2023-02-23,Pan Yema Largo,Panes,0.25,360,320
2023-02-23,Pan Yema Redondo,Panes,0.25,360,320
2023-02-23,Pan Chapla,Panes,0.25,144,110
2023-02-23,Pan Coliza,Panes,0.25,192,170
2023-02-23,Pan Integral,Panes,0.25,144,110
2023-02-23,Pan Caracol,Panes,0.25,144,110
2023-02-23,Pan Hamburguesa,Panes,0.4,288,240
2023-02-23,Cachito,Panes,0.25,144,110
2023-02-23,Pan Manjar,Panes,0.3,72,68
2023-02-23,Leche,Abarrotes,4.0,5,2
2023-02-23,Jamon,Abarrotes,2.5,6,3
2023-02-23,Café,Abarrotes,2.0,5,3
2023-02-23,Queso,Abarrotes,3.0,4,2
2023-02-23,Alfajores Pequeños,Bocaditos,0.25,200,150
2023-02-23,Alfajores Grandes,Bocaditos,1.0,100,75
2023-02-23,Galletas Pequeñas,Bocaditos,0.25,200,150
2023-02-23,Galletas Grandes,Bocaditos,1.0,300,290
2023-02-23,Cookie,Bocaditos,2.0,100,70
2023-02-23,Orejitas Pequeñas,Bocaditos,0.25,200,150
2023-02-23,Orejas Grandes,Bocaditos,1.0,100,70
2023-02-23,Beso de Moza,Bocaditos,1.0,80,50
2023-02-23,Caramandugas,Bocaditos,0.25,300,250
2023-02-23,Rosquitas,Bocaditos,0.25,300,250
2023-02-24,Pan Chabatta,Panes,0.25,768,720
2023-02-24,Pan Francés,Panes,0.25,648,610
2023-02-24,Pan Yema Largo,Panes,0.25,360,320
2023-02-24,Pan Yema Redondo,Panes,0.25,360,320
2023-02-24,Pan Chapla,Panes,0.25,144,110
2023-02-24,Pan Coliza,Panes,0.25,192,170
2023-02-24,Pan Integral,Panes,0.25,144,110
2023-02-24,Pan Caracol,Panes,0.25,144,110
2023-02-24,Pan Hamburguesa,Panes,0.4,288,240
2023-02-24,Cachito,Panes,0.25,144,110
2023-02-24,Pan Manjar,Panes,0.3,72,68
2023-02-24,Leche,Abarrotes,4.0,5,2
2023-02-24,Jamon,Abarrotes,2.5,6,4
2023-02-24,Café,Abarrotes,2.0,5,2
2023-02-24,Queso,Abarrotes,3.0,4,2
2023-02-24,Alfajores Pequeños,Bocaditos,0.25,200,150
2023-02-24,Alfajores Grandes,Bocaditos,1.0,100,75
2023-02-24,Galletas Pequeñas,Bocaditos,0.25,200,150
2023-02-24,Galletas Grandes,Bocaditos,1.0,300,290
2023-02-24,Cookie,Bocaditos,2.0,100,70
2023-02-24,Orejitas Pequeñas,Bocaditos,0.25,200,150
2023-02-24,Orejas Grandes,Bocaditos,1.0,100,70
2023-02-24,Beso de Moza,Bocaditos,1.0,80,54
2023-02-24,Caramandugas,Bocaditos,0.25,300,250
2023-02-24,Rosquitas,Bocaditos,0.25,300,250
2023-02-25,Pan Chabatta,Panes,0.25,768,732
2023-02-25,Pan Francés,Panes,0.25,648,619
2023-02-25,Pan Yema Largo,Panes,0.25,360,325
2023-02-25,Pan Yema Redondo,Panes,0.25,360,327
2023-02-25,Pan Chapla,Panes,0.25,144,118
2023-02-25,Pan Coliza,Panes,0.25,192,172
2023-02-25,Pan Integral,Panes,0.25,144,116
2023-02-25,Pan Caracol,Panes,0.25,144,115
2023-02-25,Pan Hamburguesa,Panes,0.4,288,241
2023-02-25,Cachito,Panes,0.25,144,110
2023-02-25,Pan Manjar,Panes,0.3,72,68
2023-02-25,Leche,Abarrotes,4.0,5,2
2023-02-25,Jamon,Abarrotes,2.5,6,5
2023-02-25,Café,Abarrotes,2.0,5,4
2023-02-25,Queso,Abarrotes,3.0,4,2
2023-02-25,Alfajores Pequeños,Bocaditos,0.25,200,154
2023-02-25,Alfajores Grandes,Bocaditos,1.0,100,79
2023-02-25,Galletas Pequeñas,Bocaditos,0.25,200,155
2023-02-25,Galletas Grandes,Bocaditos,1.0,300,291
2023-02-25,Cookie,Bocaditos,2.0,100,73
2023-02-25,Orejitas Pequeñas,Bocaditos,0.25,200,154
2023-02-25,Orejas Grandes,Bocaditos,1.0,100,71
2023-02-25,Beso de Moza,Bocaditos,1.0,80,52
2023-02-25,Caramandugas,Bocaditos,0.25,300,257
2023-02-25,Rosquitas,Bocaditos,0.25,300,257
2023-02-26,Pan Chabatta,Panes,0.25,768,736
2023-02-26,Pan Francés,Panes,0.25,648,618
2023-02-26,Pan Yema Largo,Panes,0.25,360,322
2023-02-26,Pan Yema Redondo,Panes,0.25,360,327
2023-02-26,Pan Chapla,Panes,0.25,144,117
2023-02-26,Pan Coliza,Panes,0.25,192,172
2023-02-26,Pan Integral,Panes,0.25,144,113
2023-02-26,Pan Caracol,Panes,0.25,144,113
2023-02-26,Pan Hamburguesa,Panes,0.4,288,242
2023-02-26,Cachito,Panes,0.25,144,117
2023-02-26,Pan Manjar,Panes,0.3,72,71
2023-02-26,Leche,Abarrotes,4.0,5,2
2023-02-26,Jamon,Abarrotes,2.5,6,3
2023-02-26,Café,Abarrotes,2.0,5,2
2023-02-26,Queso,Abarrotes,3.0,4,3
2023-02-26,Alfajores Pequeños,Bocaditos,0.25,200,151
2023-02-26,Alfajores Grandes,Bocaditos,1.0,100,75
2023-02-26,Galletas Pequeñas,Bocaditos,0.25,200,151
2023-02-26,Galletas Grandes,Bocaditos,1.0,300,291
2023-02-26,Cookie,Bocaditos,2.0,100,71
2023-02-26,Orejitas Pequeñas,Bocaditos,0.25,200,155
2023-02-26,Orejas Grandes,Bocaditos,1.0,100,72
2023-02-26,Beso de Moza,Bocaditos,1.0,80,61
2023-02-26,Caramandugas,Bocaditos,0.25,300,257
2023-02-26,Rosquitas,Bocaditos,0.25,300,251
2023-02-27,Pan Chabatta,Panes,0.25,768,720
2023-02-27,Pan Francés,Panes,0.25,648,610
2023-02-27,Pan Yema Largo,Panes,0.25,360,320
2023-02-27,Pan Yema Redondo,Panes,0.25,360,320
2023-02-27,Pan Chapla,Panes,0.25,144,110
2023-02-27,Pan Coliza,Panes,0.25,192,170
2023-02-27,Pan Integral,Panes,0.25,144,110
2023-02-27,Pan Caracol,Panes,0.25,144,110
2023-02-27,Pan Hamburguesa,Panes,0.4,288,240
2023-02-27,Cachito,Panes,0.25,144,110
2023-02-27,Pan Manjar,Panes,0.3,72,68
2023-02-27,Leche,Abarrotes,4.0,5,3
2023-02-27,Jamon,Abarrotes,2.5,6,3
2023-02-27,Café,Abarrotes,2.0,5,3
2023-02-27,Queso,Abarrotes,3.0,4,2
2023-02-27,Alfajores Pequeños,Bocaditos,0.25,200,150
2023-02-27,Alfajores Grandes,Bocaditos,1.0,100,75
2023-02-27,Galletas Pequeñas,Bocaditos,0.25,200,150
2023-02-27,Galletas Grandes,Bocaditos,1.0,300,290
2023-02-27,Cookie,Bocaditos,2.0,100,70
2023-02-27,Orejitas Pequeñas,Bocaditos,0.25,200,150
2023-02-27,Orejas Grandes,Bocaditos,1.0,100,70
2023-02-27,Beso de Moza,Bocaditos,1.0,80,50
2023-02-27,Caramandugas,Bocaditos,0.25,300,250
2023-02-27,Rosquitas,Bocaditos,0.25,300,250
2023-02-28,Pan Chabatta,Panes,0.25,768,720
2023-02-28,Pan Francés,Panes,0.25,648,610
2023-02-28,Pan Yema Largo,Panes,0.25,360,320
2023-02-28,Pan Yema Redondo,Panes,0.25,360,320
2023-02-28,Pan Chapla,Panes,0.25,144,110
2023-02-28,Pan Coliza,Panes,0.25,192,170
2023-02-28,Pan Integral,Panes,0.25,144,110
2023-02-28,Pan Caracol,Panes,0.25,144,110
2023-02-28,Pan Hamburguesa,Panes,0.4,288,240
2023-02-28,Cachito,Panes,0.25,144,110
2023-02-28,Pan Manjar,Panes,0.3,72,68
2023-02-28,Leche,Abarrotes,4.0,5,2
2023-02-28,Jamon,Abarrotes,2.5,6,3
2023-02-28,Café,Abarrotes,2.0,5,2
2023-02-28,Queso,Abarrotes,3.0,4,2
2023-02-28,Alfajores Pequeños,Bocaditos,0.25,200,150
2023-02-28,Alfajores Grandes,Bocaditos,1.0,100,75
2023-02-28,Galletas Pequeñas,Bocaditos,0.25,200,150
2023-02-28,Galletas Grandes,Bocaditos,1.0,300,290
2023-02-28,Cookie,Bocaditos,2.0,100,70
2023-02-28,Orejitas Pequeñas,Bocaditos,0.25,200,150
2023-02-28,Orejas Grandes,Bocaditos,1.0,100,70
2023-02-28,Beso de Moza,Bocaditos,1.0,80,50
2023-02-28,Caramandugas,Bocaditos,0.25,300,250
2023-02-28,Rosquitas,Bocaditos,0.25,300,250
2023-03-01,Pan Chabatta,Panes,0.25,768,720
2023-03-01,Pan Francés,Panes,0.25,648,610
2023-03-01,Pan Yema Largo,Panes,0.25,360,320
2023-03-01,Pan Yema Redondo,Panes,0.25,360,320
2023-03-01,Pan Chapla,Panes,0.25,144,110
2023-03-01,Pan Coliza,Panes,0.25,192,170
2023-03-01,Pan Integral,Panes,0.25,144,110
2023-03-01,Pan Caracol,Panes,0.25,144,110
2023-03-01,Pan Hamburguesa,Panes,0.4,288,240
2023-03-01,Cachito,Panes,0.25,144,110
2023-03-01,Pan Manjar,Panes,0.3,72,68
2023-03-01,Leche,Abarrotes,4.0,5,2
2023-03-01,Jamon,Abarrotes,2.5,6,5
2023-03-01,Café,Abarrotes,2.0,5,2
2023-03-01,Queso,Abarrotes,3.0,4,2
2023-03-01,Alfajores Pequeños,Bocaditos,0.25,200,150
2023-03-01,Alfajores Grandes,Bocaditos,1.0,100,75
2023-03-01,Galletas Pequeñas,Bocaditos,0.25,200,150
2023-03-01,Galletas Grandes,Bocaditos,1.0,300,290
2023-03-01,Cookie,Bocaditos,2.0,100,70
2023-03-01,Orejitas Pequeñas,Bocaditos,0.25,200,150
2023-03-01,Orejas Grandes,Bocaditos,1.0,100,70
2023-03-01,Beso de Moza,Bocaditos,1.0,80,50
2023-03-01,Caramandugas,Bocaditos,0.25,300,250
2023-03-01,Rosquitas,Bocaditos,0.25,300,250
2023-03-02,Pan Chabatta,Panes,0.25,768,720
2023-03-02,Pan Francés,Panes,0.25,648,610
2023-03-02,Pan Yema Largo,Panes,0.25,360,320
2023-03-02,Pan Yema Redondo,Panes,0.25,360,320
2023-03-02,Pan Chapla,Panes,0.25,144,110
2023-03-02,Pan Coliza,Panes,0.25,192,170
2023-03-02,Pan Integral,Panes,0.25,144,110
2023-03-02,Pan Caracol,Panes,0.25,144,110
2023-03-02,Pan Hamburguesa,Panes,0.4,288,240
2023-03-02,Cachito,Panes,0.25,144,110
2023-03-02,Pan Manjar,Panes,0.3,72,68
2023-03-02,Leche,Abarrotes,4.0,5,2
2023-03-02,Jamon,Abarrotes,2.5,6,3
2023-03-02,Café,Abarrotes,2.0,5,2
2023-03-02,Queso,Abarrotes,3.0,4,2
2023-03-02,Alfajores Pequeños,Bocaditos,0.25,200,150
2023-03-02,Alfajores Grandes,Bocaditos,1.0,100,75
2023-03-02,Galletas Pequeñas,Bocaditos,0.25,200,150
2023-03-02,Galletas Grandes,Bocaditos,1.0,300,290
2023-03-02,Cookie,Bocaditos,2.0,100,70
2023-03-02,Orejitas Pequeñas,Bocaditos,0.25,200,150
2023-03-02,Orejas Grandes,Bocaditos,1.0,100,70
2023-03-02,Beso de Moza,Bocaditos,1.0,80,50
2023-03-02,Caramandugas,Bocaditos,0.25,300,250
2023-03-02,Rosquitas,Bocaditos,0.25,300,250
2023-03-03,Pan Chabatta,Panes,0.25,768,720
2023-03-03,Pan Francés,Panes,0.25,648,610
2023-03-03,Pan Yema Largo,Panes,0.25,360,320
2023-03-03,Pan Yema Redondo,Panes,0.25,360,320
2023-03-03,Pan Chapla,Panes,0.25,144,110
2023-03-03,Pan Coliza,Panes,0.25,192,170
2023-03-03,Pan Integral,Panes,0.25,144,110
2023-03-03,Pan Caracol,Panes,0.25,144,110
2023-03-03,Pan Hamburguesa,Panes,0.4,288,240
2023-03-03,Cachito,Panes,0.25,144,110
2023-03-03,Pan Manjar,Panes,0.3,72,68
2023-03-03,Leche,Abarrotes,4.0,5,3
2023-03-03,Jamon,Abarrotes,2.5,6,3
2023-03-03,Café,Abarrotes,2.0,5,2
2023-03-03,Queso,Abarrotes,3.0,4,2
2023-03-03,Alfajores Pequeños,Bocaditos,0.25,200,150
2023-03-03,Alfajores Grandes,Bocaditos,1.0,100,75
2023-03-03,Galletas Pequeñas,Bocaditos,0.25,200,150
2023-03-03,Galletas Grandes,Bocaditos,1.0,300,290
2023-03-03,Cookie,Bocaditos,2.0,100,70
2023-03-03,Orejitas Pequeñas,Bocaditos,0.25,200,150
2023-03-03,Orejas Grandes,Bocaditos,1.0,100,70
2023-03-03,Beso de Moza,Bocaditos,1.0,80,50
2023-03-03,Caramandugas,Bocaditos,0.25,300,250
2023-03-03,Rosquitas,Bocaditos,0.25,300,250
2023-03-04,Pan Chabatta,Panes,0.25,768,728
2023-03-04,Pan Francés,Panes,0.25,648,614
2023-03-04,Pan Yema Largo,Panes,0.25,360,325
2023-03-04,Pan Yema Redondo,Panes,0.25,360,321
2023-03-04,Pan Chapla,Panes,0.25,144,118
2023-03-04,Pan Coliza,Panes,0.25,192,174
2023-03-04,Pan Integral,Panes,0.25,144,116
2023-03-04,Pan Caracol,Panes,0.25,144,111
2023-03-04,Pan Hamburguesa,Panes,0.4,288,247
2023-03-04,Cachito,Panes,0.25,144,113
2023-03-04,Pan Manjar,Panes,0.3,72,70
2023-03-04,Leche,Abarrotes,4.0,5,2
2023-03-04,Jamon,Abarrotes,2.5,6,3
2023-03-04,Café,Abarrotes,2.0,5,3
2023-03-04,Queso,Abarrotes,3.0,4,2
2023-03-04,Alfajores Pequeños,Bocaditos,0.25,200,152
2023-03-04,Alfajores Grandes,Bocaditos,1.0,100,75
2023-03-04,Galletas Pequeñas,Bocaditos,0.25,200,159
2023-03-04,Galletas Grandes,Bocaditos,1.0,300,291
2023-03-04,Cookie,Bocaditos,2.0,100,71
2023-03-04,Orejitas Pequeñas,Bocaditos,0.25,200,157
2023-03-04,Orejas Grandes,Bocaditos,1.0,100,76
2023-03-04,Beso de Moza,Bocaditos,1.0,80,54
2023-03-04,Caramandugas,Bocaditos,0.25,300,251
2023-03-04,Rosquitas,Bocaditos,0.25,300,250
2023-03-05,Pan Chabatta,Panes,0.25,768,723
2023-03-05,Pan Francés,Panes,0.25,648,612
2023-03-05,Pan Yema Largo,Panes,0.25,360,323
2023-03-05,Pan Yema Redondo,Panes,0.25,360,320
2023-03-05,Pan Chapla,Panes,0.25,144,118
2023-03-05,Pan Coliza,Panes,0.25,192,174
2023-03-05,Pan Integral,Panes,0.25,144,113
2023-03-05,Pan Caracol,Panes,0.25,144,117
2023-03-05,Pan Hamburguesa,Panes,0.4,288,247
2023-03-05,Cachito,Panes,0.25,144,119
2023-03-05,Pan Manjar,Panes,0.3,72,69
2023-03-05,Leche,Abarrotes,4.0,5,4
2023-03-05,Jamon,Abarrotes,2.5,6,6
2023-03-05,Café,Abarrotes,2.0,5,4
2023-03-05,Queso,Abarrotes,3.0,4,3
2023-03-05,Alfajores Pequeños,Bocaditos,0.25,200,154
2023-03-05,Alfajores Grandes,Bocaditos,1.0,100,78
2023-03-05,Galletas Pequeñas,Bocaditos,0.25,200,151
2023-03-05,Galletas Grandes,Bocaditos,1.0,300,292
2023-03-05,Cookie,Bocaditos,2.0,100,70
2023-03-05,Orejitas Pequeñas,Bocaditos,0.25,200,154
2023-03-05,Orejas Grandes,Bocaditos,1.0,100,73
2023-03-05,Beso de Moza,Bocaditos,1.0,80,53
2023-03-05,Caramandugas,Bocaditos,0.25,300,254
2023-03-05,Rosquitas,Bocaditos,0.25,300,254
2023-03-06,Pan Chabatta,Panes,0.25,768,720
2023-03-06,Pan Francés,Panes,0.25,648,610
2023-03-06,Pan Yema Largo,Panes,0.25,360,320
2023-03-06,Pan Yema Redondo,Panes,0.25,360,320
2023-03-06,Pan Chapla,Panes,0.25,144,110
2023-03-06,Pan Coliza,Panes,0.25,192,170
2023-03-06,Pan Integral,Panes,0.25,144,110
2023-03-06,Pan Caracol,Panes,0.25,144,110
2023-03-06,Pan Hamburguesa,Panes,0.4,288,240
2023-03-06,Cachito,Panes,0.25,144,110
2023-03-06,Pan Manjar,Panes,0.3,72,68
2023-03-06,Leche,Abarrotes,4.0,5,2
2023-03-06,Jamon,Abarrotes,2.5,6,3
2023-03-06,Café,Abarrotes,2.0,5,2
2023-03-06,Queso,Abarrotes,3.0,4,2
2023-03-06,Alfajores Pequeños,Bocaditos,0.25,200,150
2023-03-06,Alfajores Grandes,Bocaditos,1.0,100,75
2023-03-06,Galletas Pequeñas,Bocaditos,0.25,200,150
2023-03-06,Galletas Grandes,Bocaditos,1.0,300,290
2023-03-06,Cookie,Bocaditos,2.0,100,70
2023-03-06,Orejitas Pequeñas,Bocaditos,0.25,200,150
2023-03-06,Orejas Grandes,Bocaditos,1.0,100,70
2023-03-06,Beso de Moza,Bocaditos,1.0,80,50
2023-03-06,Caramandugas,Bocaditos,0.25,300,250
2023-03-06,Rosquitas,Bocaditos,0.25,300,250
2023-03-07,Pan Chabatta,Panes,0.25,768,720
2023-03-07,Pan Francés,Panes,0.25,648,610
2023-03-07,Pan Yema Largo,Panes,0.25,360,320
2023-03-07,Pan Yema Redondo,Panes,0.25,360,320
2023-03-07,Pan Chapla,Panes,0.25,144,110
2023-03-07,Pan Coliza,Panes,0.25,192,170
2023-03-07,Pan Integral,Panes,0.25,144,110
2023-03-07,Pan Caracol,Panes,0.25,144,110
2023-03-07,Pan Hamburguesa,Panes,0.4,288,240
2023-03-07,Cachito,Panes,0.25,144,110
2023-03-07,Pan Manjar,Panes,0.3,72,68
2023-03-07,Leche,Abarrotes,4.0,5,3
2023-03-07,Jamon,Abarrotes,2.5,6,3
2023-03-07,Café,Abarrotes,2.0,5,2
2023-03-07,Queso,Abarrotes,3.0,4,2
2023-03-07,Alfajores Pequeños,Bocaditos,0.25,200,150
2023-03-07,Alfajores Grandes,Bocaditos,1.0,100,75
2023-03-07,Galletas Pequeñas,Bocaditos,0.25,200,150
2023-03-07,Galletas Grandes,Bocaditos,1.0,300,290
2023-03-07,Cookie,Bocaditos,2.0,100,70
2023-03-07,Orejitas Pequeñas,Bocaditos,0.25,200,150
2023-03-07,Orejas Grandes,Bocaditos,1.0,100,70
2023-03-07,Beso de Moza,Bocaditos,1.0,80,50
2023-03-07,Caramandugas,Bocaditos,0.25,300,250
2023-03-07,Rosquitas,Bocaditos,0.25,300,250
2023-03-08,Pan Chabatta,Panes,0.25,768,720
2023-03-08,Pan Francés,Panes,0.25,648,610
2023-03-08,Pan Yema Largo,Panes,0.25,360,320
2023-03-08,Pan Yema Redondo,Panes,0.25,360,320
2023-03-08,Pan Chapla,Panes,0.25,144,110
2023-03-08,Pan Coliza,Panes,0.25,192,170
2023-03-08,Pan Integral,Panes,0.25,144,110
2023-03-08,Pan Caracol,Panes,0.25,144,110
2023-03-08,Pan Hamburguesa,Panes,0.4,288,240
2023-03-08,Cachito,Panes,0.25,144,110
2023-03-08,Pan Manjar,Panes,0.3,72,68
2023-03-08,Leche,Abarrotes,4.0,5,2
2023-03-08,Jamon,Abarrotes,2.5,6,3
2023-03-08,Café,Abarrotes,2.0,5,2
2023-03-08,Queso,Abarrotes,3.0,4,2
2023-03-08,Alfajores Pequeños,Bocaditos,0.25,200,150
2023-03-08,Alfajores Grandes,Bocaditos,1.0,100,75
2023-03-08,Galletas Pequeñas,Bocaditos,0.25,200,150
2023-03-08,Galletas Grandes,Bocaditos,1.0,300,290
2023-03-08,Cookie,Bocaditos,2.0,100,70
2023-03-08,Orejitas Pequeñas,Bocaditos,0.25,200,150
2023-03-08,Orejas Grandes,Bocaditos,1.0,100,70
2023-03-08,Beso de Moza,Bocaditos,1.0,80,50
2023-03-08,Caramandugas,Bocaditos,0.25,300,250
2023-03-08,Rosquitas,Bocaditos,0.25,300,250
2023-03-09,Pan Chabatta,Panes,0.25,768,720
2023-03-09,Pan Francés,Panes,0.25,648,610
2023-03-09,Pan Yema Largo,Panes,0.25,360,320
2023-03-09,Pan Yema Redondo,Panes,0.25,360,320
2023-03-09,Pan Chapla,Panes,0.25,144,110
2023-03-09,Pan Coliza,Panes,0.25,192,170
2023-03-09,Pan Integral,Panes,0.25,144,110
2023-03-09,Pan Caracol,Panes,0.25,144,110
2023-03-09,Pan Hamburguesa,Panes,0.4,288,240
2023-03-09,Cachito,Panes,0.25,144,110
2023-03-09,Pan Manjar,Panes,0.3,72,68
2023-03-09,Leche,Abarrotes,4.0,5,4
2023-03-09,Jamon,Abarrotes,2.5,6,3
2023-03-09,Café,Abarrotes,2.0,5,3
2023-03-09,Queso,Abarrotes,3.0,4,2
2023-03-09,Alfajores Pequeños,Bocaditos,0.25,200,150
2023-03-09,Alfajores Grandes,Bocaditos,1.0,100,75
2023-03-09,Galletas Pequeñas,Bocaditos,0.25,200,150
2023-03-09,Galletas Grandes,Bocaditos,1.0,300,290
2023-03-09,Cookie,Bocaditos,2.0,100,70
2023-03-09,Orejitas Pequeñas,Bocaditos,0.25,200,150
2023-03-09,Orejas Grandes,Bocaditos,1.0,100,70
2023-03-09,Beso de Moza,Bocaditos,1.0,80,50
2023-03-09,Caramandugas,Bocaditos,0.25,300,250
2023-03-09,Rosquitas,Bocaditos,0.25,300,250
2023-03-10,Pan Chabatta,Panes,0.25,768,720
2023-03-10,Pan Francés,Panes,0.25,648,610
2023-03-10,Pan Yema Largo,Panes,0.25,360,320
2023-03-10,Pan Yema Redondo,Panes,0.25,360,320
2023-03-10,Pan Chapla,Panes,0.25,144,110
2023-03-10,Pan Coliza,Panes,0.25,192,170
2023-03-10,Pan Integral,Panes,0.25,144,110
2023-03-10,Pan Caracol,Panes,0.25,144,110
2023-03-10,Pan Hamburguesa,Panes,0.4,288,240
2023-03-10,Cachito,Panes,0.25,144,110
2023-03-10,Pan Manjar,Panes,0.3,72,68
2023-03-10,Leche,Abarrotes,4.0,5,3
2023-03-10,Jamon,Abarrotes,2.5,6,3
2023-03-10,Café,Abarrotes,2.0,5,3
2023-03-10,Queso,Abarrotes,3.0,4,2
2023-03-10,Alfajores Pequeños,Bocaditos,0.25,200,150
2023-03-10,Alfajores Grandes,Bocaditos,1.0,100,75
2023-03-10,Galletas Pequeñas,Bocaditos,0.25,200,150
2023-03-10,Galletas Grandes,Bocaditos,1.0,300,290
2023-03-10,Cookie,Bocaditos,2.0,100,70
2023-03-10,Orejitas Pequeñas,Bocaditos,0.25,200,150
2023-03-10,Orejas Grandes,Bocaditos,1.0,100,70
2023-03-10,Beso de Moza,Bocaditos,1.0,80,53
2023-03-10,Caramandugas,Bocaditos,0.25,300,250
2023-03-10,Rosquitas,Bocaditos,0.25,300,250
2023-03-11,Pan Chabatta,Panes,0.25,768,722
2023-03-11,Pan Francés,Panes,0.25,648,616
2023-03-11,Pan Yema Largo,Panes,0.25,360,322
2023-03-11,Pan Yema Redondo,Panes,0.25,360,329
2023-03-11,Pan Chapla,Panes,0.25,144,111
2023-03-11,Pan Coliza,Panes,0.25,192,175
2023-03-11,Pan Integral,Panes,0.25,144,117
2023-03-11,Pan Caracol,Panes,0.25,144,113
2023-03-11,Pan Hamburguesa,Panes,0.4,288,246
2023-03-11,Cachito,Panes,0.25,144,119
2023-03-11,Pan Manjar,Panes,0.3,72,68
2023-03-11,Leche,Abarrotes,4.0,5,2
2023-03-11,Jamon,Abarrotes,2.5,6,4
2023-03-11,Café,Abarrotes,2.0,5,2
2023-03-11,Queso,Abarrotes,3.0,4,2
2023-03-11,Alfajores Pequeños,Bocaditos,0.25,200,158
2023-03-11,Alfajores Grandes,Bocaditos,1.0,100,78
2023-03-11,Galletas Pequeñas,Bocaditos,0.25,200,153
2023-03-11,Galletas Grandes,Bocaditos,1.0,300,290
2023-03-11,Cookie,Bocaditos,2.0,100,72
2023-03-11,Orejitas Pequeñas,Bocaditos,0.25,200,150
2023-03-11,Orejas Grandes,Bocaditos,1.0,100,73
2023-03-11,Beso de Moza,Bocaditos,1.0,80,52
2023-03-11,Caramandugas,Bocaditos,0.25,300,255
2023-03-11,Rosquitas,Bocaditos,0.25,300,253
2023-03-12,Pan Chabatta,Panes,0.25,768,726
2023-03-12,Pan Francés,Panes,0.25,648,614
2023-03-12,Pan Yema Largo,Panes,0.25,360,325
2023-03-12,Pan Yema Redondo,Panes,0.25,360,325
2023-03-12,Pan Chapla,Panes,0.25,144,119
2023-03-12,Pan Coliza,Panes,0.25,192,171
2023-03-12,Pan Integral,Panes,0.25,144,121
2023-03-12,Pan Caracol,Panes,0.25,144,116
2023-03-12,Pan Hamburguesa,Panes,0.4,288,248
2023-03-12,Cachito,Panes,0.25,144,117
2023-03-12,Pan Manjar,Panes,0.3,72,70
2023-03-12,Leche,Abarrotes,4.0,5,4
2023-03-12,Jamon,Abarrotes,2.5,6,6
2023-03-12,Café,Abarrotes,2.0,5,3
2023-03-12,Queso,Abarrotes,3.0,4,2
2023-03-12,Alfajores Pequeños,Bocaditos,0.25,200,161
2023-03-12,Alfajores Grandes,Bocaditos,1.0,100,80
2023-03-12,Galletas Pequeñas,Bocaditos,0.25,200,152
2023-03-12,Galletas Grandes,Bocaditos,1.0,300,290
2023-03-12,Cookie,Bocaditos,2.0,100,71
2023-03-12,Orejitas Pequeñas,Bocaditos,0.25,200,156
2023-03-12,Orejas Grandes,Bocaditos,1.0,100,70
2023-03-12,Beso de Moza,Bocaditos,1.0,80,51
2023-03-12,Caramandugas,Bocaditos,0.25,300,259
2023-03-12,Rosquitas,Bocaditos,0.25,300,253
2023-03-13,Pan Chabatta,Panes,0.25,768,720
2023-03-13,Pan Francés,Panes,0.25,648,610
2023-03-13,Pan Yema Largo,Panes,0.25,360,320
2023-03-13,Pan Yema Redondo,Panes,0.25,360,320
2023-03-13,Pan Chapla,Panes,0.25,144,110
2023-03-13,Pan Coliza,Panes,0.25,192,170
2023-03-13,Pan Integral,Panes,0.25,144,110
2023-03-13,Pan Caracol,Panes,0.25,144,110
2023-03-13,Pan Hamburguesa,Panes,0.4,288,240
2023-03-13,Cachito,Panes,0.25,144,110
2023-03-13,Pan Manjar,Panes,0.3,72,68
2023-03-13,Leche,Abarrotes,4.0,5,3
2023-03-13,Jamon,Abarrotes,2.5,6,3
2023-03-13,Café,Abarrotes,2.0,5,2
2023-03-13,Queso,Abarrotes,3.0,4,3
2023-03-13,Alfajores Pequeños,Bocaditos,0.25,200,150
2023-03-13,Alfajores Grandes,Bocaditos,1.0,100,75
2023-03-13,Galletas Pequeñas,Bocaditos,0.25,200,150
2023-03-13,Galletas Grandes,Bocaditos,1.0,300,290
2023-03-13,Cookie,Bocaditos,2.0,100,70
2023-03-13,Orejitas Pequeñas,Bocaditos,0.25,200,150
2023-03-13,Orejas Grandes,Bocaditos,1.0,100,70
2023-03-13,Beso de Moza,Bocaditos,1.0,80,50
2023-03-13,Caramandugas,Bocaditos,0.25,300,250
2023-03-13,Rosquitas,Bocaditos,0.25,300,250
2023-03-14,Pan Chabatta,Panes,0.25,768,720
2023-03-14,Pan Francés,Panes,0.25,648,610
2023-03-14,Pan Yema Largo,Panes,0.25,360,320
2023-03-14,Pan Yema Redondo,Panes,0.25,360,320
2023-03-14,Pan Chapla,Panes,0.25,144,110
2023-03-14,Pan Coliza,Panes,0.25,192,170
2023-03-14,Pan Integral,Panes,0.25,144,110
2023-03-14,Pan Caracol,Panes,0.25,144,110
2023-03-14,Pan Hamburguesa,Panes,0.4,288,240
2023-03-14,Cachito,Panes,0.25,144,110
2023-03-14,Pan Manjar,Panes,0.3,72,68
2023-03-14,Leche,Abarrotes,4.0,5,2
2023-03-14,Jamon,Abarrotes,2.5,6,3
2023-03-14,Café,Abarrotes,2.0,5,4
2023-03-14,Queso,Abarrotes,3.0,4,2
2023-03-14,Alfajores Pequeños,Bocaditos,0.25,200,150
2023-03-14,Alfajores Grandes,Bocaditos,1.0,100,75
2023-03-14,Galletas Pequeñas,Bocaditos,0.25,200,150
2023-03-14,Galletas Grandes,Bocaditos,1.0,300,290
2023-03-14,Cookie,Bocaditos,2.0,100,70
2023-03-14,Orejitas Pequeñas,Bocaditos,0.25,200,150
2023-03-14,Orejas Grandes,Bocaditos,1.0,100,70
2023-03-14,Beso de Moza,Bocaditos,1.0,80,50
2023-03-14,Caramandugas,Bocaditos,0.25,300,250
2023-03-14,Rosquitas,Bocaditos,0.25,300,250
2023-03-15,Pan Chabatta,Panes,0.25,768,720
2023-03-15,Pan Francés,Panes,0.25,648,610
2023-03-15,Pan Yema Largo,Panes,0.25,360,320
2023-03-15,Pan Yema Redondo,Panes,0.25,360,320
2023-03-15,Pan Chapla,Panes,0.25,144,110
2023-03-15,Pan Coliza,Panes,0.25,192,170
2023-03-15,Pan Integral,Panes,0.25,144,110
2023-03-15,Pan Caracol,Panes,0.25,144,110
2023-03-15,Pan Hamburguesa,Panes,0.4,288,240
2023-03-15,Cachito,Panes,0.25,144,110
2023-03-15,Pan Manjar,Panes,0.3,72,68
2023-03-15,Leche,Abarrotes,4.0,5,4
2023-03-15,Jamon,Abarrotes,2.5,6,3
2023-03-15,Café,Abarrotes,2.0,5,3
2023-03-15,Queso,Abarrotes,3.0,4,2
2023-03-15,Alfajores Pequeños,Bocaditos,0.25,200,150
2023-03-15,Alfajores Grandes,Bocaditos,1.0,100,75
2023-03-15,Galletas Pequeñas,Bocaditos,0.25,200,150
2023-03-15,Galletas Grandes,Bocaditos,1.0,300,290
2023-03-15,Cookie,Bocaditos,2.0,100,70
2023-03-15,Orejitas Pequeñas,Bocaditos,0.25,200,150
2023-03-15,Orejas Grandes,Bocaditos,1.0,100,70
2023-03-15,Beso de Moza,Bocaditos,1.0,80,50
2023-03-15,Caramandugas,Bocaditos,0.25,300,250
2023-03-15,Rosquitas,Bocaditos,0.25,300,250
2023-03-16,Pan Chabatta,Panes,0.25,768,720
2023-03-16,Pan Francés,Panes,0.25,648,610
2023-03-16,Pan Yema Largo,Panes,0.25,360,320
2023-03-16,Pan Yema Redondo,Panes,0.25,360,320
2023-03-16,Pan Chapla,Panes,0.25,144,110
2023-03-16,Pan Coliza,Panes,0.25,192,170
2023-03-16,Pan Integral,Panes,0.25,144,110
2023-03-16,Pan Caracol,Panes,0.25,144,110
2023-03-16,Pan Hamburguesa,Panes,0.4,288,240
2023-03-16,Cachito,Panes,0.25,144,110
2023-03-16,Pan Manjar,Panes,0.3,72,68
2023-03-16,Leche,Abarrotes,4.0,5,2
2023-03-16,Jamon,Abarrotes,2.5,6,4
2023-03-16,Café,Abarrotes,2.0,5,2
2023-03-16,Queso,Abarrotes,3.0,4,3
2023-03-16,Alfajores Pequeños,Bocaditos,0.25,200,150
2023-03-16,Alfajores Grandes,Bocaditos,1.0,100,75
2023-03-16,Galletas Pequeñas,Bocaditos,0.25,200,150
2023-03-16,Galletas Grandes,Bocaditos,1.0,300,290
2023-03-16,Cookie,Bocaditos,2.0,100,70
2023-03-16,Orejitas Pequeñas,Bocaditos,0.25,200,150
2023-03-16,Orejas Grandes,Bocaditos,1.0,100,70
2023-03-16,Beso de Moza,Bocaditos,1.0,80,50
2023-03-16,Caramandugas,Bocaditos,0.25,300,250
2023-03-16,Rosquitas,Bocaditos,0.25,300,250
2023-03-17,Pan Chabatta,Panes,0.25,768,720
2023-03-17,Pan Francés,Panes,0.25,648,610
2023-03-17,Pan Yema Largo,Panes,0.25,360,320
2023-03-17,Pan Yema Redondo,Panes,0.25,360,320
2023-03-17,Pan Chapla,Panes,0.25,144,110
2023-03-17,Pan Coliza,Panes,0.25,192,170
2023-03-17,Pan Integral,Panes,0.25,144,110
2023-03-17,Pan Caracol,Panes,0.25,144,110
2023-03-17,Pan Hamburguesa,Panes,0.4,288,240
2023-03-17,Cachito,Panes,0.25,144,110
2023-03-17,Pan Manjar,Panes,0.3,72,68
2023-03-17,Leche,Abarrotes,4.0,5,2
2023-03-17,Jamon,Abarrotes,2.5,6,3
2023-03-17,Café,Abarrotes,2.0,5,3
2023-03-17,Queso,Abarrotes,3.0,4,2
2023-03-17,Alfajores Pequeños,Bocaditos,0.25,200,150
2023-03-17,Alfajores Grandes,Bocaditos,1.0,100,75
2023-03-17,Galletas Pequeñas,Bocaditos,0.25,200,150
2023-03-17,Galletas Grandes,Bocaditos,1.0,300,290
2023-03-17,Cookie,Bocaditos,2.0,100,70
2023-03-17,Orejitas Pequeñas,Bocaditos,0.25,200,150
2023-03-17,Orejas Grandes,Bocaditos,1.0,100,70
2023-03-17,Beso de Moza,Bocaditos,1.0,80,52
2023-03-17,Caramandugas,Bocaditos,0.25,300,250
2023-03-17,Rosquitas,Bocaditos,0.25,300,250
2023-03-18,Pan Chabatta,Panes,0.25,768,727
2023-03-18,Pan Francés,Panes,0.25,648,614
2023-03-18,Pan Yema Largo,Panes,0.25,360,329
2023-03-18,Pan Yema Redondo,Panes,0.25,360,322
2023-03-18,Pan Chapla,Panes,0.25,144,111
2023-03-18,Pan Coliza,Panes,0.25,192,171
2023-03-18,Pan Integral,Panes,0.25,144,113
2023-03-18,Pan Caracol,Panes,0.25,144,116
2023-03-18,Pan Hamburguesa,Panes,0.4,288,245
2023-03-18,Cachito,Panes,0.25,144,117
2023-03-18,Pan Manjar,Panes,0.3,72,68
2023-03-18,Leche,Abarrotes,4.0,5,2
2023-03-18,Jamon,Abarrotes,2.5,6,4
2023-03-18,Café,Abarrotes,2.0,5,2
2023-03-18,Queso,Abarrotes,3.0,4,2
2023-03-18,Alfajores Pequeños,Bocaditos,0.25,200,155
2023-03-18,Alfajores Grandes,Bocaditos,1.0,100,77
2023-03-18,Galletas Pequeñas,Bocaditos,0.25,200,159
2023-03-18,Galletas Grandes,Bocaditos,1.0,300,294
2023-03-18,Cookie,Bocaditos,2.0,100,71
2023-03-18,Orejitas Pequeñas,Bocaditos,0.25,200,156
2023-03-18,Orejas Grandes,Bocaditos,1.0,100,74
2023-03-18,Beso de Moza,Bocaditos,1.0,80,56
2023-03-18,Caramandugas,Bocaditos,0.25,300,256
2023-03-18,Rosquitas,Bocaditos,0.25,300,260
2023-03-19,Pan Chabatta,Panes,0.25,768,731
2023-03-19,Pan Francés,Panes,0.25,648,614
2023-03-19,Pan Yema Largo,Panes,0.25,360,327
2023-03-19,Pan Yema Redondo,Panes,0.25,360,322
2023-03-19,Pan Chapla,Panes,0.25,144,119
2023-03-19,Pan Coliza,Panes,0.25,192,175
2023-03-19,Pan Integral,Panes,0.25,144,120
2023-03-19,Pan Caracol,Panes,0.25,144,115
2023-03-19,Pan Hamburguesa,Panes,0.4,288,246
2023-03-19,Cachito,Panes,0.25,144,116
2023-03-19,Pan Manjar,Panes,0.3,72,70
2023-03-19,Leche,Abarrotes,4.0,5,2
2023-03-19,Jamon,Abarrotes,2.5,6,6
2023-03-19,Café,Abarrotes,2.0,5,3
2023-03-19,Queso,Abarrotes,3.0,4,4
2023-03-19,Alfajores Pequeños,Bocaditos,0.25,200,159
2023-03-19,Alfajores Grandes,Bocaditos,1.0,100,78
2023-03-19,Galletas Pequeñas,Bocaditos,0.25,200,156
2023-03-19,Galletas Grandes,Bocaditos,1.0,300,290
2023-03-19,Cookie,Bocaditos,2.0,100,72
2023-03-19,Orejitas Pequeñas,Bocaditos,0.25,200,161
2023-03-19,Orejas Grandes,Bocaditos,1.0,100,70
2023-03-19,Beso de Moza,Bocaditos,1.0,80,59
2023-03-19,Caramandugas,Bocaditos,0.25,300,258
2023-03-19,Rosquitas,Bocaditos,0.25,300,254
2023-03-20,Pan Chabatta,Panes,0.25,768,720
2023-03-20,Pan Francés,Panes,0.25,648,610
2023-03-20,Pan Yema Largo,Panes,0.25,360,320
2023-03-20,Pan Yema Redondo,Panes,0.25,360,320
2023-03-20,Pan Chapla,Panes,0.25,144,110
2023-03-20,Pan Coliza,Panes,0.25,192,170
2023-03-20,Pan Integral,Panes,0.25,144,110
2023-03-20,Pan Caracol,Panes,0.25,144,110
2023-03-20,Pan Hamburguesa,Panes,0.4,288,240
2023-03-20,Cachito,Panes,0.25,144,110
2023-03-20,Pan Manjar,Panes,0.3,72,68
2023-03-20,Leche,Abarrotes,4.0,5,2
2023-03-20,Jamon,Abarrotes,2.5,6,3
2023-03-20,Café,Abarrotes,2.0,5,2
2023-03-20,Queso,Abarrotes,3.0,4,3
2023-03-20,Alfajores Pequeños,Bocaditos,0.25,200,150
2023-03-20,Alfajores Grandes,Bocaditos,1.0,100,75
2023-03-20,Galletas Pequeñas,Bocaditos,0.25,200,150
2023-03-20,Galletas Grandes,Bocaditos,1.0,300,290
2023-03-20,Cookie,Bocaditos,2.0,100,70
2023-03-20,Orejitas Pequeñas,Bocaditos,0.25,200,150
2023-03-20,Orejas Grandes,Bocaditos,1.0,100,70
2023-03-20,Beso de Moza,Bocaditos,1.0,80,50
2023-03-20,Caramandugas,Bocaditos,0.25,300,250
2023-03-20,Rosquitas,Bocaditos,0.25,300,250
2023-03-21,Pan Chabatta,Panes,0.25,768,720
2023-03-21,Pan Francés,Panes,0.25,648,610
2023-03-21,Pan Yema Largo,Panes,0.25,360,320
2023-03-21,Pan Yema Redondo,Panes,0.25,360,320
2023-03-21,Pan Chapla,Panes,0.25,144,110
2023-03-21,Pan Coliza,Panes,0.25,192,170
2023-03-21,Pan Integral,Panes,0.25,144,110
2023-03-21,Pan Caracol,Panes,0.25,144,110
2023-03-21,Pan Hamburguesa,Panes,0.4,288,240
2023-03-21,Cachito,Panes,0.25,144,110
2023-03-21,Pan Manjar,Panes,0.3,72,68
2023-03-21,Leche,Abarrotes,4.0,5,2
2023-03-21,Jamon,Abarrotes,2.5,6,3
2023-03-21,Café,Abarrotes,2.0,5,2
2023-03-21,Queso,Abarrotes,3.0,4,3
2023-03-21,Alfajores Pequeños,Bocaditos,0.25,200,150
2023-03-21,Alfajores Grandes,Bocaditos,1.0,100,75
2023-03-21,Galletas Pequeñas,Bocaditos,0.25,200,150
2023-03-21,Galletas Grandes,Bocaditos,1.0,300,290
2023-03-21,Cookie,Bocaditos,2.0,100,70
2023-03-21,Orejitas Pequeñas,Bocaditos,0.25,200,150
2023-03-21,Orejas Grandes,Bocaditos,1.0,100,70
2023-03-21,Beso de Moza,Bocaditos,1.0,80,50
2023-03-21,Caramandugas,Bocaditos,0.25,300,250
2023-03-21,Rosquitas,Bocaditos,0.25,300,250
2023-03-22,Pan Chabatta,Panes,0.25,768,720
2023-03-22,Pan Francés,Panes,0.25,648,610
2023-03-22,Pan Yema Largo,Panes,0.25,360,320
2023-03-22,Pan Yema Redondo,Panes,0.25,360,320
2023-03-22,Pan Chapla,Panes,0.25,144,110
2023-03-22,Pan Coliza,Panes,0.25,192,170
2023-03-22,Pan Integral,Panes,0.25,144,110
2023-03-22,Pan Caracol,Panes,0.25,144,110
2023-03-22,Pan Hamburguesa,Panes,0.4,288,240
2023-03-22,Cachito,Panes,0.25,144,110
2023-03-22,Pan Manjar,Panes,0.3,72,68
2023-03-22,Leche,Abarrotes,4.0,5,2
2023-03-22,Jamon,Abarrotes,2.5,6,3
2023-03-22,Café,Abarrotes,2.0,5,3
2023-03-22,Queso,Abarrotes,3.0,4,2
2023-03-22,Alfajores Pequeños,Bocaditos,0.25,200,150
2023-03-22,Alfajores Grandes,Bocaditos,1.0,100,75
2023-03-22,Galletas Pequeñas,Bocaditos,0.25,200,150
2023-03-22,Galletas Grandes,Bocaditos,1.0,300,290
2023-03-22,Cookie,Bocaditos,2.0,100,70
2023-03-22,Orejitas Pequeñas,Bocaditos,0.25,200,150
2023-03-22,Orejas Grandes,Bocaditos,1.0,100,70
2023-03-22,Beso de Moza,Bocaditos,1.0,80,50
2023-03-22,Caramandugas,Bocaditos,0.25,300,250
2023-03-22,Rosquitas,Bocaditos,0.25,300,250
2023-03-23,Pan Chabatta,Panes,0.25,768,720
2023-03-23,Pan Francés,Panes,0.25,648,610
2023-03-23,Pan Yema Largo,Panes,0.25,360,320
2023-03-23,Pan Yema Redondo,Panes,0.25,360,320
2023-03-23,Pan Chapla,Panes,0.25,144,110
2023-03-23,Pan Coliza,Panes,0.25,192,170
2023-03-23,Pan Integral,Panes,0.25,144,110
2023-03-23,Pan Caracol,Panes,0.25,144,110
2023-03-23,Pan Hamburguesa,Panes,0.4,288,240
2023-03-23,Cachito,Panes,0.25,144,110
2023-03-23,Pan Manjar,Panes,0.3,72,68
2023-03-23,Leche,Abarrotes,4.0,5,2
2023-03-23,Jamon,Abarrotes,2.5,6,3
2023-03-23,Café,Abarrotes,2.0,5,2
2023-03-23,Queso,Abarrotes,3.0,4,2
2023-03-23,Alfajores Pequeños,Bocaditos,0.25,200,150
2023-03-23,Alfajores Grandes,Bocaditos,1.0,100,75
2023-03-23,Galletas Pequeñas,Bocaditos,0.25,200,150
2023-03-23,Galletas Grandes,Bocaditos,1.0,300,290
2023-03-23,Cookie,Bocaditos,2.0,100,70
2023-03-23,Orejitas Pequeñas,Bocaditos,0.25,200,150
2023-03-23,Orejas Grandes,Bocaditos,1.0,100,70
2023-03-23,Beso de Moza,Bocaditos,1.0,80,50
2023-03-23,Caramandugas,Bocaditos,0.25,300,250
2023-03-23,Rosquitas,Bocaditos,0.25,300,250
2023-03-24,Pan Chabatta,Panes,0.25,768,720
2023-03-24,Pan Francés,Panes,0.25,648,610
2023-03-24,Pan Yema Largo,Panes,0.25,360,320
2023-03-24,Pan Yema Redondo,Panes,0.25,360,320
2023-03-24,Pan Chapla,Panes,0.25,144,110
2023-03-24,Pan Coliza,Panes,0.25,192,170
2023-03-24,Pan Integral,Panes,0.25,144,110
2023-03-24,Pan Caracol,Panes,0.25,144,110
2023-03-24,Pan Hamburguesa,Panes,0.4,288,240
2023-03-24,Cachito,Panes,0.25,144,110
2023-03-24,Pan Manjar,Panes,0.3,72,68
2023-03-24,Leche,Abarrotes,4.0,5,2
2023-03-24,Jamon,Abarrotes,2.5,6,3
2023-03-24,Café,Abarrotes,2.0,5,3
2023-03-24,Queso,Abarrotes,3.0,4,2
2023-03-24,Alfajores Pequeños,Bocaditos,0.25,200,150
2023-03-24,Alfajores Grandes,Bocaditos,1.0,100,75
2023-03-24,Galletas Pequeñas,Bocaditos,0.25,200,150
2023-03-24,Galletas Grandes,Bocaditos,1.0,300,290
2023-03-24,Cookie,Bocaditos,2.0,100,70
2023-03-24,Orejitas Pequeñas,Bocaditos,0.25,200,150
2023-03-24,Orejas Grandes,Bocaditos,1.0,100,70
2023-03-24,Beso de Moza,Bocaditos,1.0,80,54
2023-03-24,Caramandugas,Bocaditos,0.25,300,250
2023-03-24,Rosquitas,Bocaditos,0.25,300,250
2023-03-25,Pan Chabatta,Panes,0.25,768,738
2023-03-25,Pan Francés,Panes,0.25,648,612
2023-03-25,Pan Yema Largo,Panes,0.25,360,328
2023-03-25,Pan Yema Redondo,Panes,0.25,360,327
2023-03-25,Pan Chapla,Panes,0.25,144,115
2023-03-25,Pan Coliza,Panes,0.25,192,175
2023-03-25,Pan Integral,Panes,0.25,144,116
2023-03-25,Pan Caracol,Panes,0.25,144,117
2023-03-25,Pan Hamburguesa,Panes,0.4,288,241
2023-03-25,Cachito,Panes,0.25,144,118
2023-03-25,Pan Manjar,Panes,0.3,72,68
2023-03-25,Leche,Abarrotes,4.0,5,3
2023-03-25,Jamon,Abarrotes,2.5,6,4
2023-03-25,Café,Abarrotes,2.0,5,3
2023-03-25,Queso,Abarrotes,3.0,4,2
2023-03-25,Alfajores Pequeños,Bocaditos,0.25,200,152
2023-03-25,Alfajores Grandes,Bocaditos,1.0,100,78
2023-03-25,Galletas Pequeñas,Bocaditos,0.25,200,159
2023-03-25,Galletas Grandes,Bocaditos,1.0,300,294
2023-03-25,Cookie,Bocaditos,2.0,100,75
2023-03-25,Orejitas Pequeñas,Bocaditos,0.25,200,158
2023-03-25,Orejas Grandes,Bocaditos,1.0,100,73
2023-03-25,Beso de Moza,Bocaditos,1.0,80,50
2023-03-25,Caramandugas,Bocaditos,0.25,300,252
2023-03-25,Rosquitas,Bocaditos,0.25,300,256
2023-03-26,Pan Chabatta,Panes,0.25,768,735
2023-03-26,Pan Francés,Panes,0.25,648,617
2023-03-26,Pan Yema Largo,Panes,0.25,360,329
2023-03-26,Pan Yema Redondo,Panes,0.25,360,321
2023-03-26,Pan Chapla,Panes,0.25,144,113
2023-03-26,Pan Coliza,Panes,0.25,192,172
2023-03-26,Pan Integral,Panes,0.25,144,111
2023-03-26,Pan Caracol,Panes,0.25,144,114
2023-03-26,Pan Hamburguesa,Panes,0.4,288,247
2023-03-26,Cachito,Panes,0.25,144,111
2023-03-26,Pan Manjar,Panes,0.3,72,69
2023-03-26,Leche,Abarrotes,4.0,5,3
2023-03-26,Jamon,Abarrotes,2.5,6,5
2023-03-26,Café,Abarrotes,2.0,5,2
2023-03-26,Queso,Abarrotes,3.0,4,2
2023-03-26,Alfajores Pequeños,Bocaditos,0.25,200,152
2023-03-26,Alfajores Grandes,Bocaditos,1.0,100,81
2023-03-26,Galletas Pequeñas,Bocaditos,0.25,200,157
2023-03-26,Galletas Grandes,Bocaditos,1.0,300,293
2023-03-26,Cookie,Bocaditos,2.0,100,73
2023-03-26,Orejitas Pequeñas,Bocaditos,0.25,200,155
2023-03-26,Orejas Grandes,Bocaditos,1.0,100,70
2023-03-26,Beso de Moza,Bocaditos,1.0,80,55
2023-03-26,Caramandugas,Bocaditos,0.25,300,258
2023-03-26,Rosquitas,Bocaditos,0.25,300,257
2023-03-27,Pan Chabatta,Panes,0.25,768,720
2023-03-27,Pan Francés,Panes,0.25,648,610
2023-03-27,Pan Yema Largo,Panes,0.25,360,320
2023-03-27,Pan Yema Redondo,Panes,0.25,360,320
2023-03-27,Pan Chapla,Panes,0.25,144,110
2023-03-27,Pan Coliza,Panes,0.25,192,170
2023-03-27,Pan Integral,Panes,0.25,144,110
2023-03-27,Pan Caracol,Panes,0.25,144,110
2023-03-27,Pan Hamburguesa,Panes,0.4,288,240
2023-03-27,Cachito,Panes,0.25,144,110
2023-03-27,Pan Manjar,Panes,0.3,72,68
2023-03-27,Leche,Abarrotes,4.0,5,3
2023-03-27,Jamon,Abarrotes,2.5,6,3
2023-03-27,Café,Abarrotes,2.0,5,3
2023-03-27,Queso,Abarrotes,3.0,4,2
2023-03-27,Alfajores Pequeños,Bocaditos,0.25,200,150
2023-03-27,Alfajores Grandes,Bocaditos,1.0,100,75
2023-03-27,Galletas Pequeñas,Bocaditos,0.25,200,150
2023-03-27,Galletas Grandes,Bocaditos,1.0,300,290
2023-03-27,Cookie,Bocaditos,2.0,100,70
2023-03-27,Orejitas Pequeñas,Bocaditos,0.25,200,150
2023-03-27,Orejas Grandes,Bocaditos,1.0,100,70
2023-03-27,Beso de Moza,Bocaditos,1.0,80,50
2023-03-27,Caramandugas,Bocaditos,0.25,300,250
2023-03-27,Rosquitas,Bocaditos,0.25,300,250
2023-03-28,Pan Chabatta,Panes,0.25,768,720
2023-03-28,Pan Francés,Panes,0.25,648,610
2023-03-28,Pan Yema Largo,Panes,0.25,360,320
2023-03-28,Pan Yema Redondo,Panes,0.25,360,320
2023-03-28,Pan Chapla,Panes,0.25,144,110
2023-03-28,Pan Coliza,Panes,0.25,192,170
2023-03-28,Pan Integral,Panes,0.25,144,110
2023-03-28,Pan Caracol,Panes,0.25,144,110
2023-03-28,Pan Hamburguesa,Panes,0.4,288,240
2023-03-28,Cachito,Panes,0.25,144,110
2023-03-28,Pan Manjar,Panes,0.3,72,68
2023-03-28,Leche,Abarrotes,4.0,5,3
2023-03-28,Jamon,Abarrotes,2.5,6,3
2023-03-28,Café,Abarrotes,2.0,5,4
2023-03-28,Queso,Abarrotes,3.0,4,2
2023-03-28,Alfajores Pequeños,Bocaditos,0.25,200,150
2023-03-28,Alfajores Grandes,Bocaditos,1.0,100,75
2023-03-28,Galletas Pequeñas,Bocaditos,0.25,200,150
2023-03-28,Galletas Grandes,Bocaditos,1.0,300,290
2023-03-28,Cookie,Bocaditos,2.0,100,70
2023-03-28,Orejitas Pequeñas,Bocaditos,0.25,200,150
2023-03-28,Orejas Grandes,Bocaditos,1.0,100,70
2023-03-28,Beso de Moza,Bocaditos,1.0,80,50
2023-03-28,Caramandugas,Bocaditos,0.25,300,250
2023-03-28,Rosquitas,Bocaditos,0.25,300,250
2023-03-29,Pan Chabatta,Panes,0.25,768,720
2023-03-29,Pan Francés,Panes,0.25,648,610
2023-03-29,Pan Yema Largo,Panes,0.25,360,320
2023-03-29,Pan Yema Redondo,Panes,0.25,360,320
2023-03-29,Pan Chapla,Panes,0.25,144,110
2023-03-29,Pan Coliza,Panes,0.25,192,170
2023-03-29,Pan Integral,Panes,0.25,144,110
2023-03-29,Pan Caracol,Panes,0.25,144,110
2023-03-29,Pan Hamburguesa,Panes,0.4,288,240
2023-03-29,Cachito,Panes,0.25,144,110
2023-03-29,Pan Manjar,Panes,0.3,72,68
2023-03-29,Leche,Abarrotes,4.0,5,2
2023-03-29,Jamon,Abarrotes,2.5,6,3
2023-03-29,Café,Abarrotes,2.0,5,2
2023-03-29,Queso,Abarrotes,3.0,4,3
2023-03-29,Alfajores Pequeños,Bocaditos,0.25,200,150
2023-03-29,Alfajores Grandes,Bocaditos,1.0,100,75
2023-03-29,Galletas Pequeñas,Bocaditos,0.25,200,150
2023-03-29,Galletas Grandes,Bocaditos,1.0,300,290
2023-03-29,Cookie,Bocaditos,2.0,100,70
2023-03-29,Orejitas Pequeñas,Bocaditos,0.25,200,150
2023-03-29,Orejas Grandes,Bocaditos,1.0,100,70
2023-03-29,Beso de Moza,Bocaditos,1.0,80,50
2023-03-29,Caramandugas,Bocaditos,0.25,300,250
2023-03-29,Rosquitas,Bocaditos,0.25,300,250
2023-03-30,Pan Chabatta,Panes,0.25,768,720
2023-03-30,Pan Francés,Panes,0.25,648,610
2023-03-30,Pan Yema Largo,Panes,0.25,360,320
2023-03-30,Pan Yema Redondo,Panes,0.25,360,320
2023-03-30,Pan Chapla,Panes,0.25,144,110
2023-03-30,Pan Coliza,Panes,0.25,192,170
2023-03-30,Pan Integral,Panes,0.25,144,110
2023-03-30,Pan Caracol,Panes,0.25,144,110
2023-03-30,Pan Hamburguesa,Panes,0.4,288,240
2023-03-30,Cachito,Panes,0.25,144,110
2023-03-30,Pan Manjar,Panes,0.3,72,68
2023-03-30,Leche,Abarrotes,4.0,5,2
2023-03-30,Jamon,Abarrotes,2.5,6,3
2023-03-30,Café,Abarrotes,2.0,5,4
2023-03-30,Queso,Abarrotes,3.0,4,2
2023-03-30,Alfajores Pequeños,Bocaditos,0.25,200,150
2023-03-30,Alfajores Grandes,Bocaditos,1.0,100,75
2023-03-30,Galletas Pequeñas,Bocaditos,0.25,200,150
2023-03-30,Galletas Grandes,Bocaditos,1.0,300,290
2023-03-30,Cookie,Bocaditos,2.0,100,70
2023-03-30,Orejitas Pequeñas,Bocaditos,0.25,200,150
2023-03-30,Orejas Grandes,Bocaditos,1.0,100,70
2023-03-30,Beso de Moza,Bocaditos,1.0,80,50
2023-03-30,Caramandugas,Bocaditos,0.25,300,250
2023-03-30,Rosquitas,Bocaditos,0.25,300,250
2023-03-31,Pan Chabatta,Panes,0.25,768,720
2023-03-31,Pan Francés,Panes,0.25,648,610
2023-03-31,Pan Yema Largo,Panes,0.25,360,320
2023-03-31,Pan Yema Redondo,Panes,0.25,360,320
2023-03-31,Pan Chapla,Panes,0.25,144,110
2023-03-31,Pan Coliza,Panes,0.25,192,170
2023-03-31,Pan Integral,Panes,0.25,144,110
2023-03-31,Pan Caracol,Panes,0.25,144,110
2023-03-31,Pan Hamburguesa,Panes,0.4,288,240
2023-03-31,Cachito,Panes,0.25,144,110
2023-03-31,Pan Manjar,Panes,0.3,72,68
2023-03-31,Leche,Abarrotes,4.0,5,3
2023-03-31,Jamon,Abarrotes,2.5,6,5
2023-03-31,Café,Abarrotes,2.0,5,2
2023-03-31,Queso,Abarrotes,3.0,4,3
2023-03-31,Alfajores Pequeños,Bocaditos,0.25,200,150
2023-03-31,Alfajores Grandes,Bocaditos,1.0,100,75
2023-03-31,Galletas Pequeñas,Bocaditos,0.25,200,150
2023-03-31,Galletas Grandes,Bocaditos,1.0,300,290
2023-03-31,Cookie,Bocaditos,2.0,100,70
2023-03-31,Orejitas Pequeñas,Bocaditos,0.25,200,150
2023-03-31,Orejas Grandes,Bocaditos,1.0,100,70
2023-03-31,Beso de Moza,Bocaditos,1.0,80,50
2023-03-31,Caramandugas,Bocaditos,0.25,300,250
2023-03-31,Rosquitas,Bocaditos,0.25,300,250
2023-04-01,Pan Chabatta,Panes,0.25,768,725
2023-04-01,Pan Francés,Panes,0.25,648,612
2023-04-01,Pan Yema Largo,Panes,0.25,360,326
2023-04-01,Pan Yema Redondo,Panes,0.25,360,323
2023-04-01,Pan Chapla,Panes,0.25,144,118
2023-04-01,Pan Coliza,Panes,0.25,192,174
2023-04-01,Pan Integral,Panes,0.25,144,118
2023-04-01,Pan Caracol,Panes,0.25,144,116
2023-04-01,Pan Hamburguesa,Panes,0.4,288,241
2023-04-01,Cachito,Panes,0.25,144,112
2023-04-01,Pan Manjar,Panes,0.3,72,70
2023-04-01,Leche,Abarrotes,4.0,5,4
2023-04-01,Jamon,Abarrotes,2.5,6,3
2023-04-01,Café,Abarrotes,2.0,5,5
2023-04-01,Queso,Abarrotes,3.0,4,2
2023-04-01,Alfajores Pequeños,Bocaditos,0.25,200,155
2023-04-01,Alfajores Grandes,Bocaditos,1.0,100,76
2023-04-01,Galletas Pequeñas,Bocaditos,0.25,200,151
2023-04-01,Galletas Grandes,Bocaditos,1.0,300,290
2023-04-01,Cookie,Bocaditos,2.0,100,72
2023-04-01,Orejitas Pequeñas,Bocaditos,0.25,200,152
2023-04-01,Orejas Grandes,Bocaditos,1.0,100,73
2023-04-01,Beso de Moza,Bocaditos,1.0,80,57
2023-04-01,Caramandugas,Bocaditos,0.25,300,259
2023-04-01,Rosquitas,Bocaditos,0.25,300,253
2023-04-02,Pan Chabatta,Panes,0.25,768,721
2023-04-02,Pan Francés,Panes,0.25,648,619
2023-04-02,Pan Yema Largo,Panes,0.25,360,325
2023-04-02,Pan Yema Redondo,Panes,0.25,360,321
2023-04-02,Pan Chapla,Panes,0.25,144,117
2023-04-02,Pan Coliza,Panes,0.25,192,173
2023-04-02,Pan Integral,Panes,0.25,144,112
2023-04-02,Pan Caracol,Panes,0.25,144,112
2023-04-02,Pan Hamburguesa,Panes,0.4,288,243
2023-04-02,Cachito,Panes,0.25,144,110
2023-04-02,Pan Manjar,Panes,0.3,72,68
2023-04-02,Leche,Abarrotes,4.0,5,2
2023-04-02,Jamon,Abarrotes,2.5,6,3
2023-04-02,Café,Abarrotes,2.0,5,5
2023-04-02,Queso,Abarrotes,3.0,4,2
2023-04-02,Alfajores Pequeños,Bocaditos,0.25,200,161
2023-04-02,Alfajores Grandes,Bocaditos,1.0,100,80
2023-04-02,Galletas Pequeñas,Bocaditos,0.25,200,160
2023-04-02,Galletas Grandes,Bocaditos,1.0,300,291
2023-04-02,Cookie,Bocaditos,2.0,100,70
2023-04-02,Orejitas Pequeñas,Bocaditos,0.25,200,153
2023-04-02,Orejas Grandes,Bocaditos,1.0,100,71
2023-04-02,Beso de Moza,Bocaditos,1.0,80,59
2023-04-02,Caramandugas,Bocaditos,0.25,300,251
2023-04-02,Rosquitas,Bocaditos,0.25,300,253
2023-04-03,Pan Chabatta,Panes,0.25,768,720
2023-04-03,Pan Francés,Panes,0.25,648,610
2023-04-03,Pan Yema Largo,Panes,0.25,360,320
2023-04-03,Pan Yema Redondo,Panes,0.25,360,320
2023-04-03,Pan Chapla,Panes,0.25,144,110
2023-04-03,Pan Coliza,Panes,0.25,192,170
2023-04-03,Pan Integral,Panes,0.25,144,110
2023-04-03,Pan Caracol,Panes,0.25,144,110
2023-04-03,Pan Hamburguesa,Panes,0.4,288,240
2023-04-03,Cachito,Panes,0.25,144,110
2023-04-03,Pan Manjar,Panes,0.3,72,68
2023-04-03,Leche,Abarrotes,4.0,5,3
2023-04-03,Jamon,Abarrotes,2.5,6,3
2023-04-03,Café,Abarrotes,2.0,5,3
2023-04-03,Queso,Abarrotes,3.0,4,2
2023-04-03,Alfajores Pequeños,Bocaditos,0.25,200,150
2023-04-03,Alfajores Grandes,Bocaditos,1.0,100,75
2023-04-03,Galletas Pequeñas,Bocaditos,0.25,200,150
2023-04-03,Galletas Grandes,Bocaditos,1.0,300,290
2023-04-03,Cookie,Bocaditos,2.0,100,70
2023-04-03,Orejitas Pequeñas,Bocaditos,0.25,200,150
2023-04-03,Orejas Grandes,Bocaditos,1.0,100,70
2023-04-03,Beso de Moza,Bocaditos,1.0,80,50
2023-04-03,Caramandugas,Bocaditos,0.25,300,250
2023-04-03,Rosquitas,Bocaditos,0.25,300,250
2023-04-04,Pan Chabatta,Panes,0.25,768,720
2023-04-04,Pan Francés,Panes,0.25,648,610
2023-04-04,Pan Yema Largo,Panes,0.25,360,320
2023-04-04,Pan Yema Redondo,Panes,0.25,360,320
2023-04-04,Pan Chapla,Panes,0.25,144,110
2023-04-04,Pan Coliza,Panes,0.25,192,170
2023-04-04,Pan Integral,Panes,0.25,144,110
2023-04-04,Pan Caracol,Panes,0.25,144,110
2023-04-04,Pan Hamburguesa,Panes,0.4,288,240
2023-04-04,Cachito,Panes,0.25,144,110
2023-04-04,Pan Manjar,Panes,0.3,72,68
2023-04-04,Leche,Abarrotes,4.0,5,4
2023-04-04,Jamon,Abarrotes,2.5,6,4
2023-04-04,Café,Abarrotes,2.0,5,2
2023-04-04,Queso,Abarrotes,3.0,4,2
2023-04-04,Alfajores Pequeños,Bocaditos,0.25,200,150
2023-04-04,Alfajores Grandes,Bocaditos,1.0,100,75
2023-04-04,Galletas Pequeñas,Bocaditos,0.25,200,150
2023-04-04,Galletas Grandes,Bocaditos,1.0,300,290
2023-04-04,Cookie,Bocaditos,2.0,100,70
2023-04-04,Orejitas Pequeñas,Bocaditos,0.25,200,150
2023-04-04,Orejas Grandes,Bocaditos,1.0,100,70
2023-04-04,Beso de Moza,Bocaditos,1.0,80,50
2023-04-04,Caramandugas,Bocaditos,0.25,300,250
2023-04-04,Rosquitas,Bocaditos,0.25,300,250
2023-04-05,Pan Chabatta,Panes,0.25,768,720
2023-04-05,Pan Francés,Panes,0.25,648,610
2023-04-05,Pan Yema Largo,Panes,0.25,360,320
2023-04-05,Pan Yema Redondo,Panes,0.25,360,320
2023-04-05,Pan Chapla,Panes,0.25,144,110
2023-04-05,Pan Coliza,Panes,0.25,192,170
2023-04-05,Pan Integral,Panes,0.25,144,110
2023-04-05,Pan Caracol,Panes,0.25,144,110
2023-04-05,Pan Hamburguesa,Panes,0.4,288,240
2023-04-05,Cachito,Panes,0.25,144,110
2023-04-05,Pan Manjar,Panes,0.3,72,68
2023-04-05,Leche,Abarrotes,4.0,5,2
2023-04-05,Jamon,Abarrotes,2.5,6,3
2023-04-05,Café,Abarrotes,2.0,5,4
2023-04-05,Queso,Abarrotes,3.0,4,2
2023-04-05,Alfajores Pequeños,Bocaditos,0.25,200,150
2023-04-05,Alfajores Grandes,Bocaditos,1.0,100,75
2023-04-05,Galletas Pequeñas,Bocaditos,0.25,200,150
2023-04-05,Galletas Grandes,Bocaditos,1.0,300,290
2023-04-05,Cookie,Bocaditos,2.0,100,70
2023-04-05,Orejitas Pequeñas,Bocaditos,0.25,200,150
2023-04-05,Orejas Grandes,Bocaditos,1.0,100,70
2023-04-05,Beso de Moza,Bocaditos,1.0,80,50
2023-04-05,Caramandugas,Bocaditos,0.25,300,250
2023-04-05,Rosquitas,Bocaditos,0.25,300,250
2023-04-06,Pan Chabatta,Panes,0.25,768,720
2023-04-06,Pan Francés,Panes,0.25,648,610
2023-04-06,Pan Yema Largo,Panes,0.25,360,320
2023-04-06,Pan Yema Redondo,Panes,0.25,360,320
2023-04-06,Pan Chapla,Panes,0.25,144,110
2023-04-06,Pan Coliza,Panes,0.25,192,170
2023-04-06,Pan Integral,Panes,0.25,144,110
2023-04-06,Pan Caracol,Panes,0.25,144,110
2023-04-06,Pan Hamburguesa,Panes,0.4,288,240
2023-04-06,Cachito,Panes,0.25,144,110
2023-04-06,Pan Manjar,Panes,0.3,72,68
2023-04-06,Leche,Abarrotes,4.0,5,2
2023-04-06,Jamon,Abarrotes,2.5,6,4
2023-04-06,Café,Abarrotes,2.0,5,4
2023-04-06,Queso,Abarrotes,3.0,4,2
2023-04-06,Alfajores Pequeños,Bocaditos,0.25,200,150
2023-04-06,Alfajores Grandes,Bocaditos,1.0,100,75
2023-04-06,Galletas Pequeñas,Bocaditos,0.25,200,150
2023-04-06,Galletas Grandes,Bocaditos,1.0,300,290
2023-04-06,Cookie,Bocaditos,2.0,100,70
2023-04-06,Orejitas Pequeñas,Bocaditos,0.25,200,150
2023-04-06,Orejas Grandes,Bocaditos,1.0,100,70
2023-04-06,Beso de Moza,Bocaditos,1.0,80,50
2023-04-06,Caramandugas,Bocaditos,0.25,300,250
2023-04-06,Rosquitas,Bocaditos,0.25,300,250
2023-04-07,Pan Chabatta,Panes,0.25,768,720
2023-04-07,Pan Francés,Panes,0.25,648,610
2023-04-07,Pan Yema Largo,Panes,0.25,360,320
2023-04-07,Pan Yema Redondo,Panes,0.25,360,320
2023-04-07,Pan Chapla,Panes,0.25,144,110
2023-04-07,Pan Coliza,Panes,0.25,192,170
2023-04-07,Pan Integral,Panes,0.25,144,110
2023-04-07,Pan Caracol,Panes,0.25,144,110
2023-04-07,Pan Hamburguesa,Panes,0.4,288,240
2023-04-07,Cachito,Panes,0.25,144,110
2023-04-07,Pan Manjar,Panes,0.3,72,68
2023-04-07,Leche,Abarrotes,4.0,5,2
2023-04-07,Jamon,Abarrotes,2.5,6,4
2023-04-07,Café,Abarrotes,2.0,5,4
2023-04-07,Queso,Abarrotes,3.0,4,2
2023-04-07,Alfajores Pequeños,Bocaditos,0.25,200,150
2023-04-07,Alfajores Grandes,Bocaditos,1.0,100,75
2023-04-07,Galletas Pequeñas,Bocaditos,0.25,200,150
2023-04-07,Galletas Grandes,Bocaditos,1.0,300,290
2023-04-07,Cookie,Bocaditos,2.0,100,70
2023-04-07,Orejitas Pequeñas,Bocaditos,0.25,200,150
2023-04-07,Orejas Grandes,Bocaditos,1.0,100,70
2023-04-07,Beso de Moza,Bocaditos,1.0,80,53
2023-04-07,Caramandugas,Bocaditos,0.25,300,250
2023-04-07,Rosquitas,Bocaditos,0.25,300,250
2023-04-08,Pan Chabatta,Panes,0.25,768,729
2023-04-08,Pan Francés,Panes,0.25,648,614
2023-04-08,Pan Yema Largo,Panes,0.25,360,322
2023-04-08,Pan Yema Redondo,Panes,0.25,360,328
2023-04-08,Pan Chapla,Panes,0.25,144,120
2023-04-08,Pan Coliza,Panes,0.25,192,173
2023-04-08,Pan Integral,Panes,0.25,144,120
2023-04-08,Pan Caracol,Panes,0.25,144,115
2023-04-08,Pan Hamburguesa,Panes,0.4,288,243
2023-04-08,Cachito,Panes,0.25,144,112
2023-04-08,Pan Manjar,Panes,0.3,72,71
2023-04-08,Leche,Abarrotes,4.0,5,3
2023-04-08,Jamon,Abarrotes,2.5,6,4
2023-04-08,Café,Abarrotes,2.0,5,5
2023-04-08,Queso,Abarrotes,3.0,4,2
2023-04-08,Alfajores Pequeños,Bocaditos,0.25,200,159
2023-04-08,Alfajores Grandes,Bocaditos,1.0,100,77
2023-04-08,Galletas Pequeñas,Bocaditos,0.25,200,152
2023-04-08,Galletas Grandes,Bocaditos,1.0,300,292
2023-04-08,Cookie,Bocaditos,2.0,100,71
2023-04-08,Orejitas Pequeñas,Bocaditos,0.25,200,159
2023-04-08,Orejas Grandes,Bocaditos,1.0,100,72
2023-04-08,Beso de Moza,Bocaditos,1.0,80,54
2023-04-08,Caramandugas,Bocaditos,0.25,300,258
2023-04-08,Rosquitas,Bocaditos,0.25,300,258
2023-04-09,Pan Chabatta,Panes,0.25,768,726
2023-04-09,Pan Francés,Panes,0.25,648,615
2023-04-09,Pan Yema Largo,Panes,0.25,360,331
2023-04-09,Pan Yema Redondo,Panes,0.25,360,326
2023-04-09,Pan Chapla,Panes,0.25,144,115
2023-04-09,Pan Coliza,Panes,0.25,192,172
2023-04-09,Pan Integral,Panes,0.25,144,111
2023-04-09,Pan Caracol,Panes,0.25,144,111
2023-04-09,Pan Hamburguesa,Panes,0.4,288,251
2023-04-09,Cachito,Panes,0.25,144,114
2023-04-09,Pan Manjar,Panes,0.3,72,68
2023-04-09,Leche,Abarrotes,4.0,5,2
2023-04-09,Jamon,Abarrotes,2.5,6,6
2023-04-09,Café,Abarrotes,2.0,5,4
2023-04-09,Queso,Abarrotes,3.0,4,3
2023-04-09,Alfajores Pequeños,Bocaditos,0.25,200,152
2023-04-09,Alfajores Grandes,Bocaditos,1.0,100,79
2023-04-09,Galletas Pequeñas,Bocaditos,0.25,200,160
2023-04-09,Galletas Grandes,Bocaditos,1.0,300,291
2023-04-09,Cookie,Bocaditos,2.0,100,70
2023-04-09,Orejitas Pequeñas,Bocaditos,0.25,200,153
2023-04-09,Orejas Grandes,Bocaditos,1.0,100,74
2023-04-09,Beso de Moza,Bocaditos,1.0,80,56
2023-04-09,Caramandugas,Bocaditos,0.25,300,260
2023-04-09,Rosquitas,Bocaditos,0.25,300,252
2023-04-10,Pan Chabatta,Panes,0.25,768,720
2023-04-10,Pan Francés,Panes,0.25,648,610
2023-04-10,Pan Yema Largo,Panes,0.25,360,320
2023-04-10,Pan Yema Redondo,Panes,0.25,360,320
2023-04-10,Pan Chapla,Panes,0.25,144,110
2023-04-10,Pan Coliza,Panes,0.25,192,170
2023-04-10,Pan Integral,Panes,0.25,144,110
2023-04-10,Pan Caracol,Panes,0.25,144,110
2023-04-10,Pan Hamburguesa,Panes,0.4,288,240
2023-04-10,Cachito,Panes,0.25,144,110
2023-04-10,Pan Manjar,Panes,0.3,72,68
2023-04-10,Leche,Abarrotes,4.0,5,3
2023-04-10,Jamon,Abarrotes,2.5,6,3
2023-04-10,Café,Abarrotes,2.0,5,2
2023-04-10,Queso,Abarrotes,3.0,4,2
2023-04-10,Alfajores Pequeños,Bocaditos,0.25,200,150
2023-04-10,Alfajores Grandes,Bocaditos,1.0,100,75
2023-04-10,Galletas Pequeñas,Bocaditos,0.25,200,150
2023-04-10,Galletas Grandes,Bocaditos,1.0,300,290
2023-04-10,Cookie,Bocaditos,2.0,100,70
2023-04-10,Orejitas Pequeñas,Bocaditos,0.25,200,150
2023-04-10,Orejas Grandes,Bocaditos,1.0,100,70
2023-04-10,Beso de Moza,Bocaditos,1.0,80,50
2023-04-10,Caramandugas,Bocaditos,0.25,300,250
2023-04-10,Rosquitas,Bocaditos,0.25,300,250
2023-04-11,Pan Chabatta,Panes,0.25,768,720
2023-04-11,Pan Francés,Panes,0.25,648,610
2023-04-11,Pan Yema Largo,Panes,0.25,360,320
2023-04-11,Pan Yema Redondo,Panes,0.25,360,320
2023-04-11,Pan Chapla,Panes,0.25,144,110
2023-04-11,Pan Coliza,Panes,0.25,192,170
2023-04-11,Pan Integral,Panes,0.25,144,110
2023-04-11,Pan Caracol,Panes,0.25,144,110
2023-04-11,Pan Hamburguesa,Panes,0.4,288,240
2023-04-11,Cachito,Panes,0.25,144,110
2023-04-11,Pan Manjar,Panes,0.3,72,68
2023-04-11,Leche,Abarrotes,4.0,5,2
2023-04-11,Jamon,Abarrotes,2.5,6,3
2023-04-11,Café,Abarrotes,2.0,5,2
2023-04-11,Queso,Abarrotes,3.0,4,2
2023-04-11,Alfajores Pequeños,Bocaditos,0.25,200,150
2023-04-11,Alfajores Grandes,Bocaditos,1.0,100,75
2023-04-11,Galletas Pequeñas,Bocaditos,0.25,200,150
2023-04-11,Galletas Grandes,Bocaditos,1.0,300,290
2023-04-11,Cookie,Bocaditos,2.0,100,70
2023-04-11,Orejitas Pequeñas,Bocaditos,0.25,200,150
2023-04-11,Orejas Grandes,Bocaditos,1.0,100,70
2023-04-11,Beso de Moza,Bocaditos,1.0,80,50
2023-04-11,Caramandugas,Bocaditos,0.25,300,250
2023-04-11,Rosquitas,Bocaditos,0.25,300,250
2023-04-12,Pan Chabatta,Panes,0.25,768,720
2023-04-12,Pan Francés,Panes,0.25,648,610
2023-04-12,Pan Yema Largo,Panes,0.25,360,320
2023-04-12,Pan Yema Redondo,Panes,0.25,360,320
2023-04-12,Pan Chapla,Panes,0.25,144,110
2023-04-12,Pan Coliza,Panes,0.25,192,170
2023-04-12,Pan Integral,Panes,0.25,144,110
2023-04-12,Pan Caracol,Panes,0.25,144,110
2023-04-12,Pan Hamburguesa,Panes,0.4,288,240
2023-04-12,Cachito,Panes,0.25,144,110
2023-04-12,Pan Manjar,Panes,0.3,72,68
2023-04-12,Leche,Abarrotes,4.0,5,2
2023-04-12,Jamon,Abarrotes,2.5,6,5
2023-04-12,Café,Abarrotes,2.0,5,3
2023-04-12,Queso,Abarrotes,3.0,4,2
2023-04-12,Alfajores Pequeños,Bocaditos,0.25,200,150
2023-04-12,Alfajores Grandes,Bocaditos,1.0,100,75
2023-04-12,Galletas Pequeñas,Bocaditos,0.25,200,150
2023-04-12,Galletas Grandes,Bocaditos,1.0,300,290
2023-04-12,Cookie,Bocaditos,2.0,100,70
2023-04-12,Orejitas Pequeñas,Bocaditos,0.25,200,150
2023-04-12,Orejas Grandes,Bocaditos,1.0,100,70
2023-04-12,Beso de Moza,Bocaditos,1.0,80,50
2023-04-12,Caramandugas,Bocaditos,0.25,300,250
2023-04-12,Rosquitas,Bocaditos,0.25,300,250
2023-04-13,Pan Chabatta,Panes,0.25,768,720
2023-04-13,Pan Francés,Panes,0.25,648,610
2023-04-13,Pan Yema Largo,Panes,0.25,360,320
2023-04-13,Pan Yema Redondo,Panes,0.25,360,320
2023-04-13,Pan Chapla,Panes,0.25,144,110
2023-04-13,Pan Coliza,Panes,0.25,192,170
2023-04-13,Pan Integral,Panes,0.25,144,110
2023-04-13,Pan Caracol,Panes,0.25,144,110
2023-04-13,Pan Hamburguesa,Panes,0.4,288,240
2023-04-13,Cachito,Panes,0.25,144,110
2023-04-13,Pan Manjar,Panes,0.3,72,68
2023-04-13,Leche,Abarrotes,4.0,5,2
2023-04-13,Jamon,Abarrotes,2.5,6,3
2023-04-13,Café,Abarrotes,2.0,5,2
2023-04-13,Queso,Abarrotes,3.0,4,2
2023-04-13,Alfajores Pequeños,Bocaditos,0.25,200,150
2023-04-13,Alfajores Grandes,Bocaditos,1.0,100,75
2023-04-13,Galletas Pequeñas,Bocaditos,0.25,200,150
2023-04-13,Galletas Grandes,Bocaditos,1.0,300,290
2023-04-13,Cookie,Bocaditos,2.0,100,70
2023-04-13,Orejitas Pequeñas,Bocaditos,0.25,200,150
2023-04-13,Orejas Grandes,Bocaditos,1.0,100,70
2023-04-13,Beso de Moza,Bocaditos,1.0,80,50
2023-04-13,Caramandugas,Bocaditos,0.25,300,250
2023-04-13,Rosquitas,Bocaditos,0.25,300,250
2023-04-14,Pan Chabatta,Panes,0.25,768,720
2023-04-14,Pan Francés,Panes,0.25,648,610
2023-04-14,Pan Yema Largo,Panes,0.25,360,320
2023-04-14,Pan Yema Redondo,Panes,0.25,360,320
2023-04-14,Pan Chapla,Panes,0.25,144,110
2023-04-14,Pan Coliza,Panes,0.25,192,170
2023-04-14,Pan Integral,Panes,0.25,144,110
2023-04-14,Pan Caracol,Panes,0.25,144,110
2023-04-14,Pan Hamburguesa,Panes,0.4,288,240
2023-04-14,Cachito,Panes,0.25,144,110
2023-04-14,Pan Manjar,Panes,0.3,72,68
2023-04-14,Leche,Abarrotes,4.0,5,2
2023-04-14,Jamon,Abarrotes,2.5,6,3
2023-04-14,Café,Abarrotes,2.0,5,2
2023-04-14,Queso,Abarrotes,3.0,4,2
2023-04-14,Alfajores Pequeños,Bocaditos,0.25,200,150
2023-04-14,Alfajores Grandes,Bocaditos,1.0,100,75
2023-04-14,Galletas Pequeñas,Bocaditos,0.25,200,150
2023-04-14,Galletas Grandes,Bocaditos,1.0,300,290
2023-04-14,Cookie,Bocaditos,2.0,100,70
2023-04-14,Orejitas Pequeñas,Bocaditos,0.25,200,150
2023-04-14,Orejas Grandes,Bocaditos,1.0,100,70
2023-04-14,Beso de Moza,Bocaditos,1.0,80,50
2023-04-14,Caramandugas,Bocaditos,0.25,300,250
2023-04-14,Rosquitas,Bocaditos,0.25,300,250
2023-04-15,Pan Chabatta,Panes,0.25,768,732
2023-04-15,Pan Francés,Panes,0.25,648,613
2023-04-15,Pan Yema Largo,Panes,0.25,360,331
2023-04-15,Pan Yema Redondo,Panes,0.25,360,329
2023-04-15,Pan Chapla,Panes,0.25,144,111
2023-04-15,Pan Coliza,Panes,0.25,192,171
2023-04-15,Pan Integral,Panes,0.25,144,111
2023-04-15,Pan Caracol,Panes,0.25,144,121
2023-04-15,Pan Hamburguesa,Panes,0.4,288,242
2023-04-15,Cachito,Panes,0.25,144,119
2023-04-15,Pan Manjar,Panes,0.3,72,70
2023-04-15,Leche,Abarrotes,4.0,5,2
2023-04-15,Jamon,Abarrotes,2.5,6,6
2023-04-15,Café,Abarrotes,2.0,5,2
2023-04-15,Queso,Abarrotes,3.0,4,2
2023-04-15,Alfajores Pequeños,Bocaditos,0.25,200,150
2023-04-15,Alfajores Grandes,Bocaditos,1.0,100,76
2023-04-15,Galletas Pequeñas,Bocaditos,0.25,200,154
2023-04-15,Galletas Grandes,Bocaditos,1.0,300,293
2023-04-15,Cookie,Bocaditos,2.0,100,71
2023-04-15,Orejitas Pequeñas,Bocaditos,0.25,200,159
2023-04-15,Orejas Grandes,Bocaditos,1.0,100,74
2023-04-15,Beso de Moza,Bocaditos,1.0,80,55
2023-04-15,Caramandugas,Bocaditos,0.25,300,256
2023-04-15,Rosquitas,Bocaditos,0.25,300,253
2023-04-16,Pan Chabatta,Panes,0.25,768,726
2023-04-16,Pan Francés,Panes,0.25,648,611
2023-04-16,Pan Yema Largo,Panes,0.25,360,326
2023-04-16,Pan Yema Redondo,Panes,0.25,360,328
2023-04-16,Pan Chapla,Panes,0.25,144,117
2023-04-16,Pan Coliza,Panes,0.25,192,173
2023-04-16,Pan Integral,Panes,0.25,144,116
2023-04-16,Pan Caracol,Panes,0.25,144,115
2023-04-16,Pan Hamburguesa,Panes,0.4,288,240
2023-04-16,Cachito,Panes,0.25,144,111
2023-04-16,Pan Manjar,Panes,0.3,72,70
2023-04-16,Leche,Abarrotes,4.0,5,4
2023-04-16,Jamon,Abarrotes,2.5,6,3
2023-04-16,Café,Abarrotes,2.0,5,4
2023-04-16,Queso,Abarrotes,3.0,4,2
2023-04-16,Alfajores Pequeños,Bocaditos,0.25,200,153
2023-04-16,Alfajores Grandes,Bocaditos,1.0,100,79
2023-04-16,Galletas Pequeñas,Bocaditos,0.25,200,152
2023-04-16,Galletas Grandes,Bocaditos,1.0,300,291
2023-04-16,Cookie,Bocaditos,2.0,100,73
2023-04-16,Orejitas Pequeñas,Bocaditos,0.25,200,155
2023-04-16,Orejas Grandes,Bocaditos,1.0,100,70
2023-04-16,Beso de Moza,Bocaditos,1.0,80,60
2023-04-16,Caramandugas,Bocaditos,0.25,300,253
2023-04-16,Rosquitas,Bocaditos,0.25,300,254
2023-04-17,Pan Chabatta,Panes,0.25,768,720
2023-04-17,Pan Francés,Panes,0.25,648,610
2023-04-17,Pan Yema Largo,Panes,0.25,360,320
2023-04-17,Pan Yema Redondo,Panes,0.25,360,320
2023-04-17,Pan Chapla,Panes,0.25,144,110
2023-04-17,Pan Coliza,Panes,0.25,192,170
2023-04-17,Pan Integral,Panes,0.25,144,110
2023-04-17,Pan Caracol,Panes,0.25,144,110
2023-04-17,Pan Hamburguesa,Panes,0.4,288,240
2023-04-17,Cachito,Panes,0.25,144,110
2023-04-17,Pan Manjar,Panes,0.3,72,68
2023-04-17,Leche,Abarrotes,4.0,5,2
2023-04-17,Jamon,Abarrotes,2.5,6,3
2023-04-17,Café,Abarrotes,2.0,5,2
2023-04-17,Queso,Abarrotes,3.0,4,2
2023-04-17,Alfajores Pequeños,Bocaditos,0.25,200,150
2023-04-17,Alfajores Grandes,Bocaditos,1.0,100,75
2023-04-17,Galletas Pequeñas,Bocaditos,0.25,200,150
2023-04-17,Galletas Grandes,Bocaditos,1.0,300,290
2023-04-17,Cookie,Bocaditos,2.0,100,70
2023-04-17,Orejitas Pequeñas,Bocaditos,0.25,200,150
2023-04-17,Orejas Grandes,Bocaditos,1.0,100,70
2023-04-17,Beso de Moza,Bocaditos,1.0,80,50
2023-04-17,Caramandugas,Bocaditos,0.25,300,250
2023-04-17,Rosquitas,Bocaditos,0.25,300,250
2023-04-18,Pan Chabatta,Panes,0.25,768,720
2023-04-18,Pan Francés,Panes,0.25,648,610
2023-04-18,Pan Yema Largo,Panes,0.25,360,320
2023-04-18,Pan Yema Redondo,Panes,0.25,360,320
2023-04-18,Pan Chapla,Panes,0.25,144,110
2023-04-18,Pan Coliza,Panes,0.25,192,170
2023-04-18,Pan Integral,Panes,0.25,144,110
2023-04-18,Pan Caracol,Panes,0.25,144,110
2023-04-18,Pan Hamburguesa,Panes,0.4,288,240
2023-04-18,Cachito,Panes,0.25,144,110
2023-04-18,Pan Manjar,Panes,0.3,72,68
2023-04-18,Leche,Abarrotes,4.0,5,4
2023-04-18,Jamon,Abarrotes,2.5,6,3
2023-04-18,Café,Abarrotes,2.0,5,2
2023-04-18,Queso,Abarrotes,3.0,4,3
2023-04-18,Alfajores Pequeños,Bocaditos,0.25,200,150
2023-04-18,Alfajores Grandes,Bocaditos,1.0,100,75
2023-04-18,Galletas Pequeñas,Bocaditos,0.25,200,150
2023-04-18,Galletas Grandes,Bocaditos,1.0,300,290
2023-04-18,Cookie,Bocaditos,2.0,100,70
2023-04-18,Orejitas Pequeñas,Bocaditos,0.25,200,150
2023-04-18,Orejas Grandes,Bocaditos,1.0,100,70
2023-04-18,Beso de Moza,Bocaditos,1.0,80,50
2023-04-18,Caramandugas,Bocaditos,0.25,300,250
2023-04-18,Rosquitas,Bocaditos,0.25,300,250
2023-04-19,Pan Chabatta,Panes,0.25,768,720
2023-04-19,Pan Francés,Panes,0.25,648,610
2023-04-19,Pan Yema Largo,Panes,0.25,360,320
2023-04-19,Pan Yema Redondo,Panes,0.25,360,320
2023-04-19,Pan Chapla,Panes,0.25,144,110
2023-04-19,Pan Coliza,Panes,0.25,192,170
2023-04-19,Pan Integral,Panes,0.25,144,110
2023-04-19,Pan Caracol,Panes,0.25,144,110
2023-04-19,Pan Hamburguesa,Panes,0.4,288,240
2023-04-19,Cachito,Panes,0.25,144,110
2023-04-19,Pan Manjar,Panes,0.3,72,68
2023-04-19,Leche,Abarrotes,4.0,5,2
2023-04-19,Jamon,Abarrotes,2.5,6,3
2023-04-19,Café,Abarrotes,2.0,5,2
2023-04-19,Queso,Abarrotes,3.0,4,3
2023-04-19,Alfajores Pequeños,Bocaditos,0.25,200,150
2023-04-19,Alfajores Grandes,Bocaditos,1.0,100,75
2023-04-19,Galletas Pequeñas,Bocaditos,0.25,200,150
2023-04-19,Galletas Grandes,Bocaditos,1.0,300,290
2023-04-19,Cookie,Bocaditos,2.0,100,70
2023-04-19,Orejitas Pequeñas,Bocaditos,0.25,200,150
2023-04-19,Orejas Grandes,Bocaditos,1.0,100,70
2023-04-19,Beso de Moza,Bocaditos,1.0,80,50
2023-04-19,Caramandugas,Bocaditos,0.25,300,250
2023-04-19,Rosquitas,Bocaditos,0.25,300,250
2023-04-20,Pan Chabatta,Panes,0.25,768,720
2023-04-20,Pan Francés,Panes,0.25,648,610
2023-04-20,Pan Yema Largo,Panes,0.25,360,320
2023-04-20,Pan Yema Redondo,Panes,0.25,360,320
2023-04-20,Pan Chapla,Panes,0.25,144,110
2023-04-20,Pan Coliza,Panes,0.25,192,170
2023-04-20,Pan Integral,Panes,0.25,144,110
2023-04-20,Pan Caracol,Panes,0.25,144,110
2023-04-20,Pan Hamburguesa,Panes,0.4,288,240
2023-04-20,Cachito,Panes,0.25,144,110
2023-04-20,Pan Manjar,Panes,0.3,72,68
2023-04-20,Leche,Abarrotes,4.0,5,2
2023-04-20,Jamon,Abarrotes,2.5,6,3
2023-04-20,Café,Abarrotes,2.0,5,2
2023-04-20,Queso,Abarrotes,3.0,4,2
2023-04-20,Alfajores Pequeños,Bocaditos,0.25,200,150
2023-04-20,Alfajores Grandes,Bocaditos,1.0,100,75
2023-04-20,Galletas Pequeñas,Bocaditos,0.25,200,150
2023-04-20,Galletas Grandes,Bocaditos,1.0,300,290
2023-04-20,Cookie,Bocaditos,2.0,100,70
2023-04-20,Orejitas Pequeñas,Bocaditos,0.25,200,150
2023-04-20,Orejas Grandes,Bocaditos,1.0,100,70
2023-04-20,Beso de Moza,Bocaditos,1.0,80,50
2023-04-20,Caramandugas,Bocaditos,0.25,300,250
2023-04-20,Rosquitas,Bocaditos,0.25,300,250
2023-04-21,Pan Chabatta,Panes,0.25,768,720
2023-04-21,Pan Francés,Panes,0.25,648,610
2023-04-21,Pan Yema Largo,Panes,0.25,360,320
2023-04-21,Pan Yema Redondo,Panes,0.25,360,320
2023-04-21,Pan Chapla,Panes,0.25,144,110
2023-04-21,Pan Coliza,Panes,0.25,192,170
2023-04-21,Pan Integral,Panes,0.25,144,110
2023-04-21,Pan Caracol,Panes,0.25,144,110
2023-04-21,Pan Hamburguesa,Panes,0.4,288,240
2023-04-21,Cachito,Panes,0.25,144,110
2023-04-21,Pan Manjar,Panes,0.3,72,68
2023-04-21,Leche,Abarrotes,4.0,5,3
2023-04-21,Jamon,Abarrotes,2.5,6,3
2023-04-21,Café,Abarrotes,2.0,5,2
2023-04-21,Queso,Abarrotes,3.0,4,2
2023-04-21,Alfajores Pequeños,Bocaditos,0.25,200,150
2023-04-21,Alfajores Grandes,Bocaditos,1.0,100,75
2023-04-21,Galletas Pequeñas,Bocaditos,0.25,200,150
2023-04-21,Galletas Grandes,Bocaditos,1.0,300,290
2023-04-21,Cookie,Bocaditos,2.0,100,70
2023-04-21,Orejitas Pequeñas,Bocaditos,0.25,200,150
2023-04-21,Orejas Grandes,Bocaditos,1.0,100,70
2023-04-21,Beso de Moza,Bocaditos,1.0,80,50
2023-04-21,Caramandugas,Bocaditos,0.25,300,250
2023-04-21,Rosquitas,Bocaditos,0.25,300,250
2023-04-22,Pan Chabatta,Panes,0.25,768,726
2023-04-22,Pan Francés,Panes,0.25,648,619
2023-04-22,Pan Yema Largo,Panes,0.25,360,324
2023-04-22,Pan Yema Redondo,Panes,0.25,360,327
2023-04-22,Pan Chapla,Panes,0.25,144,114
2023-04-22,Pan Coliza,Panes,0.25,192,172
2023-04-22,Pan Integral,Panes,0.25,144,110
2023-04-22,Pan Caracol,Panes,0.25,144,114
2023-04-22,Pan Hamburguesa,Panes,0.4,288,244
2023-04-22,Cachito,Panes,0.25,144,114
2023-04-22,Pan Manjar,Panes,0.3,72,71
2023-04-22,Leche,Abarrotes,4.0,5,4
2023-04-22,Jamon,Abarrotes,2.5,6,4
2023-04-22,Café,Abarrotes,2.0,5,3
2023-04-22,Queso,Abarrotes,3.0,4,2
2023-04-22,Alfajores Pequeños,Bocaditos,0.25,200,150
2023-04-22,Alfajores Grandes,Bocaditos,1.0,100,75
2023-04-22,Galletas Pequeñas,Bocaditos,0.25,200,160
2023-04-22,Galletas Grandes,Bocaditos,1.0,300,294
2023-04-22,Cookie,Bocaditos,2.0,100,73
2023-04-22,Orejitas Pequeñas,Bocaditos,0.25,200,150
2023-04-22,Orejas Grandes,Bocaditos,1.0,100,70
2023-04-22,Beso de Moza,Bocaditos,1.0,80,55
2023-04-22,Caramandugas,Bocaditos,0.25,300,253
2023-04-22,Rosquitas,Bocaditos,0.25,300,251
2023-04-23,Pan Chabatta,Panes,0.25,768,721
2023-04-23,Pan Francés,Panes,0.25,648,612
2023-04-23,Pan Yema Largo,Panes,0.25,360,323
2023-04-23,Pan Yema Redondo,Panes,0.25,360,321
2023-04-23,Pan Chapla,Panes,0.25,144,120
2023-04-23,Pan Coliza,Panes,0.25,192,172
2023-04-23,Pan Integral,Panes,0.25,144,112
2023-04-23,Pan Caracol,Panes,0.25,144,114
2023-04-23,Pan Hamburguesa,Panes,0.4,288,246
2023-04-23,Cachito,Panes,0.25,144,114
2023-04-23,Pan Manjar,Panes,0.3,72,68
2023-04-23,Leche,Abarrotes,4.0,5,3
2023-04-23,Jamon,Abarrotes,2.5,6,5
2023-04-23,Café,Abarrotes,2.0,5,5
2023-04-23,Queso,Abarrotes,3.0,4,2
2023-04-23,Alfajores Pequeños,Bocaditos,0.25,200,155
2023-04-23,Alfajores Grandes,Bocaditos,1.0,100,75
2023-04-23,Galletas Pequeñas,Bocaditos,0.25,200,158
2023-04-23,Galletas Grandes,Bocaditos,1.0,300,290
2023-04-23,Cookie,Bocaditos,2.0,100,72
2023-04-23,Orejitas Pequeñas,Bocaditos,0.25,200,155
2023-04-23,Orejas Grandes,Bocaditos,1.0,100,71
2023-04-23,Beso de Moza,Bocaditos,1.0,80,59
2023-04-23,Caramandugas,Bocaditos,0.25,300,251
2023-04-23,Rosquitas,Bocaditos,0.25,300,255
2023-04-24,Pan Chabatta,Panes,0.25,768,720
2023-04-24,Pan Francés,Panes,0.25,648,610
2023-04-24,Pan Yema Largo,Panes,0.25,360,320
2023-04-24,Pan Yema Redondo,Panes,0.25,360,320
2023-04-24,Pan Chapla,Panes,0.25,144,110
2023-04-24,Pan Coliza,Panes,0.25,192,170
2023-04-24,Pan Integral,Panes,0.25,144,110
2023-04-24,Pan Caracol,Panes,0.25,144,110
2023-04-24,Pan Hamburguesa,Panes,0.4,288,240
2023-04-24,Cachito,Panes,0.25,144,110
2023-04-24,Pan Manjar,Panes,0.3,72,68
2023-04-24,Leche,Abarrotes,4.0,5,2
2023-04-24,Jamon,Abarrotes,2.5,6,3
2023-04-24,Café,Abarrotes,2.0,5,3
2023-04-24,Queso,Abarrotes,3.0,4,2
2023-04-24,Alfajores Pequeños,Bocaditos,0.25,200,150
2023-04-24,Alfajores Grandes,Bocaditos,1.0,100,75
2023-04-24,Galletas Pequeñas,Bocaditos,0.25,200,150
2023-04-24,Galletas Grandes,Bocaditos,1.0,300,290
2023-04-24,Cookie,Bocaditos,2.0,100,70
2023-04-24,Orejitas Pequeñas,Bocaditos,0.25,200,150
2023-04-24,Orejas Grandes,Bocaditos,1.0,100,70
2023-04-24,Beso de Moza,Bocaditos,1.0,80,50
2023-04-24,Caramandugas,Bocaditos,0.25,300,250
2023-04-24,Rosquitas,Bocaditos,0.25,300,250
2023-04-25,Pan Chabatta,Panes,0.25,768,720
2023-04-25,Pan Francés,Panes,0.25,648,610
2023-04-25,Pan Yema Largo,Panes,0.25,360,320
2023-04-25,Pan Yema Redondo,Panes,0.25,360,320
2023-04-25,Pan Chapla,Panes,0.25,144,110
2023-04-25,Pan Coliza,Panes,0.25,192,170
2023-04-25,Pan Integral,Panes,0.25,144,110
2023-04-25,Pan Caracol,Panes,0.25,144,110
2023-04-25,Pan Hamburguesa,Panes,0.4,288,240
2023-04-25,Cachito,Panes,0.25,144,110
2023-04-25,Pan Manjar,Panes,0.3,72,68
2023-04-25,Leche,Abarrotes,4.0,5,2
2023-04-25,Jamon,Abarrotes,2.5,6,4
2023-04-25,Café,Abarrotes,2.0,5,2
2023-04-25,Queso,Abarrotes,3.0,4,2
2023-04-25,Alfajores Pequeños,Bocaditos,0.25,200,150
2023-04-25,Alfajores Grandes,Bocaditos,1.0,100,75
2023-04-25,Galletas Pequeñas,Bocaditos,0.25,200,150
2023-04-25,Galletas Grandes,Bocaditos,1.0,300,290
2023-04-25,Cookie,Bocaditos,2.0,100,70
2023-04-25,Orejitas Pequeñas,Bocaditos,0.25,200,150
2023-04-25,Orejas Grandes,Bocaditos,1.0,100,70
2023-04-25,Beso de Moza,Bocaditos,1.0,80,50
2023-04-25,Caramandugas,Bocaditos,0.25,300,250
2023-04-25,Rosquitas,Bocaditos,0.25,300,250
2023-04-26,Pan Chabatta,Panes,0.25,768,720
2023-04-26,Pan Francés,Panes,0.25,648,610
2023-04-26,Pan Yema Largo,Panes,0.25,360,320
2023-04-26,Pan Yema Redondo,Panes,0.25,360,320
2023-04-26,Pan Chapla,Panes,0.25,144,110
2023-04-26,Pan Coliza,Panes,0.25,192,170
2023-04-26,Pan Integral,Panes,0.25,144,110
2023-04-26,Pan Caracol,Panes,0.25,144,110
2023-04-26,Pan Hamburguesa,Panes,0.4,288,240
2023-04-26,Cachito,Panes,0.25,144,110
2023-04-26,Pan Manjar,Panes,0.3,72,68
2023-04-26,Leche,Abarrotes,4.0,5,2
2023-04-26,Jamon,Abarrotes,2.5,6,3
2023-04-26,Café,Abarrotes,2.0,5,2
2023-04-26,Queso,Abarrotes,3.0,4,2
2023-04-26,Alfajores Pequeños,Bocaditos,0.25,200,150
2023-04-26,Alfajores Grandes,Bocaditos,1.0,100,75
2023-04-26,Galletas Pequeñas,Bocaditos,0.25,200,150
2023-04-26,Galletas Grandes,Bocaditos,1.0,300,290
2023-04-26,Cookie,Bocaditos,2.0,100,70
2023-04-26,Orejitas Pequeñas,Bocaditos,0.25,200,150
2023-04-26,Orejas Grandes,Bocaditos,1.0,100,70
2023-04-26,Beso de Moza,Bocaditos,1.0,80,50
2023-04-26,Caramandugas,Bocaditos,0.25,300,250
2023-04-26,Rosquitas,Bocaditos,0.25,300,250
2023-04-27,Pan Chabatta,Panes,0.25,768,720
2023-04-27,Pan Francés,Panes,0.25,648,610
2023-04-27,Pan Yema Largo,Panes,0.25,360,320
2023-04-27,Pan Yema Redondo,Panes,0.25,360,320
2023-04-27,Pan Chapla,Panes,0.25,144,110
2023-04-27,Pan Coliza,Panes,0.25,192,170
2023-04-27,Pan Integral,Panes,0.25,144,110
2023-04-27,Pan Caracol,Panes,0.25,144,110
2023-04-27,Pan Hamburguesa,Panes,0.4,288,240
2023-04-27,Cachito,Panes,0.25,144,110
2023-04-27,Pan Manjar,Panes,0.3,72,68
2023-04-27,Leche,Abarrotes,4.0,5,2
2023-04-27,Jamon,Abarrotes,2.5,6,4
2023-04-27,Café,Abarrotes,2.0,5,2
2023-04-27,Queso,Abarrotes,3.0,4,3
2023-04-27,Alfajores Pequeños,Bocaditos,0.25,200,150
2023-04-27,Alfajores Grandes,Bocaditos,1.0,100,75
2023-04-27,Galletas Pequeñas,Bocaditos,0.25,200,150
2023-04-27,Galletas Grandes,Bocaditos,1.0,300,290
2023-04-27,Cookie,Bocaditos,2.0,100,70
2023-04-27,Orejitas Pequeñas,Bocaditos,0.25,200,150
2023-04-27,Orejas Grandes,Bocaditos,1.0,100,70
2023-04-27,Beso de Moza,Bocaditos,1.0,80,50
2023-04-27,Caramandugas,Bocaditos,0.25,300,250
2023-04-27,Rosquitas,Bocaditos,0.25,300,250
2023-04-28,Pan Chabatta,Panes,0.25,768,720
2023-04-28,Pan Francés,Panes,0.25,648,610
2023-04-28,Pan Yema Largo,Panes,0.25,360,320
2023-04-28,Pan Yema Redondo,Panes,0.25,360,320
2023-04-28,Pan Chapla,Panes,0.25,144,110
2023-04-28,Pan Coliza,Panes,0.25,192,170
2023-04-28,Pan Integral,Panes,0.25,144,110
2023-04-28,Pan Caracol,Panes,0.25,144,110
2023-04-28,Pan Hamburguesa,Panes,0.4,288,240
2023-04-28,Cachito,Panes,0.25,144,110
2023-04-28,Pan Manjar,Panes,0.3,72,68
2023-04-28,Leche,Abarrotes,4.0,5,2
2023-04-28,Jamon,Abarrotes,2.5,6,4
2023-04-28,Café,Abarrotes,2.0,5,2
2023-04-28,Queso,Abarrotes,3.0,4,2
2023-04-28,Alfajores Pequeños,Bocaditos,0.25,200,150
2023-04-28,Alfajores Grandes,Bocaditos,1.0,100,75
2023-04-28,Galletas Pequeñas,Bocaditos,0.25,200,150
2023-04-28,Galletas Grandes,Bocaditos,1.0,300,290
2023-04-28,Cookie,Bocaditos,2.0,100,70
2023-04-28,Orejitas Pequeñas,Bocaditos,0.25,200,150
2023-04-28,Orejas Grandes,Bocaditos,1.0,100,70
2023-04-28,Beso de Moza,Bocaditos,1.0,80,50
2023-04-28,Caramandugas,Bocaditos,0.25,300,250
2023-04-28,Rosquitas,Bocaditos,0.25,300,250
2023-04-29,Pan Chabatta,Panes,0.25,768,735
2023-04-29,Pan Francés,Panes,0.25,648,620
2023-04-29,Pan Yema Largo,Panes,0.25,360,323
2023-04-29,Pan Yema Redondo,Panes,0.25,360,323
2023-04-29,Pan Chapla,Panes,0.25,144,116
2023-04-29,Pan Coliza,Panes,0.25,192,172
2023-04-29,Pan Integral,Panes,0.25,144,116
2023-04-29,Pan Caracol,Panes,0.25,144,120
2023-04-29,Pan Hamburguesa,Panes,0.4,288,249
2023-04-29,Cachito,Panes,0.25,144,111
2023-04-29,Pan Manjar,Panes,0.3,72,71
2023-04-29,Leche,Abarrotes,4.0,5,2
2023-04-29,Jamon,Abarrotes,2.5,6,4
2023-04-29,Café,Abarrotes,2.0,5,2
2023-04-29,Queso,Abarrotes,3.0,4,3
2023-04-29,Alfajores Pequeños,Bocaditos,0.25,200,158
2023-04-29,Alfajores Grandes,Bocaditos,1.0,100,78
2023-04-29,Galletas Pequeñas,Bocaditos,0.25,200,156
2023-04-29,Galletas Grandes,Bocaditos,1.0,300,290
2023-04-29,Cookie,Bocaditos,2.0,100,73
2023-04-29,Orejitas Pequeñas,Bocaditos,0.25,200,159
2023-04-29,Orejas Grandes,Bocaditos,1.0,100,74
2023-04-29,Beso de Moza,Bocaditos,1.0,80,50
2023-04-29,Caramandugas,Bocaditos,0.25,300,256
2023-04-29,Rosquitas,Bocaditos,0.25,300,252
2023-04-30,Pan Chabatta,Panes,0.25,768,723
2023-04-30,Pan Francés,Panes,0.25,648,620
2023-04-30,Pan Yema Largo,Panes,0.25,360,326
2023-04-30,Pan Yema Redondo,Panes,0.25,360,321
2023-04-30,Pan Chapla,Panes,0.25,144,117
2023-04-30,Pan Coliza,Panes,0.25,192,170
2023-04-30,Pan Integral,Panes,0.25,144,110
2023-04-30,Pan Caracol,Panes,0.25,144,111
2023-04-30,Pan Hamburguesa,Panes,0.4,288,246
2023-04-30,Cachito,Panes,0.25,144,112
2023-04-30,Pan Manjar,Panes,0.3,72,69
2023-04-30,Leche,Abarrotes,4.0,5,5
2023-04-30,Jamon,Abarrotes,2.5,6,5
2023-04-30,Café,Abarrotes,2.0,5,2
2023-04-30,Queso,Abarrotes,3.0,4,4
2023-04-30,Alfajores Pequeños,Bocaditos,0.25,200,160
2023-04-30,Alfajores Grandes,Bocaditos,1.0,100,78
2023-04-30,Galletas Pequeñas,Bocaditos,0.25,200,158
2023-04-30,Galletas Grandes,Bocaditos,1.0,300,290
2023-04-30,Cookie,Bocaditos,2.0,100,70
2023-04-30,Orejitas Pequeñas,Bocaditos,0.25,200,159
2023-04-30,Orejas Grandes,Bocaditos,1.0,100,72
2023-04-30,Beso de Moza,Bocaditos,1.0,80,58
2023-04-30,Caramandugas,Bocaditos,0.25,300,256
2023-04-30,Rosquitas,Bocaditos,0.25,300,252
2023-05-01,Pan Chabatta,Panes,0.25,768,720
2023-05-01,Pan Francés,Panes,0.25,648,610
2023-05-01,Pan Yema Largo,Panes,0.25,360,320
2023-05-01,Pan Yema Redondo,Panes,0.25,360,320
2023-05-01,Pan Chapla,Panes,0.25,144,110
2023-05-01,Pan Coliza,Panes,0.25,192,170
2023-05-01,Pan Integral,Panes,0.25,144,110
2023-05-01,Pan Caracol,Panes,0.25,144,110
2023-05-01,Pan Hamburguesa,Panes,0.4,288,240
2023-05-01,Cachito,Panes,0.25,144,110
2023-05-01,Pan Manjar,Panes,0.3,72,68
2023-05-01,Leche,Abarrotes,4.0,5,2
2023-05-01,Jamon,Abarrotes,2.5,6,3
2023-05-01,Café,Abarrotes,2.0,5,2
2023-05-01,Queso,Abarrotes,3.0,4,2
2023-05-01,Alfajores Pequeños,Bocaditos,0.25,200,150
2023-05-01,Alfajores Grandes,Bocaditos,1.0,100,75
2023-05-01,Galletas Pequeñas,Bocaditos,0.25,200,150
2023-05-01,Galletas Grandes,Bocaditos,1.0,300,290
2023-05-01,Cookie,Bocaditos,2.0,100,70
2023-05-01,Orejitas Pequeñas,Bocaditos,0.25,200,150
2023-05-01,Orejas Grandes,Bocaditos,1.0,100,70
2023-05-01,Beso de Moza,Bocaditos,1.0,80,50
2023-05-01,Caramandugas,Bocaditos,0.25,300,250
2023-05-01,Rosquitas,Bocaditos,0.25,300,250
2023-05-02,Pan Chabatta,Panes,0.25,768,720
2023-05-02,Pan Francés,Panes,0.25,648,610
2023-05-02,Pan Yema Largo,Panes,0.25,360,320
2023-05-02,Pan Yema Redondo,Panes,0.25,360,320
2023-05-02,Pan Chapla,Panes,0.25,144,110
2023-05-02,Pan Coliza,Panes,0.25,192,170
2023-05-02,Pan Integral,Panes,0.25,144,110
2023-05-02,Pan Caracol,Panes,0.25,144,110
2023-05-02,Pan Hamburguesa,Panes,0.4,288,240
2023-05-02,Cachito,Panes,0.25,144,110
2023-05-02,Pan Manjar,Panes,0.3,72,68
2023-05-02,Leche,Abarrotes,4.0,5,2
2023-05-02,Jamon,Abarrotes,2.5,6,3
2023-05-02,Café,Abarrotes,2.0,5,2
2023-05-02,Queso,Abarrotes,3.0,4,2
2023-05-02,Alfajores Pequeños,Bocaditos,0.25,200,150
2023-05-02,Alfajores Grandes,Bocaditos,1.0,100,75
2023-05-02,Galletas Pequeñas,Bocaditos,0.25,200,150
2023-05-02,Galletas Grandes,Bocaditos,1.0,300,290
2023-05-02,Cookie,Bocaditos,2.0,100,70
2023-05-02,Orejitas Pequeñas,Bocaditos,0.25,200,150
2023-05-02,Orejas Grandes,Bocaditos,1.0,100,70
2023-05-02,Beso de Moza,Bocaditos,1.0,80,50
2023-05-02,Caramandugas,Bocaditos,0.25,300,250
2023-05-02,Rosquitas,Bocaditos,0.25,300,250
2023-05-03,Pan Chabatta,Panes,0.25,768,720
2023-05-03,Pan Francés,Panes,0.25,648,610
2023-05-03,Pan Yema Largo,Panes,0.25,360,320
2023-05-03,Pan Yema Redondo,Panes,0.25,360,320
2023-05-03,Pan Chapla,Panes,0.25,144,110
2023-05-03,Pan Coliza,Panes,0.25,192,170
2023-05-03,Pan Integral,Panes,0.25,144,110
2023-05-03,Pan Caracol,Panes,0.25,144,110
2023-05-03,Pan Hamburguesa,Panes,0.4,288,240
2023-05-03,Cachito,Panes,0.25,144,110
2023-05-03,Pan Manjar,Panes,0.3,72,68
2023-05-03,Leche,Abarrotes,4.0,5,2
2023-05-03,Jamon,Abarrotes,2.5,6,3
2023-05-03,Café,Abarrotes,2.0,5,2
2023-05-03,Queso,Abarrotes,3.0,4,2
2023-05-03,Alfajores Pequeños,Bocaditos,0.25,200,150
2023-05-03,Alfajores Grandes,Bocaditos,1.0,100,75
2023-05-03,Galletas Pequeñas,Bocaditos,0.25,200,150
2023-05-03,Galletas Grandes,Bocaditos,1.0,300,290
2023-05-03,Cookie,Bocaditos,2.0,100,70
2023-05-03,Orejitas Pequeñas,Bocaditos,0.25,200,150
2023-05-03,Orejas Grandes,Bocaditos,1.0,100,70
2023-05-03,Beso de Moza,Bocaditos,1.0,80,50
2023-05-03,Caramandugas,Bocaditos,0.25,300,250
2023-05-03,Rosquitas,Bocaditos,0.25,300,250
2023-05-04,Pan Chabatta,Panes,0.25,768,720
2023-05-04,Pan Francés,Panes,0.25,648,610
2023-05-04,Pan Yema Largo,Panes,0.25,360,320
2023-05-04,Pan Yema Redondo,Panes,0.25,360,320
2023-05-04,Pan Chapla,Panes,0.25,144,110
2023-05-04,Pan Coliza,Panes,0.25,192,170
2023-05-04,Pan Integral,Panes,0.25,144,110
2023-05-04,Pan Caracol,Panes,0.25,144,110
2023-05-04,Pan Hamburguesa,Panes,0.4,288,240
2023-05-04,Cachito,Panes,0.25,144,110
2023-05-04,Pan Manjar,Panes,0.3,72,68
2023-05-04,Leche,Abarrotes,4.0,5,3
2023-05-04,Jamon,Abarrotes,2.5,6,3
2023-05-04,Café,Abarrotes,2.0,5,3
2023-05-04,Queso,Abarrotes,3.0,4,2
2023-05-04,Alfajores Pequeños,Bocaditos,0.25,200,150
2023-05-04,Alfajores Grandes,Bocaditos,1.0,100,75
2023-05-04,Galletas Pequeñas,Bocaditos,0.25,200,150
2023-05-04,Galletas Grandes,Bocaditos,1.0,300,290
2023-05-04,Cookie,Bocaditos,2.0,100,70
2023-05-04,Orejitas Pequeñas,Bocaditos,0.25,200,150
2023-05-04,Orejas Grandes,Bocaditos,1.0,100,70
2023-05-04,Beso de Moza,Bocaditos,1.0,80,50
2023-05-04,Caramandugas,Bocaditos,0.25,300,250
2023-05-04,Rosquitas,Bocaditos,0.25,300,250
2023-05-05,Pan Chabatta,Panes,0.25,768,720
2023-05-05,Pan Francés,Panes,0.25,648,610
2023-05-05,Pan Yema Largo,Panes,0.25,360,320
2023-05-05,Pan Yema Redondo,Panes,0.25,360,320
2023-05-05,Pan Chapla,Panes,0.25,144,110
2023-05-05,Pan Coliza,Panes,0.25,192,170
2023-05-05,Pan Integral,Panes,0.25,144,110
2023-05-05,Pan Caracol,Panes,0.25,144,110
2023-05-05,Pan Hamburguesa,Panes,0.4,288,240
2023-05-05,Cachito,Panes,0.25,144,110
2023-05-05,Pan Manjar,Panes,0.3,72,68
2023-05-05,Leche,Abarrotes,4.0,5,2
2023-05-05,Jamon,Abarrotes,2.5,6,3
2023-05-05,Café,Abarrotes,2.0,5,2
2023-05-05,Queso,Abarrotes,3.0,4,2
2023-05-05,Alfajores Pequeños,Bocaditos,0.25,200,150
2023-05-05,Alfajores Grandes,Bocaditos,1.0,100,75
2023-05-05,Galletas Pequeñas,Bocaditos,0.25,200,150
2023-05-05,Galletas Grandes,Bocaditos,1.0,300,290
2023-05-05,Cookie,Bocaditos,2.0,100,70
2023-05-05,Orejitas Pequeñas,Bocaditos,0.25,200,150
2023-05-05,Orejas Grandes,Bocaditos,1.0,100,70
2023-05-05,Beso de Moza,Bocaditos,1.0,80,50
2023-05-05,Caramandugas,Bocaditos,0.25,300,250
2023-05-05,Rosquitas,Bocaditos,0.25,300,250
2023-05-06,Pan Chabatta,Panes,0.25,768,733
2023-05-06,Pan Francés,Panes,0.25,648,610
2023-05-06,Pan Yema Largo,Panes,0.25,360,322
2023-05-06,Pan Yema Redondo,Panes,0.25,360,326
2023-05-06,Pan Chapla,Panes,0.25,144,121
2023-05-06,Pan Coliza,Panes,0.25,192,171
2023-05-06,Pan Integral,Panes,0.25,144,113
2023-05-06,Pan Caracol,Panes,0.25,144,110
2023-05-06,Pan Hamburguesa,Panes,0.4,288,243
2023-05-06,Cachito,Panes,0.25,144,119
2023-05-06,Pan Manjar,Panes,0.3,72,69
2023-05-06,Leche,Abarrotes,4.0,5,4
2023-05-06,Jamon,Abarrotes,2.5,6,5
2023-05-06,Café,Abarrotes,2.0,5,4
2023-05-06,Queso,Abarrotes,3.0,4,2
2023-05-06,Alfajores Pequeños,Bocaditos,0.25,200,151
2023-05-06,Alfajores Grandes,Bocaditos,1.0,100,79
2023-05-06,Galletas Pequeñas,Bocaditos,0.25,200,151
2023-05-06,Galletas Grandes,Bocaditos,1.0,300,293
2023-05-06,Cookie,Bocaditos,2.0,100,74
2023-05-06,Orejitas Pequeñas,Bocaditos,0.25,200,152
2023-05-06,Orejas Grandes,Bocaditos,1.0,100,70
2023-05-06,Beso de Moza,Bocaditos,1.0,80,55
2023-05-06,Caramandugas,Bocaditos,0.25,300,256
2023-05-06,Rosquitas,Bocaditos,0.25,300,253
2023-05-07,Pan Chabatta,Panes,0.25,768,725
2023-05-07,Pan Francés,Panes,0.25,648,619
2023-05-07,Pan Yema Largo,Panes,0.25,360,322
2023-05-07,Pan Yema Redondo,Panes,0.25,360,320
2023-05-07,Pan Chapla,Panes,0.25,144,119
2023-05-07,Pan Coliza,Panes,0.25,192,174
2023-05-07,Pan Integral,Panes,0.25,144,114
2023-05-07,Pan Caracol,Panes,0.25,144,118
2023-05-07,Pan Hamburguesa,Panes,0.4,288,246
2023-05-07,Cachito,Panes,0.25,144,116
2023-05-07,Pan Manjar,Panes,0.3,72,68
2023-05-07,Leche,Abarrotes,4.0,5,3
2023-05-07,Jamon,Abarrotes,2.5,6,5
2023-05-07,Café,Abarrotes,2.0,5,4
2023-05-07,Queso,Abarrotes,3.0,4,2
2023-05-07,Alfajores Pequeños,Bocaditos,0.25,200,160
2023-05-07,Alfajores Grandes,Bocaditos,1.0,100,75
2023-05-07,Galletas Pequeñas,Bocaditos,0.25,200,158
2023-05-07,Galletas Grandes,Bocaditos,1.0,300,291
2023-05-07,Cookie,Bocaditos,2.0,100,70
2023-05-07,Orejitas Pequeñas,Bocaditos,0.25,200,151
2023-05-07,Orejas Grandes,Bocaditos,1.0,100,70
2023-05-07,Beso de Moza,Bocaditos,1.0,80,54
2023-05-07,Caramandugas,Bocaditos,0.25,300,250
2023-05-07,Rosquitas,Bocaditos,0.25,300,254
2023-05-08,Pan Chabatta,Panes,0.25,768,720
2023-05-08,Pan Francés,Panes,0.25,648,610
2023-05-08,Pan Yema Largo,Panes,0.25,360,320
2023-05-08,Pan Yema Redondo,Panes,0.25,360,320
2023-05-08,Pan Chapla,Panes,0.25,144,110
2023-05-08,Pan Coliza,Panes,0.25,192,170
2023-05-08,Pan Integral,Panes,0.25,144,110
2023-05-08,Pan Caracol,Panes,0.25,144,110
2023-05-08,Pan Hamburguesa,Panes,0.4,288,240
2023-05-08,Cachito,Panes,0.25,144,110
2023-05-08,Pan Manjar,Panes,0.3,72,68
2023-05-08,Leche,Abarrotes,4.0,5,3
2023-05-08,Jamon,Abarrotes,2.5,6,3
2023-05-08,Café,Abarrotes,2.0,5,2
2023-05-08,Queso,Abarrotes,3.0,4,2
2023-05-08,Alfajores Pequeños,Bocaditos,0.25,200,150
2023-05-08,Alfajores Grandes,Bocaditos,1.0,100,75
2023-05-08,Galletas Pequeñas,Bocaditos,0.25,200,150
2023-05-08,Galletas Grandes,Bocaditos,1.0,300,290
2023-05-08,Cookie,Bocaditos,2.0,100,70
2023-05-08,Orejitas Pequeñas,Bocaditos,0.25,200,150
2023-05-08,Orejas Grandes,Bocaditos,1.0,100,70
2023-05-08,Beso de Moza,Bocaditos,1.0,80,50
2023-05-08,Caramandugas,Bocaditos,0.25,300,250
2023-05-08,Rosquitas,Bocaditos,0.25,300,250
2023-05-09,Pan Chabatta,Panes,0.25,768,720
2023-05-09,Pan Francés,Panes,0.25,648,610
2023-05-09,Pan Yema Largo,Panes,0.25,360,320
2023-05-09,Pan Yema Redondo,Panes,0.25,360,320
2023-05-09,Pan Chapla,Panes,0.25,144,110
2023-05-09,Pan Coliza,Panes,0.25,192,170
2023-05-09,Pan Integral,Panes,0.25,144,110
2023-05-09,Pan Caracol,Panes,0.25,144,110
2023-05-09,Pan Hamburguesa,Panes,0.4,288,240
2023-05-09,Cachito,Panes,0.25,144,110
2023-05-09,Pan Manjar,Panes,0.3,72,68
2023-05-09,Leche,Abarrotes,4.0,5,2
2023-05-09,Jamon,Abarrotes,2.5,6,3
2023-05-09,Café,Abarrotes,2.0,5,2
2023-05-09,Queso,Abarrotes,3.0,4,2
2023-05-09,Alfajores Pequeños,Bocaditos,0.25,200,150
2023-05-09,Alfajores Grandes,Bocaditos,1.0,100,75
2023-05-09,Galletas Pequeñas,Bocaditos,0.25,200,150
2023-05-09,Galletas Grandes,Bocaditos,1.0,300,290
2023-05-09,Cookie,Bocaditos,2.0,100,70
2023-05-09,Orejitas Pequeñas,Bocaditos,0.25,200,150
2023-05-09,Orejas Grandes,Bocaditos,1.0,100,70
2023-05-09,Beso de Moza,Bocaditos,1.0,80,50
2023-05-09,Caramandugas,Bocaditos,0.25,300,250
2023-05-09,Rosquitas,Bocaditos,0.25,300,250
2023-05-10,Pan Chabatta,Panes,0.25,768,720
2023-05-10,Pan Francés,Panes,0.25,648,610
2023-05-10,Pan Yema Largo,Panes,0.25,360,320
2023-05-10,Pan Yema Redondo,Panes,0.25,360,320
2023-05-10,Pan Chapla,Panes,0.25,144,110
2023-05-10,Pan Coliza,Panes,0.25,192,170
2023-05-10,Pan Integral,Panes,0.25,144,110
2023-05-10,Pan Caracol,Panes,0.25,144,110
2023-05-10,Pan Hamburguesa,Panes,0.4,288,240
2023-05-10,Cachito,Panes,0.25,144,110
2023-05-10,Pan Manjar,Panes,0.3,72,68
2023-05-10,Leche,Abarrotes,4.0,5,3
2023-05-10,Jamon,Abarrotes,2.5,6,3
2023-05-10,Café,Abarrotes,2.0,5,2
2023-05-10,Queso,Abarrotes,3.0,4,2
2023-05-10,Alfajores Pequeños,Bocaditos,0.25,200,150
2023-05-10,Alfajores Grandes,Bocaditos,1.0,100,75
2023-05-10,Galletas Pequeñas,Bocaditos,0.25,200,150
2023-05-10,Galletas Grandes,Bocaditos,1.0,300,290
2023-05-10,Cookie,Bocaditos,2.0,100,70
2023-05-10,Orejitas Pequeñas,Bocaditos,0.25,200,150
2023-05-10,Orejas Grandes,Bocaditos,1.0,100,70
2023-05-10,Beso de Moza,Bocaditos,1.0,80,50
2023-05-10,Caramandugas,Bocaditos,0.25,300,250
2023-05-10,Rosquitas,Bocaditos,0.25,300,250
2023-05-11,Pan Chabatta,Panes,0.25,768,720
2023-05-11,Pan Francés,Panes,0.25,648,610
2023-05-11,Pan Yema Largo,Panes,0.25,360,320
2023-05-11,Pan Yema Redondo,Panes,0.25,360,320
2023-05-11,Pan Chapla,Panes,0.25,144,110
2023-05-11,Pan Coliza,Panes,0.25,192,170
2023-05-11,Pan Integral,Panes,0.25,144,110
2023-05-11,Pan Caracol,Panes,0.25,144,110
2023-05-11,Pan Hamburguesa,Panes,0.4,288,240
2023-05-11,Cachito,Panes,0.25,144,110
2023-05-11,Pan Manjar,Panes,0.3,72,68
2023-05-11,Leche,Abarrotes,4.0,5,3
2023-05-11,Jamon,Abarrotes,2.5,6,4
2023-05-11,Café,Abarrotes,2.0,5,2
2023-05-11,Queso,Abarrotes,3.0,4,2
2023-05-11,Alfajores Pequeños,Bocaditos,0.25,200,150
2023-05-11,Alfajores Grandes,Bocaditos,1.0,100,75
2023-05-11,Galletas Pequeñas,Bocaditos,0.25,200,150
2023-05-11,Galletas Grandes,Bocaditos,1.0,300,290
2023-05-11,Cookie,Bocaditos,2.0,100,70
2023-05-11,Orejitas Pequeñas,Bocaditos,0.25,200,150
2023-05-11,Orejas Grandes,Bocaditos,1.0,100,70
2023-05-11,Beso de Moza,Bocaditos,1.0,80,50
2023-05-11,Caramandugas,Bocaditos,0.25,300,250
2023-05-11,Rosquitas,Bocaditos,0.25,300,250
2023-05-12,Pan Chabatta,Panes,0.25,768,720
2023-05-12,Pan Francés,Panes,0.25,648,610
2023-05-12,Pan Yema Largo,Panes,0.25,360,320
2023-05-12,Pan Yema Redondo,Panes,0.25,360,320
2023-05-12,Pan Chapla,Panes,0.25,144,110
2023-05-12,Pan Coliza,Panes,0.25,192,170
2023-05-12,Pan Integral,Panes,0.25,144,110
2023-05-12,Pan Caracol,Panes,0.25,144,110
2023-05-12,Pan Hamburguesa,Panes,0.4,288,240
2023-05-12,Cachito,Panes,0.25,144,110
2023-05-12,Pan Manjar,Panes,0.3,72,68
2023-05-12,Leche,Abarrotes,4.0,5,2
2023-05-12,Jamon,Abarrotes,2.5,6,3
2023-05-12,Café,Abarrotes,2.0,5,2
2023-05-12,Queso,Abarrotes,3.0,4,2
2023-05-12,Alfajores Pequeños,Bocaditos,0.25,200,150
2023-05-12,Alfajores Grandes,Bocaditos,1.0,100,75
2023-05-12,Galletas Pequeñas,Bocaditos,0.25,200,150
2023-05-12,Galletas Grandes,Bocaditos,1.0,300,290
2023-05-12,Cookie,Bocaditos,2.0,100,70
2023-05-12,Orejitas Pequeñas,Bocaditos,0.25,200,150
2023-05-12,Orejas Grandes,Bocaditos,1.0,100,70
2023-05-12,Beso de Moza,Bocaditos,1.0,80,50
2023-05-12,Caramandugas,Bocaditos,0.25,300,250
2023-05-12,Rosquitas,Bocaditos,0.25,300,250
2023-05-13,Pan Chabatta,Panes,0.25,768,731
2023-05-13,Pan Francés,Panes,0.25,648,618
2023-05-13,Pan Yema Largo,Panes,0.25,360,322
2023-05-13,Pan Yema Redondo,Panes,0.25,360,323
2023-05-13,Pan Chapla,Panes,0.25,144,112
2023-05-13,Pan Coliza,Panes,0.25,192,171
2023-05-13,Pan Integral,Panes,0.25,144,118
2023-05-13,Pan Caracol,Panes,0.25,144,117
2023-05-13,Pan Hamburguesa,Panes,0.4,288,245
2023-05-13,Cachito,Panes,0.25,144,114
2023-05-13,Pan Manjar,Panes,0.3,72,70
2023-05-13,Leche,Abarrotes,4.0,5,2
2023-05-13,Jamon,Abarrotes,2.5,6,5
2023-05-13,Café,Abarrotes,2.0,5,2
2023-05-13,Queso,Abarrotes,3.0,4,4
2023-05-13,Alfajores Pequeños,Bocaditos,0.25,200,158
2023-05-13,Alfajores Grandes,Bocaditos,1.0,100,78
2023-05-13,Galletas Pequeñas,Bocaditos,0.25,200,151
2023-05-13,Galletas Grandes,Bocaditos,1.0,300,291
2023-05-13,Cookie,Bocaditos,2.0,100,70
2023-05-13,Orejitas Pequeñas,Bocaditos,0.25,200,150
2023-05-13,Orejas Grandes,Bocaditos,1.0,100,72
2023-05-13,Beso de Moza,Bocaditos,1.0,80,54
2023-05-13,Caramandugas,Bocaditos,0.25,300,255
2023-05-13,Rosquitas,Bocaditos,0.25,300,253
2023-05-14,Pan Chabatta,Panes,0.25,768,733
2023-05-14,Pan Francés,Panes,0.25,648,616
2023-05-14,Pan Yema Largo,Panes,0.25,360,325
2023-05-14,Pan Yema Redondo,Panes,0.25,360,328
2023-05-14,Pan Chapla,Panes,0.25,144,112
2023-05-14,Pan Coliza,Panes,0.25,192,174
2023-05-14,Pan Integral,Panes,0.25,144,116
2023-05-14,Pan Caracol,Panes,0.25,144,113
2023-05-14,Pan Hamburguesa,Panes,0.4,288,244
2023-05-14,Cachito,Panes,0.25,144,115
2023-05-14,Pan Manjar,Panes,0.3,72,69
2023-05-14,Leche,Abarrotes,4.0,5,4
2023-05-14,Jamon,Abarrotes,2.5,6,3
2023-05-14,Café,Abarrotes,2.0,5,4
2023-05-14,Queso,Abarrotes,3.0,4,3
2023-05-14,Alfajores Pequeños,Bocaditos,0.25,200,159
2023-05-14,Alfajores Grandes,Bocaditos,1.0,100,75
2023-05-14,Galletas Pequeñas,Bocaditos,0.25,200,156
2023-05-14,Galletas Grandes,Bocaditos,1.0,300,294
2023-05-14,Cookie,Bocaditos,2.0,100,73
2023-05-14,Orejitas Pequeñas,Bocaditos,0.25,200,152
2023-05-14,Orejas Grandes,Bocaditos,1.0,100,75
2023-05-14,Beso de Moza,Bocaditos,1.0,80,58
2023-05-14,Caramandugas,Bocaditos,0.25,300,255
2023-05-14,Rosquitas,Bocaditos,0.25,300,256
2023-05-15,Pan Chabatta,Panes,0.25,768,720
2023-05-15,Pan Francés,Panes,0.25,648,610
2023-05-15,Pan Yema Largo,Panes,0.25,360,320
2023-05-15,Pan Yema Redondo,Panes,0.25,360,320
2023-05-15,Pan Chapla,Panes,0.25,144,110
2023-05-15,Pan Coliza,Panes,0.25,192,170
2023-05-15,Pan Integral,Panes,0.25,144,110
2023-05-15,Pan Caracol,Panes,0.25,144,110
2023-05-15,Pan Hamburguesa,Panes,0.4,288,240
2023-05-15,Cachito,Panes,0.25,144,110
2023-05-15,Pan Manjar,Panes,0.3,72,68
2023-05-15,Leche,Abarrotes,4.0,5,3
2023-05-15,Jamon,Abarrotes,2.5,6,3
2023-05-15,Café,Abarrotes,2.0,5,3
2023-05-15,Queso,Abarrotes,3.0,4,3
2023-05-15,Alfajores Pequeños,Bocaditos,0.25,200,150
2023-05-15,Alfajores Grandes,Bocaditos,1.0,100,75
2023-05-15,Galletas Pequeñas,Bocaditos,0.25,200,150
2023-05-15,Galletas Grandes,Bocaditos,1.0,300,290
2023-05-15,Cookie,Bocaditos,2.0,100,70
2023-05-15,Orejitas Pequeñas,Bocaditos,0.25,200,150
2023-05-15,Orejas Grandes,Bocaditos,1.0,100,70
2023-05-15,Beso de Moza,Bocaditos,1.0,80,50
2023-05-15,Caramandugas,Bocaditos,0.25,300,250
2023-05-15,Rosquitas,Bocaditos,0.25,300,250
2023-05-16,Pan Chabatta,Panes,0.25,768,720
2023-05-16,Pan Francés,Panes,0.25,648,610
2023-05-16,Pan Yema Largo,Panes,0.25,360,320
2023-05-16,Pan Yema Redondo,Panes,0.25,360,320
2023-05-16,Pan Chapla,Panes,0.25,144,110
2023-05-16,Pan Coliza,Panes,0.25,192,170
2023-05-16,Pan Integral,Panes,0.25,144,110
2023-05-16,Pan Caracol,Panes,0.25,144,110
2023-05-16,Pan Hamburguesa,Panes,0.4,288,240
2023-05-16,Cachito,Panes,0.25,144,110
2023-05-16,Pan Manjar,Panes,0.3,72,68
2023-05-16,Leche,Abarrotes,4.0,5,2
2023-05-16,Jamon,Abarrotes,2.5,6,3
2023-05-16,Café,Abarrotes,2.0,5,2
2023-05-16,Queso,Abarrotes,3.0,4,2
2023-05-16,Alfajores Pequeños,Bocaditos,0.25,200,150
2023-05-16,Alfajores Grandes,Bocaditos,1.0,100,75
2023-05-16,Galletas Pequeñas,Bocaditos,0.25,200,150
2023-05-16,Galletas Grandes,Bocaditos,1.0,300,290
2023-05-16,Cookie,Bocaditos,2.0,100,70
2023-05-16,Orejitas Pequeñas,Bocaditos,0.25,200,150
2023-05-16,Orejas Grandes,Bocaditos,1.0,100,70
2023-05-16,Beso de Moza,Bocaditos,1.0,80,50
2023-05-16,Caramandugas,Bocaditos,0.25,300,250
2023-05-16,Rosquitas,Bocaditos,0.25,300,250
2023-05-17,Pan Chabatta,Panes,0.25,768,720
2023-05-17,Pan Francés,Panes,0.25,648,610
2023-05-17,Pan Yema Largo,Panes,0.25,360,320
2023-05-17,Pan Yema Redondo,Panes,0.25,360,320
2023-05-17,Pan Chapla,Panes,0.25,144,110
2023-05-17,Pan Coliza,Panes,0.25,192,170
2023-05-17,Pan Integral,Panes,0.25,144,110
2023-05-17,Pan Caracol,Panes,0.25,144,110
2023-05-17,Pan Hamburguesa,Panes,0.4,288,240
2023-05-17,Cachito,Panes,0.25,144,110
2023-05-17,Pan Manjar,Panes,0.3,72,68
2023-05-17,Leche,Abarrotes,4.0,5,3
2023-05-17,Jamon,Abarrotes,2.5,6,4
2023-05-17,Café,Abarrotes,2.0,5,4
2023-05-17,Queso,Abarrotes,3.0,4,3
2023-05-17,Alfajores Pequeños,Bocaditos,0.25,200,150
2023-05-17,Alfajores Grandes,Bocaditos,1.0,100,75
2023-05-17,Galletas Pequeñas,Bocaditos,0.25,200,150
2023-05-17,Galletas Grandes,Bocaditos,1.0,300,290
2023-05-17,Cookie,Bocaditos,2.0,100,70
2023-05-17,Orejitas Pequeñas,Bocaditos,0.25,200,150
2023-05-17,Orejas Grandes,Bocaditos,1.0,100,70
2023-05-17,Beso de Moza,Bocaditos,1.0,80,50
2023-05-17,Caramandugas,Bocaditos,0.25,300,250
2023-05-17,Rosquitas,Bocaditos,0.25,300,250
2023-05-18,Pan Chabatta,Panes,0.25,768,720
2023-05-18,Pan Francés,Panes,0.25,648,610
2023-05-18,Pan Yema Largo,Panes,0.25,360,320
2023-05-18,Pan Yema Redondo,Panes,0.25,360,320
2023-05-18,Pan Chapla,Panes,0.25,144,110
2023-05-18,Pan Coliza,Panes,0.25,192,170
2023-05-18,Pan Integral,Panes,0.25,144,110
2023-05-18,Pan Caracol,Panes,0.25,144,110
2023-05-18,Pan Hamburguesa,Panes,0.4,288,240
2023-05-18,Cachito,Panes,0.25,144,110
2023-05-18,Pan Manjar,Panes,0.3,72,68
2023-05-18,Leche,Abarrotes,4.0,5,3
2023-05-18,Jamon,Abarrotes,2.5,6,3
2023-05-18,Café,Abarrotes,2.0,5,2
2023-05-18,Queso,Abarrotes,3.0,4,2
2023-05-18,Alfajores Pequeños,Bocaditos,0.25,200,150
2023-05-18,Alfajores Grandes,Bocaditos,1.0,100,75
2023-05-18,Galletas Pequeñas,Bocaditos,0.25,200,150
2023-05-18,Galletas Grandes,Bocaditos,1.0,300,290
2023-05-18,Cookie,Bocaditos,2.0,100,70
2023-05-18,Orejitas Pequeñas,Bocaditos,0.25,200,150
2023-05-18,Orejas Grandes,Bocaditos,1.0,100,70
2023-05-18,Beso de Moza,Bocaditos,1.0,80,50
2023-05-18,Caramandugas,Bocaditos,0.25,300,250
2023-05-18,Rosquitas,Bocaditos,0.25,300,250
2023-05-19,Pan Chabatta,Panes,0.25,768,720
2023-05-19,Pan Francés,Panes,0.25,648,610
2023-05-19,Pan Yema Largo,Panes,0.25,360,320
2023-05-19,Pan Yema Redondo,Panes,0.25,360,320
2023-05-19,Pan Chapla,Panes,0.25,144,110
2023-05-19,Pan Coliza,Panes,0.25,192,170
2023-05-19,Pan Integral,Panes,0.25,144,110
2023-05-19,Pan Caracol,Panes,0.25,144,110
2023-05-19,Pan Hamburguesa,Panes,0.4,288,240
2023-05-19,Cachito,Panes,0.25,144,110
2023-05-19,Pan Manjar,Panes,0.3,72,68
2023-05-19,Leche,Abarrotes,4.0,5,4
2023-05-19,Jamon,Abarrotes,2.5,6,3
2023-05-19,Café,Abarrotes,2.0,5,2
2023-05-19,Queso,Abarrotes,3.0,4,2
2023-05-19,Alfajores Pequeños,Bocaditos,0.25,200,150
2023-05-19,Alfajores Grandes,Bocaditos,1.0,100,75
2023-05-19,Galletas Pequeñas,Bocaditos,0.25,200,150
2023-05-19,Galletas Grandes,Bocaditos,1.0,300,290
2023-05-19,Cookie,Bocaditos,2.0,100,70
2023-05-19,Orejitas Pequeñas,Bocaditos,0.25,200,150
2023-05-19,Orejas Grandes,Bocaditos,1.0,100,70
2023-05-19,Beso de Moza,Bocaditos,1.0,80,51
2023-05-19,Caramandugas,Bocaditos,0.25,300,250
2023-05-19,Rosquitas,Bocaditos,0.25,300,250
2023-05-20,Pan Chabatta,Panes,0.25,768,721
2023-05-20,Pan Francés,Panes,0.25,648,611
2023-05-20,Pan Yema Largo,Panes,0.25,360,327
2023-05-20,Pan Yema Redondo,Panes,0.25,360,327
2023-05-20,Pan Chapla,Panes,0.25,144,111
2023-05-20,Pan Coliza,Panes,0.25,192,175
2023-05-20,Pan Integral,Panes,0.25,144,114
2023-05-20,Pan Caracol,Panes,0.25,144,114
2023-05-20,Pan Hamburguesa,Panes,0.4,288,249
2023-05-20,Cachito,Panes,0.25,144,113
2023-05-20,Pan Manjar,Panes,0.3,72,70
2023-05-20,Leche,Abarrotes,4.0,5,4
2023-05-20,Jamon,Abarrotes,2.5,6,3
2023-05-20,Café,Abarrotes,2.0,5,3
2023-05-20,Queso,Abarrotes,3.0,4,2
2023-05-20,Alfajores Pequeños,Bocaditos,0.25,200,152
2023-05-20,Alfajores Grandes,Bocaditos,1.0,100,79
2023-05-20,Galletas Pequeñas,Bocaditos,0.25,200,158
2023-05-20,Galletas Grandes,Bocaditos,1.0,300,292
2023-05-20,Cookie,Bocaditos,2.0,100,73
2023-05-20,Orejitas Pequeñas,Bocaditos,0.25,200,156
2023-05-20,Orejas Grandes,Bocaditos,1.0,100,74
2023-05-20,Beso de Moza,Bocaditos,1.0,80,56
2023-05-20,Caramandugas,Bocaditos,0.25,300,257
2023-05-20,Rosquitas,Bocaditos,0.25,300,260
2023-05-21,Pan Chabatta,Panes,0.25,768,725
2023-05-21,Pan Francés,Panes,0.25,648,616
2023-05-21,Pan Yema Largo,Panes,0.25,360,328
2023-05-21,Pan Yema Redondo,Panes,0.25,360,325
2023-05-21,Pan Chapla,Panes,0.25,144,116
2023-05-21,Pan Coliza,Panes,0.25,192,173
2023-05-21,Pan Integral,Panes,0.25,144,117
2023-05-21,Pan Caracol,Panes,0.25,144,116
2023-05-21,Pan Hamburguesa,Panes,0.4,288,243
2023-05-21,Cachito,Panes,0.25,144,116
2023-05-21,Pan Manjar,Panes,0.3,72,68
2023-05-21,Leche,Abarrotes,4.0,5,3
2023-05-21,Jamon,Abarrotes,2.5,6,4
2023-05-21,Café,Abarrotes,2.0,5,5
2023-05-21,Queso,Abarrotes,3.0,4,2
2023-05-21,Alfajores Pequeños,Bocaditos,0.25,200,159
2023-05-21,Alfajores Grandes,Bocaditos,1.0,100,76
2023-05-21,Galletas Pequeñas,Bocaditos,0.25,200,151
2023-05-21,Galletas Grandes,Bocaditos,1.0,300,292
2023-05-21,Cookie,Bocaditos,2.0,100,72
2023-05-21,Orejitas Pequeñas,Bocaditos,0.25,200,150
2023-05-21,Orejas Grandes,Bocaditos,1.0,100,73
2023-05-21,Beso de Moza,Bocaditos,1.0,80,56
2023-05-21,Caramandugas,Bocaditos,0.25,300,252
2023-05-21,Rosquitas,Bocaditos,0.25,300,255
2023-05-22,Pan Chabatta,Panes,0.25,768,720
2023-05-22,Pan Francés,Panes,0.25,648,610
2023-05-22,Pan Yema Largo,Panes,0.25,360,320
2023-05-22,Pan Yema Redondo,Panes,0.25,360,320
2023-05-22,Pan Chapla,Panes,0.25,144,110
2023-05-22,Pan Coliza,Panes,0.25,192,170
2023-05-22,Pan Integral,Panes,0.25,144,110
2023-05-22,Pan Caracol,Panes,0.25,144,110
2023-05-22,Pan Hamburguesa,Panes,0.4,288,240
2023-05-22,Cachito,Panes,0.25,144,110
2023-05-22,Pan Manjar,Panes,0.3,72,68
2023-05-22,Leche,Abarrotes,4.0,5,2
2023-05-22,Jamon,Abarrotes,2.5,6,3
2023-05-22,Café,Abarrotes,2.0,5,2
2023-05-22,Queso,Abarrotes,3.0,4,3
2023-05-22,Alfajores Pequeños,Bocaditos,0.25,200,150
2023-05-22,Alfajores Grandes,Bocaditos,1.0,100,75
2023-05-22,Galletas Pequeñas,Bocaditos,0.25,200,150
2023-05-22,Galletas Grandes,Bocaditos,1.0,300,290
2023-05-22,Cookie,Bocaditos,2.0,100,70
2023-05-22,Orejitas Pequeñas,Bocaditos,0.25,200,150
2023-05-22,Orejas Grandes,Bocaditos,1.0,100,70
2023-05-22,Beso de Moza,Bocaditos,1.0,80,50
2023-05-22,Caramandugas,Bocaditos,0.25,300,250
2023-05-22,Rosquitas,Bocaditos,0.25,300,250
2023-05-23,Pan Chabatta,Panes,0.25,768,720
2023-05-23,Pan Francés,Panes,0.25,648,610
2023-05-23,Pan Yema Largo,Panes,0.25,360,320
2023-05-23,Pan Yema Redondo,Panes,0.25,360,320
2023-05-23,Pan Chapla,Panes,0.25,144,110
2023-05-23,Pan Coliza,Panes,0.25,192,170
2023-05-23,Pan Integral,Panes,0.25,144,110
2023-05-23,Pan Caracol,Panes,0.25,144,110
2023-05-23,Pan Hamburguesa,Panes,0.4,288,240
2023-05-23,Cachito,Panes,0.25,144,110
2023-05-23,Pan Manjar,Panes,0.3,72,68
2023-05-23,Leche,Abarrotes,4.0,5,2
2023-05-23,Jamon,Abarrotes,2.5,6,5
2023-05-23,Café,Abarrotes,2.0,5,2
2023-05-23,Queso,Abarrotes,3.0,4,2
2023-05-23,Alfajores Pequeños,Bocaditos,0.25,200,150
2023-05-23,Alfajores Grandes,Bocaditos,1.0,100,75
2023-05-23,Galletas Pequeñas,Bocaditos,0.25,200,150
2023-05-23,Galletas Grandes,Bocaditos,1.0,300,290
2023-05-23,Cookie,Bocaditos,2.0,100,70
2023-05-23,Orejitas Pequeñas,Bocaditos,0.25,200,150
2023-05-23,Orejas Grandes,Bocaditos,1.0,100,70
2023-05-23,Beso de Moza,Bocaditos,1.0,80,50
2023-05-23,Caramandugas,Bocaditos,0.25,300,250
2023-05-23,Rosquitas,Bocaditos,0.25,300,250
2023-05-24,Pan Chabatta,Panes,0.25,768,720
2023-05-24,Pan Francés,Panes,0.25,648,610
2023-05-24,Pan Yema Largo,Panes,0.25,360,320
2023-05-24,Pan Yema Redondo,Panes,0.25,360,320
2023-05-24,Pan Chapla,Panes,0.25,144,110
2023-05-24,Pan Coliza,Panes,0.25,192,170
2023-05-24,Pan Integral,Panes,0.25,144,110
2023-05-24,Pan Caracol,Panes,0.25,144,110
2023-05-24,Pan Hamburguesa,Panes,0.4,288,240
2023-05-24,Cachito,Panes,0.25,144,110
2023-05-24,Pan Manjar,Panes,0.3,72,68
2023-05-24,Leche,Abarrotes,4.0,5,2
2023-05-24,Jamon,Abarrotes,2.5,6,4
2023-05-24,Café,Abarrotes,2.0,5,2
2023-05-24,Queso,Abarrotes,3.0,4,2
2023-05-24,Alfajores Pequeños,Bocaditos,0.25,200,150
2023-05-24,Alfajores Grandes,Bocaditos,1.0,100,75
2023-05-24,Galletas Pequeñas,Bocaditos,0.25,200,150
2023-05-24,Galletas Grandes,Bocaditos,1.0,300,290
2023-05-24,Cookie,Bocaditos,2.0,100,70
2023-05-24,Orejitas Pequeñas,Bocaditos,0.25,200,150
2023-05-24,Orejas Grandes,Bocaditos,1.0,100,70
2023-05-24,Beso de Moza,Bocaditos,1.0,80,50
2023-05-24,Caramandugas,Bocaditos,0.25,300,250
2023-05-24,Rosquitas,Bocaditos,0.25,300,250
2023-05-25,Pan Chabatta,Panes,0.25,768,720
2023-05-25,Pan Francés,Panes,0.25,648,610
2023-05-25,Pan Yema Largo,Panes,0.25,360,320
2023-05-25,Pan Yema Redondo,Panes,0.25,360,320
2023-05-25,Pan Chapla,Panes,0.25,144,110
2023-05-25,Pan Coliza,Panes,0.25,192,170
2023-05-25,Pan Integral,Panes,0.25,144,110
2023-05-25,Pan Caracol,Panes,0.25,144,110
2023-05-25,Pan Hamburguesa,Panes,0.4,288,240
2023-05-25,Cachito,Panes,0.25,144,110
2023-05-25,Pan Manjar,Panes,0.3,72,68
2023-05-25,Leche,Abarrotes,4.0,5,2
2023-05-25,Jamon,Abarrotes,2.5,6,3
2023-05-25,Café,Abarrotes,2.0,5,4
2023-05-25,Queso,Abarrotes,3.0,4,3
2023-05-25,Alfajores Pequeños,Bocaditos,0.25,200,150
2023-05-25,Alfajores Grandes,Bocaditos,1.0,100,75
2023-05-25,Galletas Pequeñas,Bocaditos,0.25,200,150
2023-05-25,Galletas Grandes,Bocaditos,1.0,300,290
2023-05-25,Cookie,Bocaditos,2.0,100,70
2023-05-25,Orejitas Pequeñas,Bocaditos,0.25,200,150
2023-05-25,Orejas Grandes,Bocaditos,1.0,100,70
2023-05-25,Beso de Moza,Bocaditos,1.0,80,50
2023-05-25,Caramandugas,Bocaditos,0.25,300,250
2023-05-25,Rosquitas,Bocaditos,0.25,300,250
2023-05-26,Pan Chabatta,Panes,0.25,768,720
2023-05-26,Pan Francés,Panes,0.25,648,610
2023-05-26,Pan Yema Largo,Panes,0.25,360,320
2023-05-26,Pan Yema Redondo,Panes,0.25,360,320
2023-05-26,Pan Chapla,Panes,0.25,144,110
2023-05-26,Pan Coliza,Panes,0.25,192,170
2023-05-26,Pan Integral,Panes,0.25,144,110
2023-05-26,Pan Caracol,Panes,0.25,144,110
2023-05-26,Pan Hamburguesa,Panes,0.4,288,240
2023-05-26,Cachito,Panes,0.25,144,110
2023-05-26,Pan Manjar,Panes,0.3,72,68
2023-05-26,Leche,Abarrotes,4.0,5,4
2023-05-26,Jamon,Abarrotes,2.5,6,4
2023-05-26,Café,Abarrotes,2.0,5,3
2023-05-26,Queso,Abarrotes,3.0,4,2
2023-05-26,Alfajores Pequeños,Bocaditos,0.25,200,150
2023-05-26,Alfajores Grandes,Bocaditos,1.0,100,75
2023-05-26,Galletas Pequeñas,Bocaditos,0.25,200,150
2023-05-26,Galletas Grandes,Bocaditos,1.0,300,290
2023-05-26,Cookie,Bocaditos,2.0,100,70
2023-05-26,Orejitas Pequeñas,Bocaditos,0.25,200,150
2023-05-26,Orejas Grandes,Bocaditos,1.0,100,70
2023-05-26,Beso de Moza,Bocaditos,1.0,80,50
2023-05-26,Caramandugas,Bocaditos,0.25,300,250
2023-05-26,Rosquitas,Bocaditos,0.25,300,250
2023-05-27,Pan Chabatta,Panes,0.25,768,731
2023-05-27,Pan Francés,Panes,0.25,648,620
2023-05-27,Pan Yema Largo,Panes,0.25,360,322
2023-05-27,Pan Yema Redondo,Panes,0.25,360,322
2023-05-27,Pan Chapla,Panes,0.25,144,114
2023-05-27,Pan Coliza,Panes,0.25,192,170
2023-05-27,Pan Integral,Panes,0.25,144,120
2023-05-27,Pan Caracol,Panes,0.25,144,119
2023-05-27,Pan Hamburguesa,Panes,0.4,288,246
2023-05-27,Cachito,Panes,0.25,144,114
2023-05-27,Pan Manjar,Panes,0.3,72,70
2023-05-27,Leche,Abarrotes,4.0,5,2
2023-05-27,Jamon,Abarrotes,2.5,6,4
2023-05-27,Café,Abarrotes,2.0,5,2
2023-05-27,Queso,Abarrotes,3.0,4,3
2023-05-27,Alfajores Pequeños,Bocaditos,0.25,200,154
2023-05-27,Alfajores Grandes,Bocaditos,1.0,100,75
2023-05-27,Galletas Pequeñas,Bocaditos,0.25,200,159
2023-05-27,Galletas Grandes,Bocaditos,1.0,300,292
2023-05-27,Cookie,Bocaditos,2.0,100,70
2023-05-27,Orejitas Pequeñas,Bocaditos,0.25,200,158
2023-05-27,Orejas Grandes,Bocaditos,1.0,100,73
2023-05-27,Beso de Moza,Bocaditos,1.0,80,56
2023-05-27,Caramandugas,Bocaditos,0.25,300,252
2023-05-27,Rosquitas,Bocaditos,0.25,300,259
2023-05-28,Pan Chabatta,Panes,0.25,768,735
2023-05-28,Pan Francés,Panes,0.25,648,616
2023-05-28,Pan Yema Largo,Panes,0.25,360,322
2023-05-28,Pan Yema Redondo,Panes,0.25,360,322
2023-05-28,Pan Chapla,Panes,0.25,144,110
2023-05-28,Pan Coliza,Panes,0.25,192,172
2023-05-28,Pan Integral,Panes,0.25,144,118
2023-05-28,Pan Caracol,Panes,0.25,144,119
2023-05-28,Pan Hamburguesa,Panes,0.4,288,251
2023-05-28,Cachito,Panes,0.25,144,112
2023-05-28,Pan Manjar,Panes,0.3,72,69
2023-05-28,Leche,Abarrotes,4.0,5,4
2023-05-28,Jamon,Abarrotes,2.5,6,3
2023-05-28,Café,Abarrotes,2.0,5,2
2023-05-28,Queso,Abarrotes,3.0,4,3
2023-05-28,Alfajores Pequeños,Bocaditos,0.25,200,153
2023-05-28,Alfajores Grandes,Bocaditos,1.0,100,80
2023-05-28,Galletas Pequeñas,Bocaditos,0.25,200,158
2023-05-28,Galletas Grandes,Bocaditos,1.0,300,291
2023-05-28,Cookie,Bocaditos,2.0,100,73
2023-05-28,Orejitas Pequeñas,Bocaditos,0.25,200,152
2023-05-28,Orejas Grandes,Bocaditos,1.0,100,73
2023-05-28,Beso de Moza,Bocaditos,1.0,80,55
2023-05-28,Caramandugas,Bocaditos,0.25,300,256
2023-05-28,Rosquitas,Bocaditos,0.25,300,258
2023-05-29,Pan Chabatta,Panes,0.25,768,720
2023-05-29,Pan Francés,Panes,0.25,648,610
2023-05-29,Pan Yema Largo,Panes,0.25,360,320
2023-05-29,Pan Yema Redondo,Panes,0.25,360,320
2023-05-29,Pan Chapla,Panes,0.25,144,110
2023-05-29,Pan Coliza,Panes,0.25,192,170
2023-05-29,Pan Integral,Panes,0.25,144,110
2023-05-29,Pan Caracol,Panes,0.25,144,110
2023-05-29,Pan Hamburguesa,Panes,0.4,288,240
2023-05-29,Cachito,Panes,0.25,144,110
2023-05-29,Pan Manjar,Panes,0.3,72,68
2023-05-29,Leche,Abarrotes,4.0,5,2
2023-05-29,Jamon,Abarrotes,2.5,6,3
2023-05-29,Café,Abarrotes,2.0,5,2
2023-05-29,Queso,Abarrotes,3.0,4,2
2023-05-29,Alfajores Pequeños,Bocaditos,0.25,200,150
2023-05-29,Alfajores Grandes,Bocaditos,1.0,100,75
2023-05-29,Galletas Pequeñas,Bocaditos,0.25,200,150
2023-05-29,Galletas Grandes,Bocaditos,1.0,300,290
2023-05-29,Cookie,Bocaditos,2.0,100,70
2023-05-29,Orejitas Pequeñas,Bocaditos,0.25,200,150
2023-05-29,Orejas Grandes,Bocaditos,1.0,100,70
2023-05-29,Beso de Moza,Bocaditos,1.0,80,50
2023-05-29,Caramandugas,Bocaditos,0.25,300,250
2023-05-29,Rosquitas,Bocaditos,0.25,300,250
2023-05-30,Pan Chabatta,Panes,0.25,768,720
2023-05-30,Pan Francés,Panes,0.25,648,610
2023-05-30,Pan Yema Largo,Panes,0.25,360,320
2023-05-30,Pan Yema Redondo,Panes,0.25,360,320
2023-05-30,Pan Chapla,Panes,0.25,144,110
2023-05-30,Pan Coliza,Panes,0.25,192,170
2023-05-30,Pan Integral,Panes,0.25,144,110
2023-05-30,Pan Caracol,Panes,0.25,144,110
2023-05-30,Pan Hamburguesa,Panes,0.4,288,240
2023-05-30,Cachito,Panes,0.25,144,110
2023-05-30,Pan Manjar,Panes,0.3,72,68
2023-05-30,Leche,Abarrotes,4.0,5,4
2023-05-30,Jamon,Abarrotes,2.5,6,3
2023-05-30,Café,Abarrotes,2.0,5,3
2023-05-30,Queso,Abarrotes,3.0,4,3
2023-05-30,Alfajores Pequeños,Bocaditos,0.25,200,150
2023-05-30,Alfajores Grandes,Bocaditos,1.0,100,75
2023-05-30,Galletas Pequeñas,Bocaditos,0.25,200,150
2023-05-30,Galletas Grandes,Bocaditos,1.0,300,290
2023-05-30,Cookie,Bocaditos,2.0,100,70
2023-05-30,Orejitas Pequeñas,Bocaditos,0.25,200,150
2023-05-30,Orejas Grandes,Bocaditos,1.0,100,70
2023-05-30,Beso de Moza,Bocaditos,1.0,80,50
2023-05-30,Caramandugas,Bocaditos,0.25,300,250
2023-05-30,Rosquitas,Bocaditos,0.25,300,250
2023-05-31,Pan Chabatta,Panes,0.25,768,720
2023-05-31,Pan Francés,Panes,0.25,648,610
2023-05-31,Pan Yema Largo,Panes,0.25,360,320
2023-05-31,Pan Yema Redondo,Panes,0.25,360,320
2023-05-31,Pan Chapla,Panes,0.25,144,110
2023-05-31,Pan Coliza,Panes,0.25,192,170
2023-05-31,Pan Integral,Panes,0.25,144,110
2023-05-31,Pan Caracol,Panes,0.25,144,110
2023-05-31,Pan Hamburguesa,Panes,0.4,288,240
2023-05-31,Cachito,Panes,0.25,144,110
2023-05-31,Pan Manjar,Panes,0.3,72,68
2023-05-31,Leche,Abarrotes,4.0,5,2
2023-05-31,Jamon,Abarrotes,2.5,6,3
2023-05-31,Café,Abarrotes,2.0,5,2
2023-05-31,Queso,Abarrotes,3.0,4,2
2023-05-31,Alfajores Pequeños,Bocaditos,0.25,200,150
2023-05-31,Alfajores Grandes,Bocaditos,1.0,100,75
2023-05-31,Galletas Pequeñas,Bocaditos,0.25,200,150
2023-05-31,Galletas Grandes,Bocaditos,1.0,300,290
2023-05-31,Cookie,Bocaditos,2.0,100,70
2023-05-31,Orejitas Pequeñas,Bocaditos,0.25,200,150
2023-05-31,Orejas Grandes,Bocaditos,1.0,100,70
2023-05-31,Beso de Moza,Bocaditos,1.0,80,50
2023-05-31,Caramandugas,Bocaditos,0.25,300,250
2023-05-31,Rosquitas,Bocaditos,0.25,300,250
2023-06-01,Pan Chabatta,Panes,0.25,768,720
2023-06-01,Pan Francés,Panes,0.25,648,610
2023-06-01,Pan Yema Largo,Panes,0.25,360,320
2023-06-01,Pan Yema Redondo,Panes,0.25,360,320
2023-06-01,Pan Chapla,Panes,0.25,144,110
2023-06-01,Pan Coliza,Panes,0.25,192,170
2023-06-01,Pan Integral,Panes,0.25,144,110
2023-06-01,Pan Caracol,Panes,0.25,144,110
2023-06-01,Pan Hamburguesa,Panes,0.4,288,240
2023-06-01,Cachito,Panes,0.25,144,110
2023-06-01,Pan Manjar,Panes,0.3,72,68
2023-06-01,Leche,Abarrotes,4.0,5,2
2023-06-01,Jamon,Abarrotes,2.5,6,3
2023-06-01,Café,Abarrotes,2.0,5,2
2023-06-01,Queso,Abarrotes,3.0,4,2
2023-06-01,Alfajores Pequeños,Bocaditos,0.25,200,150
2023-06-01,Alfajores Grandes,Bocaditos,1.0,100,75
2023-06-01,Galletas Pequeñas,Bocaditos,0.25,200,150
2023-06-01,Galletas Grandes,Bocaditos,1.0,300,290
2023-06-01,Cookie,Bocaditos,2.0,100,70
2023-06-01,Orejitas Pequeñas,Bocaditos,0.25,200,150
2023-06-01,Orejas Grandes,Bocaditos,1.0,100,70
2023-06-01,Beso de Moza,Bocaditos,1.0,80,50
2023-06-01,Caramandugas,Bocaditos,0.25,300,250
2023-06-01,Rosquitas,Bocaditos,0.25,300,250
2023-06-02,Pan Chabatta,Panes,0.25,768,720
2023-06-02,Pan Francés,Panes,0.25,648,610
2023-06-02,Pan Yema Largo,Panes,0.25,360,320
2023-06-02,Pan Yema Redondo,Panes,0.25,360,320
2023-06-02,Pan Chapla,Panes,0.25,144,110
2023-06-02,Pan Coliza,Panes,0.25,192,170
2023-06-02,Pan Integral,Panes,0.25,144,110
2023-06-02,Pan Caracol,Panes,0.25,144,110
2023-06-02,Pan Hamburguesa,Panes,0.4,288,240
2023-06-02,Cachito,Panes,0.25,144,110
2023-06-02,Pan Manjar,Panes,0.3,72,68
2023-06-02,Leche,Abarrotes,4.0,5,4
2023-06-02,Jamon,Abarrotes,2.5,6,3
2023-06-02,Café,Abarrotes,2.0,5,2
2023-06-02,Queso,Abarrotes,3.0,4,2
2023-06-02,Alfajores Pequeños,Bocaditos,0.25,200,150
2023-06-02,Alfajores Grandes,Bocaditos,1.0,100,75
2023-06-02,Galletas Pequeñas,Bocaditos,0.25,200,150
2023-06-02,Galletas Grandes,Bocaditos,1.0,300,290
2023-06-02,Cookie,Bocaditos,2.0,100,70
2023-06-02,Orejitas Pequeñas,Bocaditos,0.25,200,150
2023-06-02,Orejas Grandes,Bocaditos,1.0,100,70
2023-06-02,Beso de Moza,Bocaditos,1.0,80,50
2023-06-02,Caramandugas,Bocaditos,0.25,300,250
2023-06-02,Rosquitas,Bocaditos,0.25,300,250
2023-06-03,Pan Chabatta,Panes,0.25,768,730
2023-06-03,Pan Francés,Panes,0.25,648,611
2023-06-03,Pan Yema Largo,Panes,0.25,360,329
2023-06-03,Pan Yema Redondo,Panes,0.25,360,328
2023-06-03,Pan Chapla,Panes,0.25,144,115
2023-06-03,Pan Coliza,Panes,0.25,192,170
2023-06-03,Pan Integral,Panes,0.25,144,117
2023-06-03,Pan Caracol,Panes,0.25,144,116
2023-06-03,Pan Hamburguesa,Panes,0.4,288,246
2023-06-03,Cachito,Panes,0.25,144,114
2023-06-03,Pan Manjar,Panes,0.3,72,71
2023-06-03,Leche,Abarrotes,4.0,5,3
2023-06-03,Jamon,Abarrotes,2.5,6,6
2023-06-03,Café,Abarrotes,2.0,5,3
2023-06-03,Queso,Abarrotes,3.0,4,3
2023-06-03,Alfajores Pequeños,Bocaditos,0.25,200,151
2023-06-03,Alfajores Grandes,Bocaditos,1.0,100,75
2023-06-03,Galletas Pequeñas,Bocaditos,0.25,200,157
2023-06-03,Galletas Grandes,Bocaditos,1.0,300,292
2023-06-03,Cookie,Bocaditos,2.0,100,75
2023-06-03,Orejitas Pequeñas,Bocaditos,0.25,200,151
2023-06-03,Orejas Grandes,Bocaditos,1.0,100,71
2023-06-03,Beso de Moza,Bocaditos,1.0,80,50
2023-06-03,Caramandugas,Bocaditos,0.25,300,260
2023-06-03,Rosquitas,Bocaditos,0.25,300,252
2023-06-04,Pan Chabatta,Panes,0.25,768,732
2023-06-04,Pan Francés,Panes,0.25,648,612
2023-06-04,Pan Yema Largo,Panes,0.25,360,320
2023-06-04,Pan Yema Redondo,Panes,0.25,360,323
2023-06-04,Pan Chapla,Panes,0.25,144,120
2023-06-04,Pan Coliza,Panes,0.25,192,175
2023-06-04,Pan Integral,Panes,0.25,144,121
2023-06-04,Pan Caracol,Panes,0.25,144,113
2023-06-04,Pan Hamburguesa,Panes,0.4,288,242
2023-06-04,Cachito,Panes,0.25,144,117
2023-06-04,Pan Manjar,Panes,0.3,72,69
2023-06-04,Leche,Abarrotes,4.0,5,2
2023-06-04,Jamon,Abarrotes,2.5,6,5
2023-06-04,Café,Abarrotes,2.0,5,2
2023-06-04,Queso,Abarrotes,3.0,4,2
2023-06-04,Alfajores Pequeños,Bocaditos,0.25,200,155
2023-06-04,Alfajores Grandes,Bocaditos,1.0,100,76
2023-06-04,Galletas Pequeñas,Bocaditos,0.25,200,152
2023-06-04,Galletas Grandes,Bocaditos,1.0,300,290
2023-06-04,Cookie,Bocaditos,2.0,100,74
2023-06-04,Orejitas Pequeñas,Bocaditos,0.25,200,156
2023-06-04,Orejas Grandes,Bocaditos,1.0,100,71
2023-06-04,Beso de Moza,Bocaditos,1.0,80,61
2023-06-04,Caramandugas,Bocaditos,0.25,300,256
2023-06-04,Rosquitas,Bocaditos,0.25,300,252
2023-06-05,Pan Chabatta,Panes,0.25,768,720
2023-06-05,Pan Francés,Panes,0.25,648,610
2023-06-05,Pan Yema Largo,Panes,0.25,360,320
2023-06-05,Pan Yema Redondo,Panes,0.25,360,320
2023-06-05,Pan Chapla,Panes,0.25,144,110
2023-06-05,Pan Coliza,Panes,0.25,192,170
2023-06-05,Pan Integral,Panes,0.25,144,110
2023-06-05,Pan Caracol,Panes,0.25,144,110
2023-06-05,Pan Hamburguesa,Panes,0.4,288,240
2023-06-05,Cachito,Panes,0.25,144,110
2023-06-05,Pan Manjar,Panes,0.3,72,68
2023-06-05,Leche,Abarrotes,4.0,5,2
2023-06-05,Jamon,Abarrotes,2.5,6,4
2023-06-05,Café,Abarrotes,2.0,5,2
2023-06-05,Queso,Abarrotes,3.0,4,3
2023-06-05,Alfajores Pequeños,Bocaditos,0.25,200,150
2023-06-05,Alfajores Grandes,Bocaditos,1.0,100,75
2023-06-05,Galletas Pequeñas,Bocaditos,0.25,200,150
2023-06-05,Galletas Grandes,Bocaditos,1.0,300,290
2023-06-05,Cookie,Bocaditos,2.0,100,70
2023-06-05,Orejitas Pequeñas,Bocaditos,0.25,200,150
2023-06-05,Orejas Grandes,Bocaditos,1.0,100,70
2023-06-05,Beso de Moza,Bocaditos,1.0,80,50
2023-06-05,Caramandugas,Bocaditos,0.25,300,250
2023-06-05,Rosquitas,Bocaditos,0.25,300,250
2023-06-06,Pan Chabatta,Panes,0.25,768,720
2023-06-06,Pan Francés,Panes,0.25,648,610
2023-06-06,Pan Yema Largo,Panes,0.25,360,320
2023-06-06,Pan Yema Redondo,Panes,0.25,360,320
2023-06-06,Pan Chapla,Panes,0.25,144,110
2023-06-06,Pan Coliza,Panes,0.25,192,170
2023-06-06,Pan Integral,Panes,0.25,144,110
2023-06-06,Pan Caracol,Panes,0.25,144,110
2023-06-06,Pan Hamburguesa,Panes,0.4,288,240
2023-06-06,Cachito,Panes,0.25,144,110
2023-06-06,Pan Manjar,Panes,0.3,72,68
2023-06-06,Leche,Abarrotes,4.0,5,2
2023-06-06,Jamon,Abarrotes,2.5,6,4
2023-06-06,Café,Abarrotes,2.0,5,2
2023-06-06,Queso,Abarrotes,3.0,4,3
2023-06-06,Alfajores Pequeños,Bocaditos,0.25,200,150
2023-06-06,Alfajores Grandes,Bocaditos,1.0,100,75
2023-06-06,Galletas Pequeñas,Bocaditos,0.25,200,150
2023-06-06,Galletas Grandes,Bocaditos,1.0,300,290
2023-06-06,Cookie,Bocaditos,2.0,100,70
2023-06-06,Orejitas Pequeñas,Bocaditos,0.25,200,150
2023-06-06,Orejas Grandes,Bocaditos,1.0,100,70
2023-06-06,Beso de Moza,Bocaditos,1.0,80,50
2023-06-06,Caramandugas,Bocaditos,0.25,300,250
2023-06-06,Rosquitas,Bocaditos,0.25,300,250
2023-06-07,Pan Chabatta,Panes,0.25,768,720
2023-06-07,Pan Francés,Panes,0.25,648,610
2023-06-07,Pan Yema Largo,Panes,0.25,360,320
2023-06-07,Pan Yema Redondo,Panes,0.25,360,320
2023-06-07,Pan Chapla,Panes,0.25,144,110
2023-06-07,Pan Coliza,Panes,0.25,192,170
2023-06-07,Pan Integral,Panes,0.25,144,110
2023-06-07,Pan Caracol,Panes,0.25,144,110
2023-06-07,Pan Hamburguesa,Panes,0.4,288,240
2023-06-07,Cachito,Panes,0.25,144,110
2023-06-07,Pan Manjar,Panes,0.3,72,68
2023-06-07,Leche,Abarrotes,4.0,5,3
2023-06-07,Jamon,Abarrotes,2.5,6,3
2023-06-07,Café,Abarrotes,2.0,5,3
2023-06-07,Queso,Abarrotes,3.0,4,2
2023-06-07,Alfajores Pequeños,Bocaditos,0.25,200,150
2023-06-07,Alfajores Grandes,Bocaditos,1.0,100,75
2023-06-07,Galletas Pequeñas,Bocaditos,0.25,200,150
2023-06-07,Galletas Grandes,Bocaditos,1.0,300,290
2023-06-07,Cookie,Bocaditos,2.0,100,70
2023-06-07,Orejitas Pequeñas,Bocaditos,0.25,200,150
2023-06-07,Orejas Grandes,Bocaditos,1.0,100,70
2023-06-07,Beso de Moza,Bocaditos,1.0,80,50
2023-06-07,Caramandugas,Bocaditos,0.25,300,250
2023-06-07,Rosquitas,Bocaditos,0.25,300,250
2023-06-08,Pan Chabatta,Panes,0.25,768,720
2023-06-08,Pan Francés,Panes,0.25,648,610
2023-06-08,Pan Yema Largo,Panes,0.25,360,320
2023-06-08,Pan Yema Redondo,Panes,0.25,360,320
2023-06-08,Pan Chapla,Panes,0.25,144,110
2023-06-08,Pan Coliza,Panes,0.25,192,170
2023-06-08,Pan Integral,Panes,0.25,144,110
2023-06-08,Pan Caracol,Panes,0.25,144,110
2023-06-08,Pan Hamburguesa,Panes,0.4,288,240
2023-06-08,Cachito,Panes,0.25,144,110
2023-06-08,Pan Manjar,Panes,0.3,72,68
2023-06-08,Leche,Abarrotes,4.0,5,2
2023-06-08,Jamon,Abarrotes,2.5,6,3
2023-06-08,Café,Abarrotes,2.0,5,2
2023-06-08,Queso,Abarrotes,3.0,4,3
2023-06-08,Alfajores Pequeños,Bocaditos,0.25,200,150
2023-06-08,Alfajores Grandes,Bocaditos,1.0,100,75
2023-06-08,Galletas Pequeñas,Bocaditos,0.25,200,150
2023-06-08,Galletas Grandes,Bocaditos,1.0,300,290
2023-06-08,Cookie,Bocaditos,2.0,100,70
2023-06-08,Orejitas Pequeñas,Bocaditos,0.25,200,150
2023-06-08,Orejas Grandes,Bocaditos,1.0,100,70
2023-06-08,Beso de Moza,Bocaditos,1.0,80,50
2023-06-08,Caramandugas,Bocaditos,0.25,300,250
2023-06-08,Rosquitas,Bocaditos,0.25,300,250
2023-06-09,Pan Chabatta,Panes,0.25,768,720
2023-06-09,Pan Francés,Panes,0.25,648,610
2023-06-09,Pan Yema Largo,Panes,0.25,360,320
2023-06-09,Pan Yema Redondo,Panes,0.25,360,320
2023-06-09,Pan Chapla,Panes,0.25,144,110
2023-06-09,Pan Coliza,Panes,0.25,192,170
2023-06-09,Pan Integral,Panes,0.25,144,110
2023-06-09,Pan Caracol,Panes,0.25,144,110
2023-06-09,Pan Hamburguesa,Panes,0.4,288,240
2023-06-09,Cachito,Panes,0.25,144,110
2023-06-09,Pan Manjar,Panes,0.3,72,68
2023-06-09,Leche,Abarrotes,4.0,5,2
2023-06-09,Jamon,Abarrotes,2.5,6,3
2023-06-09,Café,Abarrotes,2.0,5,2
2023-06-09,Queso,Abarrotes,3.0,4,2
2023-06-09,Alfajores Pequeños,Bocaditos,0.25,200,150
2023-06-09,Alfajores Grandes,Bocaditos,1.0,100,75
2023-06-09,Galletas Pequeñas,Bocaditos,0.25,200,150
2023-06-09,Galletas Grandes,Bocaditos,1.0,300,290
2023-06-09,Cookie,Bocaditos,2.0,100,70
2023-06-09,Orejitas Pequeñas,Bocaditos,0.25,200,150
2023-06-09,Orejas Grandes,Bocaditos,1.0,100,70
2023-06-09,Beso de Moza,Bocaditos,1.0,80,52
2023-06-09,Caramandugas,Bocaditos,0.25,300,250
2023-06-09,Rosquitas,Bocaditos,0.25,300,250
2023-06-10,Pan Chabatta,Panes,0.25,768,738
2023-06-10,Pan Francés,Panes,0.25,648,621
2023-06-10,Pan Yema Largo,Panes,0.25,360,321
2023-06-10,Pan Yema Redondo,Panes,0.25,360,320
2023-06-10,Pan Chapla,Panes,0.25,144,111
2023-06-10,Pan Coliza,Panes,0.25,192,173
2023-06-10,Pan Integral,Panes,0.25,144,110
2023-06-10,Pan Caracol,Panes,0.25,144,117
2023-06-10,Pan Hamburguesa,Panes,0.4,288,247
2023-06-10,Cachito,Panes,0.25,144,114
2023-06-10,Pan Manjar,Panes,0.3,72,69
2023-06-10,Leche,Abarrotes,4.0,5,4
2023-06-10,Jamon,Abarrotes,2.5,6,3
2023-06-10,Café,Abarrotes,2.0,5,4
2023-06-10,Queso,Abarrotes,3.0,4,3
2023-06-10,Alfajores Pequeños,Bocaditos,0.25,200,152
2023-06-10,Alfajores Grandes,Bocaditos,1.0,100,77
2023-06-10,Galletas Pequeñas,Bocaditos,0.25,200,154
2023-06-10,Galletas Grandes,Bocaditos,1.0,300,293
2023-06-10,Cookie,Bocaditos,2.0,100,71
2023-06-10,Orejitas Pequeñas,Bocaditos,0.25,200,152
2023-06-10,Orejas Grandes,Bocaditos,1.0,100,74
2023-06-10,Beso de Moza,Bocaditos,1.0,80,55
2023-06-10,Caramandugas,Bocaditos,0.25,300,252
2023-06-10,Rosquitas,Bocaditos,0.25,300,257
2023-06-11,Pan Chabatta,Panes,0.25,768,739
2023-06-11,Pan Francés,Panes,0.25,648,618
2023-06-11,Pan Yema Largo,Panes,0.25,360,325
2023-06-11,Pan Yema Redondo,Panes,0.25,360,325
2023-06-11,Pan Chapla,Panes,0.25,144,113
2023-06-11,Pan Coliza,Panes,0.25,192,174
2023-06-11,Pan Integral,Panes,0.25,144,113
2023-06-11,Pan Caracol,Panes,0.25,144,112
2023-06-11,Pan Hamburguesa,Panes,0.4,288,241
2023-06-11,Cachito,Panes,0.25,144,114
2023-06-11,Pan Manjar,Panes,0.3,72,69
2023-06-11,Leche,Abarrotes,4.0,5,3
2023-06-11,Jamon,Abarrotes,2.5,6,3
2023-06-11,Café,Abarrotes,2.0,5,3
2023-06-11,Queso,Abarrotes,3.0,4,4
2023-06-11,Alfajores Pequeños,Bocaditos,0.25,200,158
2023-06-11,Alfajores Grandes,Bocaditos,1.0,100,81
2023-06-11,Galletas Pequeñas,Bocaditos,0.25,200,153
2023-06-11,Galletas Grandes,Bocaditos,1.0,300,290
2023-06-11,Cookie,Bocaditos,2.0,100,70
2023-06-11,Orejitas Pequeñas,Bocaditos,0.25,200,153
2023-06-11,Orejas Grandes,Bocaditos,1.0,100,75
2023-06-11,Beso de Moza,Bocaditos,1.0,80,54
2023-06-11,Caramandugas,Bocaditos,0.25,300,250
2023-06-11,Rosquitas,Bocaditos,0.25,300,260
2023-06-12,Pan Chabatta,Panes,0.25,768,720
2023-06-12,Pan Francés,Panes,0.25,648,610
2023-06-12,Pan Yema Largo,Panes,0.25,360,320
2023-06-12,Pan Yema Redondo,Panes,0.25,360,320
2023-06-12,Pan Chapla,Panes,0.25,144,110
2023-06-12,Pan Coliza,Panes,0.25,192,170
2023-06-12,Pan Integral,Panes,0.25,144,110
2023-06-12,Pan Caracol,Panes,0.25,144,110
2023-06-12,Pan Hamburguesa,Panes,0.4,288,240
2023-06-12,Cachito,Panes,0.25,144,110
2023-06-12,Pan Manjar,Panes,0.3,72,68
2023-06-12,Leche,Abarrotes,4.0,5,3
2023-06-12,Jamon,Abarrotes,2.5,6,3
2023-06-12,Café,Abarrotes,2.0,5,2
2023-06-12,Queso,Abarrotes,3.0,4,2
2023-06-12,Alfajores Pequeños,Bocaditos,0.25,200,150
2023-06-12,Alfajores Grandes,Bocaditos,1.0,100,75
2023-06-12,Galletas Pequeñas,Bocaditos,0.25,200,150
2023-06-12,Galletas Grandes,Bocaditos,1.0,300,290
2023-06-12,Cookie,Bocaditos,2.0,100,70
2023-06-12,Orejitas Pequeñas,Bocaditos,0.25,200,150
2023-06-12,Orejas Grandes,Bocaditos,1.0,100,70
2023-06-12,Beso de Moza,Bocaditos,1.0,80,50
2023-06-12,Caramandugas,Bocaditos,0.25,300,250
2023-06-12,Rosquitas,Bocaditos,0.25,300,250
2023-06-13,Pan Chabatta,Panes,0.25,768,720
2023-06-13,Pan Francés,Panes,0.25,648,610
2023-06-13,Pan Yema Largo,Panes,0.25,360,320
2023-06-13,Pan Yema Redondo,Panes,0.25,360,320
2023-06-13,Pan Chapla,Panes,0.25,144,110
2023-06-13,Pan Coliza,Panes,0.25,192,170
2023-06-13,Pan Integral,Panes,0.25,144,110
2023-06-13,Pan Caracol,Panes,0.25,144,110
2023-06-13,Pan Hamburguesa,Panes,0.4,288,240
2023-06-13,Cachito,Panes,0.25,144,110
2023-06-13,Pan Manjar,Panes,0.3,72,68
2023-06-13,Leche,Abarrotes,4.0,5,4
2023-06-13,Jamon,Abarrotes,2.5,6,3
2023-06-13,Café,Abarrotes,2.0,5,2
2023-06-13,Queso,Abarrotes,3.0,4,2
2023-06-13,Alfajores Pequeños,Bocaditos,0.25,200,150
2023-06-13,Alfajores Grandes,Bocaditos,1.0,100,75
2023-06-13,Galletas Pequeñas,Bocaditos,0.25,200,150
2023-06-13,Galletas Grandes,Bocaditos,1.0,300,290
2023-06-13,Cookie,Bocaditos,2.0,100,70
2023-06-13,Orejitas Pequeñas,Bocaditos,0.25,200,150
2023-06-13,Orejas Grandes,Bocaditos,1.0,100,70
2023-06-13,Beso de Moza,Bocaditos,1.0,80,50
2023-06-13,Caramandugas,Bocaditos,0.25,300,250
2023-06-13,Rosquitas,Bocaditos,0.25,300,250
2023-06-14,Pan Chabatta,Panes,0.25,768,720
2023-06-14,Pan Francés,Panes,0.25,648,610
2023-06-14,Pan Yema Largo,Panes,0.25,360,320
2023-06-14,Pan Yema Redondo,Panes,0.25,360,320
2023-06-14,Pan Chapla,Panes,0.25,144,110
2023-06-14,Pan Coliza,Panes,0.25,192,170
2023-06-14,Pan Integral,Panes,0.25,144,110
2023-06-14,Pan Caracol,Panes,0.25,144,110
2023-06-14,Pan Hamburguesa,Panes,0.4,288,240
2023-06-14,Cachito,Panes,0.25,144,110
2023-06-14,Pan Manjar,Panes,0.3,72,68
2023-06-14,Leche,Abarrotes,4.0,5,3
2023-06-14,Jamon,Abarrotes,2.5,6,3
2023-06-14,Café,Abarrotes,2.0,5,2
2023-06-14,Queso,Abarrotes,3.0,4,2
2023-06-14,Alfajores Pequeños,Bocaditos,0.25,200,150
2023-06-14,Alfajores Grandes,Bocaditos,1.0,100,75
2023-06-14,Galletas Pequeñas,Bocaditos,0.25,200,150
2023-06-14,Galletas Grandes,Bocaditos,1.0,300,290
2023-06-14,Cookie,Bocaditos,2.0,100,70
2023-06-14,Orejitas Pequeñas,Bocaditos,0.25,200,150
2023-06-14,Orejas Grandes,Bocaditos,1.0,100,70
2023-06-14,Beso de Moza,Bocaditos,1.0,80,50
2023-06-14,Caramandugas,Bocaditos,0.25,300,250
2023-06-14,Rosquitas,Bocaditos,0.25,300,250
2023-06-15,Pan Chabatta,Panes,0.25,768,720
2023-06-15,Pan Francés,Panes,0.25,648,610
2023-06-15,Pan Yema Largo,Panes,0.25,360,320
2023-06-15,Pan Yema Redondo,Panes,0.25,360,320
2023-06-15,Pan Chapla,Panes,0.25,144,110
2023-06-15,Pan Coliza,Panes,0.25,192,170
2023-06-15,Pan Integral,Panes,0.25,144,110
2023-06-15,Pan Caracol,Panes,0.25,144,110
2023-06-15,Pan Hamburguesa,Panes,0.4,288,240
2023-06-15,Cachito,Panes,0.25,144,110
2023-06-15,Pan Manjar,Panes,0.3,72,68
2023-06-15,Leche,Abarrotes,4.0,5,3
2023-06-15,Jamon,Abarrotes,2.5,6,4
2023-06-15,Café,Abarrotes,2.0,5,2
2023-06-15,Queso,Abarrotes,3.0,4,2
2023-06-15,Alfajores Pequeños,Bocaditos,0.25,200,150
2023-06-15,Alfajores Grandes,Bocaditos,1.0,100,75
2023-06-15,Galletas Pequeñas,Bocaditos,0.25,200,150
2023-06-15,Galletas Grandes,Bocaditos,1.0,300,290
2023-06-15,Cookie,Bocaditos,2.0,100,70
2023-06-15,Orejitas Pequeñas,Bocaditos,0.25,200,150
2023-06-15,Orejas Grandes,Bocaditos,1.0,100,70
2023-06-15,Beso de Moza,Bocaditos,1.0,80,50
2023-06-15,Caramandugas,Bocaditos,0.25,300,250
2023-06-15,Rosquitas,Bocaditos,0.25,300,250
2023-06-16,Pan Chabatta,Panes,0.25,768,720
2023-06-16,Pan Francés,Panes,0.25,648,610
2023-06-16,Pan Yema Largo,Panes,0.25,360,320
2023-06-16,Pan Yema Redondo,Panes,0.25,360,320
2023-06-16,Pan Chapla,Panes,0.25,144,110
2023-06-16,Pan Coliza,Panes,0.25,192,170
2023-06-16,Pan Integral,Panes,0.25,144,110
2023-06-16,Pan Caracol,Panes,0.25,144,110
2023-06-16,Pan Hamburguesa,Panes,0.4,288,240
2023-06-16,Cachito,Panes,0.25,144,110
2023-06-16,Pan Manjar,Panes,0.3,72,68
2023-06-16,Leche,Abarrotes,4.0,5,2
2023-06-16,Jamon,Abarrotes,2.5,6,3
2023-06-16,Café,Abarrotes,2.0,5,2
2023-06-16,Queso,Abarrotes,3.0,4,2
2023-06-16,Alfajores Pequeños,Bocaditos,0.25,200,150
2023-06-16,Alfajores Grandes,Bocaditos,1.0,100,75
2023-06-16,Galletas Pequeñas,Bocaditos,0.25,200,150
2023-06-16,Galletas Grandes,Bocaditos,1.0,300,290
2023-06-16,Cookie,Bocaditos,2.0,100,70
2023-06-16,Orejitas Pequeñas,Bocaditos,0.25,200,150
2023-06-16,Orejas Grandes,Bocaditos,1.0,100,70
2023-06-16,Beso de Moza,Bocaditos,1.0,80,50
2023-06-16,Caramandugas,Bocaditos,0.25,300,250
2023-06-16,Rosquitas,Bocaditos,0.25,300,250
2023-06-17,Pan Chabatta,Panes,0.25,768,740
2023-06-17,Pan Francés,Panes,0.25,648,615
2023-06-17,Pan Yema Largo,Panes,0.25,360,323
2023-06-17,Pan Yema Redondo,Panes,0.25,360,329
2023-06-17,Pan Chapla,Panes,0.25,144,111
2023-06-17,Pan Coliza,Panes,0.25,192,172
2023-06-17,Pan Integral,Panes,0.25,144,116
2023-06-17,Pan Caracol,Panes,0.25,144,119
2023-06-17,Pan Hamburguesa,Panes,0.4,288,240
2023-06-17,Cachito,Panes,0.25,144,113
2023-06-17,Pan Manjar,Panes,0.3,72,69
2023-06-17,Leche,Abarrotes,4.0,5,2
2023-06-17,Jamon,Abarrotes,2.5,6,6
2023-06-17,Café,Abarrotes,2.0,5,2
2023-06-17,Queso,Abarrotes,3.0,4,2
2023-06-17,Alfajores Pequeños,Bocaditos,0.25,200,150
2023-06-17,Alfajores Grandes,Bocaditos,1.0,100,77
2023-06-17,Galletas Pequeñas,Bocaditos,0.25,200,153
2023-06-17,Galletas Grandes,Bocaditos,1.0,300,291
2023-06-17,Cookie,Bocaditos,2.0,100,70
2023-06-17,Orejitas Pequeñas,Bocaditos,0.25,200,150
2023-06-17,Orejas Grandes,Bocaditos,1.0,100,70
2023-06-17,Beso de Moza,Bocaditos,1.0,80,59
2023-06-17,Caramandugas,Bocaditos,0.25,300,251
2023-06-17,Rosquitas,Bocaditos,0.25,300,253
2023-06-18,Pan Chabatta,Panes,0.25,768,720
2023-06-18,Pan Francés,Panes,0.25,648,615
2023-06-18,Pan Yema Largo,Panes,0.25,360,329
2023-06-18,Pan Yema Redondo,Panes,0.25,360,328
2023-06-18,Pan Chapla,Panes,0.25,144,115
2023-06-18,Pan Coliza,Panes,0.25,192,175
2023-06-18,Pan Integral,Panes,0.25,144,115
2023-06-18,Pan Caracol,Panes,0.25,144,118
2023-06-18,Pan Hamburguesa,Panes,0.4,288,248
2023-06-18,Cachito,Panes,0.25,144,116
2023-06-18,Pan Manjar,Panes,0.3,72,68
2023-06-18,Leche,Abarrotes,4.0,5,2
2023-06-18,Jamon,Abarrotes,2.5,6,4
2023-06-18,Café,Abarrotes,2.0,5,3
2023-06-18,Queso,Abarrotes,3.0,4,4
2023-06-18,Alfajores Pequeños,Bocaditos,0.25,200,154
2023-06-18,Alfajores Grandes,Bocaditos,1.0,100,80
2023-06-18,Galletas Pequeñas,Bocaditos,0.25,200,155
2023-06-18,Galletas Grandes,Bocaditos,1.0,300,294
2023-06-18,Cookie,Bocaditos,2.0,100,76
2023-06-18,Orejitas Pequeñas,Bocaditos,0.25,200,154
2023-06-18,Orejas Grandes,Bocaditos,1.0,100,70
2023-06-18,Beso de Moza,Bocaditos,1.0,80,55
2023-06-18,Caramandugas,Bocaditos,0.25,300,261
2023-06-18,Rosquitas,Bocaditos,0.25,300,254
2023-06-19,Pan Chabatta,Panes,0.25,768,720
2023-06-19,Pan Francés,Panes,0.25,648,610
2023-06-19,Pan Yema Largo,Panes,0.25,360,320
2023-06-19,Pan Yema Redondo,Panes,0.25,360,320
2023-06-19,Pan Chapla,Panes,0.25,144,110
2023-06-19,Pan Coliza,Panes,0.25,192,170
2023-06-19,Pan Integral,Panes,0.25,144,110
2023-06-19,Pan Caracol,Panes,0.25,144,110
2023-06-19,Pan Hamburguesa,Panes,0.4,288,240
2023-06-19,Cachito,Panes,0.25,144,110
2023-06-19,Pan Manjar,Panes,0.3,72,68
2023-06-19,Leche,Abarrotes,4.0,5,2
2023-06-19,Jamon,Abarrotes,2.5,6,3
2023-06-19,Café,Abarrotes,2.0,5,2
2023-06-19,Queso,Abarrotes,3.0,4,2
2023-06-19,Alfajores Pequeños,Bocaditos,0.25,200,150
2023-06-19,Alfajores Grandes,Bocaditos,1.0,100,75
2023-06-19,Galletas Pequeñas,Bocaditos,0.25,200,150
2023-06-19,Galletas Grandes,Bocaditos,1.0,300,290
2023-06-19,Cookie,Bocaditos,2.0,100,70
2023-06-19,Orejitas Pequeñas,Bocaditos,0.25,200,150
2023-06-19,Orejas Grandes,Bocaditos,1.0,100,70
2023-06-19,Beso de Moza,Bocaditos,1.0,80,50
2023-06-19,Caramandugas,Bocaditos,0.25,300,250
2023-06-19,Rosquitas,Bocaditos,0.25,300,250
2023-06-20,Pan Chabatta,Panes,0.25,768,720
2023-06-20,Pan Francés,Panes,0.25,648,610
2023-06-20,Pan Yema Largo,Panes,0.25,360,320
2023-06-20,Pan Yema Redondo,Panes,0.25,360,320
2023-06-20,Pan Chapla,Panes,0.25,144,110
2023-06-20,Pan Coliza,Panes,0.25,192,170
2023-06-20,Pan Integral,Panes,0.25,144,110
2023-06-20,Pan Caracol,Panes,0.25,144,110
2023-06-20,Pan Hamburguesa,Panes,0.4,288,240
2023-06-20,Cachito,Panes,0.25,144,110
2023-06-20,Pan Manjar,Panes,0.3,72,68
2023-06-20,Leche,Abarrotes,4.0,5,3
2023-06-20,Jamon,Abarrotes,2.5,6,4
2023-06-20,Café,Abarrotes,2.0,5,2
2023-06-20,Queso,Abarrotes,3.0,4,2
2023-06-20,Alfajores Pequeños,Bocaditos,0.25,200,150
2023-06-20,Alfajores Grandes,Bocaditos,1.0,100,75
2023-06-20,Galletas Pequeñas,Bocaditos,0.25,200,150
2023-06-20,Galletas Grandes,Bocaditos,1.0,300,290
2023-06-20,Cookie,Bocaditos,2.0,100,70
2023-06-20,Orejitas Pequeñas,Bocaditos,0.25,200,150
2023-06-20,Orejas Grandes,Bocaditos,1.0,100,70
2023-06-20,Beso de Moza,Bocaditos,1.0,80,50
2023-06-20,Caramandugas,Bocaditos,0.25,300,250
2023-06-20,Rosquitas,Bocaditos,0.25,300,250
2023-06-21,Pan Chabatta,Panes,0.25,768,720
2023-06-21,Pan Francés,Panes,0.25,648,610
2023-06-21,Pan Yema Largo,Panes,0.25,360,320
2023-06-21,Pan Yema Redondo,Panes,0.25,360,320
2023-06-21,Pan Chapla,Panes,0.25,144,110
2023-06-21,Pan Coliza,Panes,0.25,192,170
2023-06-21,Pan Integral,Panes,0.25,144,110
2023-06-21,Pan Caracol,Panes,0.25,144,110
2023-06-21,Pan Hamburguesa,Panes,0.4,288,240
2023-06-21,Cachito,Panes,0.25,144,110
2023-06-21,Pan Manjar,Panes,0.3,72,68
2023-06-21,Leche,Abarrotes,4.0,5,3
2023-06-21,Jamon,Abarrotes,2.5,6,3
2023-06-21,Café,Abarrotes,2.0,5,2
2023-06-21,Queso,Abarrotes,3.0,4,3
2023-06-21,Alfajores Pequeños,Bocaditos,0.25,200,150
2023-06-21,Alfajores Grandes,Bocaditos,1.0,100,75
2023-06-21,Galletas Pequeñas,Bocaditos,0.25,200,150
2023-06-21,Galletas Grandes,Bocaditos,1.0,300,290
2023-06-21,Cookie,Bocaditos,2.0,100,70
2023-06-21,Orejitas Pequeñas,Bocaditos,0.25,200,150
2023-06-21,Orejas Grandes,Bocaditos,1.0,100,70
2023-06-21,Beso de Moza,Bocaditos,1.0,80,50
2023-06-21,Caramandugas,Bocaditos,0.25,300,250
2023-06-21,Rosquitas,Bocaditos,0.25,300,250
2023-06-22,Pan Chabatta,Panes,0.25,768,720
2023-06-22,Pan Francés,Panes,0.25,648,610
2023-06-22,Pan Yema Largo,Panes,0.25,360,320
2023-06-22,Pan Yema Redondo,Panes,0.25,360,320
2023-06-22,Pan Chapla,Panes,0.25,144,110
2023-06-22,Pan Coliza,Panes,0.25,192,170
2023-06-22,Pan Integral,Panes,0.25,144,110
2023-06-22,Pan Caracol,Panes,0.25,144,110
2023-06-22,Pan Hamburguesa,Panes,0.4,288,240
2023-06-22,Cachito,Panes,0.25,144,110
2023-06-22,Pan Manjar,Panes,0.3,72,68
2023-06-22,Leche,Abarrotes,4.0,5,4
2023-06-22,Jamon,Abarrotes,2.5,6,3
2023-06-22,Café,Abarrotes,2.0,5,4
2023-06-22,Queso,Abarrotes,3.0,4,2
2023-06-22,Alfajores Pequeños,Bocaditos,0.25,200,150
2023-06-22,Alfajores Grandes,Bocaditos,1.0,100,75
2023-06-22,Galletas Pequeñas,Bocaditos,0.25,200,150
2023-06-22,Galletas Grandes,Bocaditos,1.0,300,290
2023-06-22,Cookie,Bocaditos,2.0,100,70
2023-06-22,Orejitas Pequeñas,Bocaditos,0.25,200,150
2023-06-22,Orejas Grandes,Bocaditos,1.0,100,70
2023-06-22,Beso de Moza,Bocaditos,1.0,80,50
2023-06-22,Caramandugas,Bocaditos,0.25,300,250
2023-06-22,Rosquitas,Bocaditos,0.25,300,250
2023-06-23,Pan Chabatta,Panes,0.25,768,720
2023-06-23,Pan Francés,Panes,0.25,648,610
2023-06-23,Pan Yema Largo,Panes,0.25,360,320
2023-06-23,Pan Yema Redondo,Panes,0.25,360,320
2023-06-23,Pan Chapla,Panes,0.25,144,110
2023-06-23,Pan Coliza,Panes,0.25,192,170
2023-06-23,Pan Integral,Panes,0.25,144,110
2023-06-23,Pan Caracol,Panes,0.25,144,110
2023-06-23,Pan Hamburguesa,Panes,0.4,288,240
2023-06-23,Cachito,Panes,0.25,144,110
2023-06-23,Pan Manjar,Panes,0.3,72,68
2023-06-23,Leche,Abarrotes,4.0,5,2
2023-06-23,Jamon,Abarrotes,2.5,6,4
2023-06-23,Café,Abarrotes,2.0,5,2
2023-06-23,Queso,Abarrotes,3.0,4,2
2023-06-23,Alfajores Pequeños,Bocaditos,0.25,200,150
2023-06-23,Alfajores Grandes,Bocaditos,1.0,100,75
2023-06-23,Galletas Pequeñas,Bocaditos,0.25,200,150
2023-06-23,Galletas Grandes,Bocaditos,1.0,300,290
2023-06-23,Cookie,Bocaditos,2.0,100,70
2023-06-23,Orejitas Pequeñas,Bocaditos,0.25,200,150
2023-06-23,Orejas Grandes,Bocaditos,1.0,100,70
2023-06-23,Beso de Moza,Bocaditos,1.0,80,50
2023-06-23,Caramandugas,Bocaditos,0.25,300,250
2023-06-23,Rosquitas,Bocaditos,0.25,300,250
2023-06-24,Pan Chabatta,Panes,0.25,768,722
2023-06-24,Pan Francés,Panes,0.25,648,617
2023-06-24,Pan Yema Largo,Panes,0.25,360,327
2023-06-24,Pan Yema Redondo,Panes,0.25,360,320
2023-06-24,Pan Chapla,Panes,0.25,144,118
2023-06-24,Pan Coliza,Panes,0.25,192,173
2023-06-24,Pan Integral,Panes,0.25,144,114
2023-06-24,Pan Caracol,Panes,0.25,144,115
2023-06-24,Pan Hamburguesa,Panes,0.4,288,251
2023-06-24,Cachito,Panes,0.25,144,115
2023-06-24,Pan Manjar,Panes,0.3,72,68
2023-06-24,Leche,Abarrotes,4.0,5,2
2023-06-24,Jamon,Abarrotes,2.5,6,3
2023-06-24,Café,Abarrotes,2.0,5,2
2023-06-24,Queso,Abarrotes,3.0,4,2
2023-06-24,Alfajores Pequeños,Bocaditos,0.25,200,157
2023-06-24,Alfajores Grandes,Bocaditos,1.0,100,77
2023-06-24,Galletas Pequeñas,Bocaditos,0.25,200,155
2023-06-24,Galletas Grandes,Bocaditos,1.0,300,296
2023-06-24,Cookie,Bocaditos,2.0,100,72
2023-06-24,Orejitas Pequeñas,Bocaditos,0.25,200,156
2023-06-24,Orejas Grandes,Bocaditos,1.0,100,71
2023-06-24,Beso de Moza,Bocaditos,1.0,80,58
2023-06-24,Caramandugas,Bocaditos,0.25,300,254
2023-06-24,Rosquitas,Bocaditos,0.25,300,252
2023-06-25,Pan Chabatta,Panes,0.25,768,735
2023-06-25,Pan Francés,Panes,0.25,648,616
2023-06-25,Pan Yema Largo,Panes,0.25,360,329
2023-06-25,Pan Yema Redondo,Panes,0.25,360,321
2023-06-25,Pan Chapla,Panes,0.25,144,117
2023-06-25,Pan Coliza,Panes,0.25,192,172
2023-06-25,Pan Integral,Panes,0.25,144,111
2023-06-25,Pan Caracol,Panes,0.25,144,115
2023-06-25,Pan Hamburguesa,Panes,0.4,288,245
2023-06-25,Cachito,Panes,0.25,144,118
2023-06-25,Pan Manjar,Panes,0.3,72,71
2023-06-25,Leche,Abarrotes,4.0,5,3
2023-06-25,Jamon,Abarrotes,2.5,6,3
2023-06-25,Café,Abarrotes,2.0,5,2
2023-06-25,Queso,Abarrotes,3.0,4,3
2023-06-25,Alfajores Pequeños,Bocaditos,0.25,200,159
2023-06-25,Alfajores Grandes,Bocaditos,1.0,100,75
2023-06-25,Galletas Pequeñas,Bocaditos,0.25,200,153
2023-06-25,Galletas Grandes,Bocaditos,1.0,300,292
2023-06-25,Cookie,Bocaditos,2.0,100,72
2023-06-25,Orejitas Pequeñas,Bocaditos,0.25,200,156
2023-06-25,Orejas Grandes,Bocaditos,1.0,100,73
2023-06-25,Beso de Moza,Bocaditos,1.0,80,52
2023-06-25,Caramandugas,Bocaditos,0.25,300,259
2023-06-25,Rosquitas,Bocaditos,0.25,300,260
2023-06-26,Pan Chabatta,Panes,0.25,768,720
2023-06-26,Pan Francés,Panes,0.25,648,610
2023-06-26,Pan Yema Largo,Panes,0.25,360,320
2023-06-26,Pan Yema Redondo,Panes,0.25,360,320
2023-06-26,Pan Chapla,Panes,0.25,144,110
2023-06-26,Pan Coliza,Panes,0.25,192,170
2023-06-26,Pan Integral,Panes,0.25,144,110
2023-06-26,Pan Caracol,Panes,0.25,144,110
2023-06-26,Pan Hamburguesa,Panes,0.4,288,240
2023-06-26,Cachito,Panes,0.25,144,110
2023-06-26,Pan Manjar,Panes,0.3,72,68
2023-06-26,Leche,Abarrotes,4.0,5,2
2023-06-26,Jamon,Abarrotes,2.5,6,3
2023-06-26,Café,Abarrotes,2.0,5,2
2023-06-26,Queso,Abarrotes,3.0,4,2
2023-06-26,Alfajores Pequeños,Bocaditos,0.25,200,150
2023-06-26,Alfajores Grandes,Bocaditos,1.0,100,75
2023-06-26,Galletas Pequeñas,Bocaditos,0.25,200,150
2023-06-26,Galletas Grandes,Bocaditos,1.0,300,290
2023-06-26,Cookie,Bocaditos,2.0,100,70
2023-06-26,Orejitas Pequeñas,Bocaditos,0.25,200,150
2023-06-26,Orejas Grandes,Bocaditos,1.0,100,70
2023-06-26,Beso de Moza,Bocaditos,1.0,80,50
2023-06-26,Caramandugas,Bocaditos,0.25,300,250
2023-06-26,Rosquitas,Bocaditos,0.25,300,250
2023-06-27,Pan Chabatta,Panes,0.25,768,720
2023-06-27,Pan Francés,Panes,0.25,648,610
2023-06-27,Pan Yema Largo,Panes,0.25,360,320
2023-06-27,Pan Yema Redondo,Panes,0.25,360,320
2023-06-27,Pan Chapla,Panes,0.25,144,110
2023-06-27,Pan Coliza,Panes,0.25,192,170
2023-06-27,Pan Integral,Panes,0.25,144,110
2023-06-27,Pan Caracol,Panes,0.25,144,110
2023-06-27,Pan Hamburguesa,Panes,0.4,288,240
2023-06-27,Cachito,Panes,0.25,144,110
2023-06-27,Pan Manjar,Panes,0.3,72,68
2023-06-27,Leche,Abarrotes,4.0,5,3
2023-06-27,Jamon,Abarrotes,2.5,6,3
2023-06-27,Café,Abarrotes,2.0,5,3
2023-06-27,Queso,Abarrotes,3.0,4,2
2023-06-27,Alfajores Pequeños,Bocaditos,0.25,200,150
2023-06-27,Alfajores Grandes,Bocaditos,1.0,100,75
2023-06-27,Galletas Pequeñas,Bocaditos,0.25,200,150
2023-06-27,Galletas Grandes,Bocaditos,1.0,300,290
2023-06-27,Cookie,Bocaditos,2.0,100,70
2023-06-27,Orejitas Pequeñas,Bocaditos,0.25,200,150
2023-06-27,Orejas Grandes,Bocaditos,1.0,100,70
2023-06-27,Beso de Moza,Bocaditos,1.0,80,50
2023-06-27,Caramandugas,Bocaditos,0.25,300,250
2023-06-27,Rosquitas,Bocaditos,0.25,300,250
2023-06-28,Pan Chabatta,Panes,0.25,768,720
2023-06-28,Pan Francés,Panes,0.25,648,610
2023-06-28,Pan Yema Largo,Panes,0.25,360,320
2023-06-28,Pan Yema Redondo,Panes,0.25,360,320
2023-06-28,Pan Chapla,Panes,0.25,144,110
2023-06-28,Pan Coliza,Panes,0.25,192,170
2023-06-28,Pan Integral,Panes,0.25,144,110
2023-06-28,Pan Caracol,Panes,0.25,144,110
2023-06-28,Pan Hamburguesa,Panes,0.4,288,240
2023-06-28,Cachito,Panes,0.25,144,110
2023-06-28,Pan Manjar,Panes,0.3,72,68
2023-06-28,Leche,Abarrotes,4.0,5,2
2023-06-28,Jamon,Abarrotes,2.5,6,3
2023-06-28,Café,Abarrotes,2.0,5,2
2023-06-28,Queso,Abarrotes,3.0,4,2
2023-06-28,Alfajores Pequeños,Bocaditos,0.25,200,150
2023-06-28,Alfajores Grandes,Bocaditos,1.0,100,75
2023-06-28,Galletas Pequeñas,Bocaditos,0.25,200,150
2023-06-28,Galletas Grandes,Bocaditos,1.0,300,290
2023-06-28,Cookie,Bocaditos,2.0,100,70
2023-06-28,Orejitas Pequeñas,Bocaditos,0.25,200,150
2023-06-28,Orejas Grandes,Bocaditos,1.0,100,70
2023-06-28,Beso de Moza,Bocaditos,1.0,80,50
2023-06-28,Caramandugas,Bocaditos,0.25,300,250
2023-06-28,Rosquitas,Bocaditos,0.25,300,250
2023-06-29,Pan Chabatta,Panes,0.25,768,720
2023-06-29,Pan Francés,Panes,0.25,648,610
2023-06-29,Pan Yema Largo,Panes,0.25,360,320
2023-06-29,Pan Yema Redondo,Panes,0.25,360,320
2023-06-29,Pan Chapla,Panes,0.25,144,110
2023-06-29,Pan Coliza,Panes,0.25,192,170
2023-06-29,Pan Integral,Panes,0.25,144,110
2023-06-29,Pan Caracol,Panes,0.25,144,110
2023-06-29,Pan Hamburguesa,Panes,0.4,288,240
2023-06-29,Cachito,Panes,0.25,144,110
2023-06-29,Pan Manjar,Panes,0.3,72,68
2023-06-29,Leche,Abarrotes,4.0,5,2
2023-06-29,Jamon,Abarrotes,2.5,6,3
2023-06-29,Café,Abarrotes,2.0,5,2
2023-06-29,Queso,Abarrotes,3.0,4,2
2023-06-29,Alfajores Pequeños,Bocaditos,0.25,200,150
2023-06-29,Alfajores Grandes,Bocaditos,1.0,100,75
2023-06-29,Galletas Pequeñas,Bocaditos,0.25,200,150
2023-06-29,Galletas Grandes,Bocaditos,1.0,300,290
2023-06-29,Cookie,Bocaditos,2.0,100,70
2023-06-29,Orejitas Pequeñas,Bocaditos,0.25,200,150
2023-06-29,Orejas Grandes,Bocaditos,1.0,100,70
2023-06-29,Beso de Moza,Bocaditos,1.0,80,50
2023-06-29,Caramandugas,Bocaditos,0.25,300,250
2023-06-29,Rosquitas,Bocaditos,0.25,300,250
2023-06-30,Pan Chabatta,Panes,0.25,768,720
2023-06-30,Pan Francés,Panes,0.25,648,610
2023-06-30,Pan Yema Largo,Panes,0.25,360,320
2023-06-30,Pan Yema Redondo,Panes,0.25,360,320
2023-06-30,Pan Chapla,Panes,0.25,144,110
2023-06-30,Pan Coliza,Panes,0.25,192,170
2023-06-30,Pan Integral,Panes,0.25,144,110
2023-06-30,Pan Caracol,Panes,0.25,144,110
2023-06-30,Pan Hamburguesa,Panes,0.4,288,240
2023-06-30,Cachito,Panes,0.25,144,110
2023-06-30,Pan Manjar,Panes,0.3,72,68
2023-06-30,Leche,Abarrotes,4.0,5,2
2023-06-30,Jamon,Abarrotes,2.5,6,3
2023-06-30,Café,Abarrotes,2.0,5,2
2023-06-30,Queso,Abarrotes,3.0,4,2
2023-06-30,Alfajores Pequeños,Bocaditos,0.25,200,150
2023-06-30,Alfajores Grandes,Bocaditos,1.0,100,75
2023-06-30,Galletas Pequeñas,Bocaditos,0.25,200,150
2023-06-30,Galletas Grandes,Bocaditos,1.0,300,290
2023-06-30,Cookie,Bocaditos,2.0,100,70
2023-06-30,Orejitas Pequeñas,Bocaditos,0.25,200,150
2023-06-30,Orejas Grandes,Bocaditos,1.0,100,70
2023-06-30,Beso de Moza,Bocaditos,1.0,80,50
2023-06-30,Caramandugas,Bocaditos,0.25,300,250
2023-06-30,Rosquitas,Bocaditos,0.25,300,250
2023-07-01,Pan Chabatta,Panes,0.25,768,724
2023-07-01,Pan Francés,Panes,0.25,648,617
2023-07-01,Pan Yema Largo,Panes,0.25,360,326
2023-07-01,Pan Yema Redondo,Panes,0.25,360,322
2023-07-01,Pan Chapla,Panes,0.25,144,116
2023-07-01,Pan Coliza,Panes,0.25,192,172
2023-07-01,Pan Integral,Panes,0.25,144,116
2023-07-01,Pan Caracol,Panes,0.25,144,110
2023-07-01,Pan Hamburguesa,Panes,0.4,288,243
2023-07-01,Cachito,Panes,0.25,144,114
2023-07-01,Pan Manjar,Panes,0.3,72,69
2023-07-01,Leche,Abarrotes,4.0,5,4
2023-07-01,Jamon,Abarrotes,2.5,6,3
2023-07-01,Café,Abarrotes,2.0,5,3
2023-07-01,Queso,Abarrotes,3.0,4,2
2023-07-01,Alfajores Pequeños,Bocaditos,0.25,200,152
2023-07-01,Alfajores Grandes,Bocaditos,1.0,100,78
2023-07-01,Galletas Pequeñas,Bocaditos,0.25,200,158
2023-07-01,Galletas Grandes,Bocaditos,1.0,300,292
2023-07-01,Cookie,Bocaditos,2.0,100,75
2023-07-01,Orejitas Pequeñas,Bocaditos,0.25,200,152
2023-07-01,Orejas Grandes,Bocaditos,1.0,100,70
2023-07-01,Beso de Moza,Bocaditos,1.0,80,60
2023-07-01,Caramandugas,Bocaditos,0.25,300,260
2023-07-01,Rosquitas,Bocaditos,0.25,300,260
2023-07-02,Pan Chabatta,Panes,0.25,768,728
2023-07-02,Pan Francés,Panes,0.25,648,616
2023-07-02,Pan Yema Largo,Panes,0.25,360,324
2023-07-02,Pan Yema Redondo,Panes,0.25,360,324
2023-07-02,Pan Chapla,Panes,0.25,144,116
2023-07-02,Pan Coliza,Panes,0.25,192,174
2023-07-02,Pan Integral,Panes,0.25,144,119
2023-07-02,Pan Caracol,Panes,0.25,144,116
2023-07-02,Pan Hamburguesa,Panes,0.4,288,249
2023-07-02,Cachito,Panes,0.25,144,118
2023-07-02,Pan Manjar,Panes,0.3,72,69
2023-07-02,Leche,Abarrotes,4.0,5,4
2023-07-02,Jamon,Abarrotes,2.5,6,4
2023-07-02,Café,Abarrotes,2.0,5,3
2023-07-02,Queso,Abarrotes,3.0,4,3
2023-07-02,Alfajores Pequeños,Bocaditos,0.25,200,156
2023-07-02,Alfajores Grandes,Bocaditos,1.0,100,77
2023-07-02,Galletas Pequeñas,Bocaditos,0.25,200,155
2023-07-02,Galletas Grandes,Bocaditos,1.0,300,294
2023-07-02,Cookie,Bocaditos,2.0,100,72
2023-07-02,Orejitas Pequeñas,Bocaditos,0.25,200,158
2023-07-02,Orejas Grandes,Bocaditos,1.0,100,73
2023-07-02,Beso de Moza,Bocaditos,1.0,80,54
2023-07-02,Caramandugas,Bocaditos,0.25,300,256
2023-07-02,Rosquitas,Bocaditos,0.25,300,251
2023-07-03,Pan Chabatta,Panes,0.25,768,720
2023-07-03,Pan Francés,Panes,0.25,648,610
2023-07-03,Pan Yema Largo,Panes,0.25,360,320
2023-07-03,Pan Yema Redondo,Panes,0.25,360,320
2023-07-03,Pan Chapla,Panes,0.25,144,110
2023-07-03,Pan Coliza,Panes,0.25,192,170
2023-07-03,Pan Integral,Panes,0.25,144,110
2023-07-03,Pan Caracol,Panes,0.25,144,110
2023-07-03,Pan Hamburguesa,Panes,0.4,288,240
2023-07-03,Cachito,Panes,0.25,144,110
2023-07-03,Pan Manjar,Panes,0.3,72,68
2023-07-03,Leche,Abarrotes,4.0,5,2
2023-07-03,Jamon,Abarrotes,2.5,6,3
2023-07-03,Café,Abarrotes,2.0,5,2
2023-07-03,Queso,Abarrotes,3.0,4,2
2023-07-03,Alfajores Pequeños,Bocaditos,0.25,200,150
2023-07-03,Alfajores Grandes,Bocaditos,1.0,100,75
2023-07-03,Galletas Pequeñas,Bocaditos,0.25,200,150
2023-07-03,Galletas Grandes,Bocaditos,1.0,300,290
2023-07-03,Cookie,Bocaditos,2.0,100,70
2023-07-03,Orejitas Pequeñas,Bocaditos,0.25,200,150
2023-07-03,Orejas Grandes,Bocaditos,1.0,100,70
2023-07-03,Beso de Moza,Bocaditos,1.0,80,50
2023-07-03,Caramandugas,Bocaditos,0.25,300,250
2023-07-03,Rosquitas,Bocaditos,0.25,300,250
2023-07-04,Pan Chabatta,Panes,0.25,768,720
2023-07-04,Pan Francés,Panes,0.25,648,610
2023-07-04,Pan Yema Largo,Panes,0.25,360,320
2023-07-04,Pan Yema Redondo,Panes,0.25,360,320
2023-07-04,Pan Chapla,Panes,0.25,144,110
2023-07-04,Pan Coliza,Panes,0.25,192,170
2023-07-04,Pan Integral,Panes,0.25,144,110
2023-07-04,Pan Caracol,Panes,0.25,144,110
2023-07-04,Pan Hamburguesa,Panes,0.4,288,240
2023-07-04,Cachito,Panes,0.25,144,110
2023-07-04,Pan Manjar,Panes,0.3,72,68
2023-07-04,Leche,Abarrotes,4.0,5,2
2023-07-04,Jamon,Abarrotes,2.5,6,4
2023-07-04,Café,Abarrotes,2.0,5,4
2023-07-04,Queso,Abarrotes,3.0,4,2
2023-07-04,Alfajores Pequeños,Bocaditos,0.25,200,150
2023-07-04,Alfajores Grandes,Bocaditos,1.0,100,75
2023-07-04,Galletas Pequeñas,Bocaditos,0.25,200,150
2023-07-04,Galletas Grandes,Bocaditos,1.0,300,290
2023-07-04,Cookie,Bocaditos,2.0,100,70
2023-07-04,Orejitas Pequeñas,Bocaditos,0.25,200,150
2023-07-04,Orejas Grandes,Bocaditos,1.0,100,70
2023-07-04,Beso de Moza,Bocaditos,1.0,80,50
2023-07-04,Caramandugas,Bocaditos,0.25,300,250
2023-07-04,Rosquitas,Bocaditos,0.25,300,250
2023-07-05,Pan Chabatta,Panes,0.25,768,720
2023-07-05,Pan Francés,Panes,0.25,648,610
2023-07-05,Pan Yema Largo,Panes,0.25,360,320
2023-07-05,Pan Yema Redondo,Panes,0.25,360,320
2023-07-05,Pan Chapla,Panes,0.25,144,110
2023-07-05,Pan Coliza,Panes,0.25,192,170
2023-07-05,Pan Integral,Panes,0.25,144,110
2023-07-05,Pan Caracol,Panes,0.25,144,110
2023-07-05,Pan Hamburguesa,Panes,0.4,288,240
2023-07-05,Cachito,Panes,0.25,144,110
2023-07-05,Pan Manjar,Panes,0.3,72,68
2023-07-05,Leche,Abarrotes,4.0,5,2
2023-07-05,Jamon,Abarrotes,2.5,6,4
2023-07-05,Café,Abarrotes,2.0,5,2
2023-07-05,Queso,Abarrotes,3.0,4,3
2023-07-05,Alfajores Pequeños,Bocaditos,0.25,200,150
2023-07-05,Alfajores Grandes,Bocaditos,1.0,100,75
2023-07-05,Galletas Pequeñas,Bocaditos,0.25,200,150
2023-07-05,Galletas Grandes,Bocaditos,1.0,300,290
2023-07-05,Cookie,Bocaditos,2.0,100,70
2023-07-05,Orejitas Pequeñas,Bocaditos,0.25,200,150
2023-07-05,Orejas Grandes,Bocaditos,1.0,100,70
2023-07-05,Beso de Moza,Bocaditos,1.0,80,50
2023-07-05,Caramandugas,Bocaditos,0.25,300,250
2023-07-05,Rosquitas,Bocaditos,0.25,300,250
2023-07-06,Pan Chabatta,Panes,0.25,768,720
2023-07-06,Pan Francés,Panes,0.25,648,610
2023-07-06,Pan Yema Largo,Panes,0.25,360,320
2023-07-06,Pan Yema Redondo,Panes,0.25,360,320
2023-07-06,Pan Chapla,Panes,0.25,144,110
2023-07-06,Pan Coliza,Panes,0.25,192,170
2023-07-06,Pan Integral,Panes,0.25,144,110
2023-07-06,Pan Caracol,Panes,0.25,144,110
2023-07-06,Pan Hamburguesa,Panes,0.4,288,240
2023-07-06,Cachito,Panes,0.25,144,110
2023-07-06,Pan Manjar,Panes,0.3,72,68
2023-07-06,Leche,Abarrotes,4.0,5,4
2023-07-06,Jamon,Abarrotes,2.5,6,5
2023-07-06,Café,Abarrotes,2.0,5,2
2023-07-06,Queso,Abarrotes,3.0,4,2
2023-07-06,Alfajores Pequeños,Bocaditos,0.25,200,150
2023-07-06,Alfajores Grandes,Bocaditos,1.0,100,75
2023-07-06,Galletas Pequeñas,Bocaditos,0.25,200,150
2023-07-06,Galletas Grandes,Bocaditos,1.0,300,290
2023-07-06,Cookie,Bocaditos,2.0,100,70
2023-07-06,Orejitas Pequeñas,Bocaditos,0.25,200,150
2023-07-06,Orejas Grandes,Bocaditos,1.0,100,70
2023-07-06,Beso de Moza,Bocaditos,1.0,80,50
2023-07-06,Caramandugas,Bocaditos,0.25,300,250
2023-07-06,Rosquitas,Bocaditos,0.25,300,250
2023-07-07,Pan Chabatta,Panes,0.25,768,720
2023-07-07,Pan Francés,Panes,0.25,648,610
2023-07-07,Pan Yema Largo,Panes,0.25,360,320
2023-07-07,Pan Yema Redondo,Panes,0.25,360,320
2023-07-07,Pan Chapla,Panes,0.25,144,110
2023-07-07,Pan Coliza,Panes,0.25,192,170
2023-07-07,Pan Integral,Panes,0.25,144,110
2023-07-07,Pan Caracol,Panes,0.25,144,110
2023-07-07,Pan Hamburguesa,Panes,0.4,288,240
2023-07-07,Cachito,Panes,0.25,144,110
2023-07-07,Pan Manjar,Panes,0.3,72,68
2023-07-07,Leche,Abarrotes,4.0,5,2
2023-07-07,Jamon,Abarrotes,2.5,6,3
2023-07-07,Café,Abarrotes,2.0,5,3
2023-07-07,Queso,Abarrotes,3.0,4,2
2023-07-07,Alfajores Pequeños,Bocaditos,0.25,200,150
2023-07-07,Alfajores Grandes,Bocaditos,1.0,100,75
2023-07-07,Galletas Pequeñas,Bocaditos,0.25,200,150
2023-07-07,Galletas Grandes,Bocaditos,1.0,300,290
2023-07-07,Cookie,Bocaditos,2.0,100,70
2023-07-07,Orejitas Pequeñas,Bocaditos,0.25,200,150
2023-07-07,Orejas Grandes,Bocaditos,1.0,100,70
2023-07-07,Beso de Moza,Bocaditos,1.0,80,52
2023-07-07,Caramandugas,Bocaditos,0.25,300,250
2023-07-07,Rosquitas,Bocaditos,0.25,300,250
2023-07-08,Pan Chabatta,Panes,0.25,768,729
2023-07-08,Pan Francés,Panes,0.25,648,618
2023-07-08,Pan Yema Largo,Panes,0.25,360,327
2023-07-08,Pan Yema Redondo,Panes,0.25,360,322
2023-07-08,Pan Chapla,Panes,0.25,144,119
2023-07-08,Pan Coliza,Panes,0.25,192,175
2023-07-08,Pan Integral,Panes,0.25,144,117
2023-07-08,Pan Caracol,Panes,0.25,144,115
2023-07-08,Pan Hamburguesa,Panes,0.4,288,248
2023-07-08,Cachito,Panes,0.25,144,114
2023-07-08,Pan Manjar,Panes,0.3,72,70
2023-07-08,Leche,Abarrotes,4.0,5,2
2023-07-08,Jamon,Abarrotes,2.5,6,4
2023-07-08,Café,Abarrotes,2.0,5,2
2023-07-08,Queso,Abarrotes,3.0,4,2
2023-07-08,Alfajores Pequeños,Bocaditos,0.25,200,152
2023-07-08,Alfajores Grandes,Bocaditos,1.0,100,75
2023-07-08,Galletas Pequeñas,Bocaditos,0.25,200,159
2023-07-08,Galletas Grandes,Bocaditos,1.0,300,293
2023-07-08,Cookie,Bocaditos,2.0,100,71
2023-07-08,Orejitas Pequeñas,Bocaditos,0.25,200,153
2023-07-08,Orejas Grandes,Bocaditos,1.0,100,70
2023-07-08,Beso de Moza,Bocaditos,1.0,80,59
2023-07-08,Caramandugas,Bocaditos,0.25,300,259
2023-07-08,Rosquitas,Bocaditos,0.25,300,250
2023-07-09,Pan Chabatta,Panes,0.25,768,732
2023-07-09,Pan Francés,Panes,0.25,648,611
2023-07-09,Pan Yema Largo,Panes,0.25,360,325
2023-07-09,Pan Yema Redondo,Panes,0.25,360,320
2023-07-09,Pan Chapla,Panes,0.25,144,110
2023-07-09,Pan Coliza,Panes,0.25,192,170
2023-07-09,Pan Integral,Panes,0.25,144,118
2023-07-09,Pan Caracol,Panes,0.25,144,117
2023-07-09,Pan Hamburguesa,Panes,0.4,288,246
2023-07-09,Cachito,Panes,0.25,144,119
2023-07-09,Pan Manjar,Panes,0.3,72,69
2023-07-09,Leche,Abarrotes,4.0,5,2
2023-07-09,Jamon,Abarrotes,2.5,6,5
2023-07-09,Café,Abarrotes,2.0,5,3
2023-07-09,Queso,Abarrotes,3.0,4,3
2023-07-09,Alfajores Pequeños,Bocaditos,0.25,200,158
2023-07-09,Alfajores Grandes,Bocaditos,1.0,100,80
2023-07-09,Galletas Pequeñas,Bocaditos,0.25,200,160
2023-07-09,Galletas Grandes,Bocaditos,1.0,300,292
2023-07-09,Cookie,Bocaditos,2.0,100,73
2023-07-09,Orejitas Pequeñas,Bocaditos,0.25,200,151
2023-07-09,Orejas Grandes,Bocaditos,1.0,100,75
2023-07-09,Beso de Moza,Bocaditos,1.0,80,59
2023-07-09,Caramandugas,Bocaditos,0.25,300,258
2023-07-09,Rosquitas,Bocaditos,0.25,300,256
2023-07-10,Pan Chabatta,Panes,0.25,768,720
2023-07-10,Pan Francés,Panes,0.25,648,610
2023-07-10,Pan Yema Largo,Panes,0.25,360,320
2023-07-10,Pan Yema Redondo,Panes,0.25,360,320
2023-07-10,Pan Chapla,Panes,0.25,144,110
2023-07-10,Pan Coliza,Panes,0.25,192,170
2023-07-10,Pan Integral,Panes,0.25,144,110
2023-07-10,Pan Caracol,Panes,0.25,144,110
2023-07-10,Pan Hamburguesa,Panes,0.4,288,240
2023-07-10,Cachito,Panes,0.25,144,110
2023-07-10,Pan Manjar,Panes,0.3,72,68
2023-07-10,Leche,Abarrotes,4.0,5,2
2023-07-10,Jamon,Abarrotes,2.5,6,3
2023-07-10,Café,Abarrotes,2.0,5,2
2023-07-10,Queso,Abarrotes,3.0,4,2
2023-07-10,Alfajores Pequeños,Bocaditos,0.25,200,150
2023-07-10,Alfajores Grandes,Bocaditos,1.0,100,75
2023-07-10,Galletas Pequeñas,Bocaditos,0.25,200,150
2023-07-10,Galletas Grandes,Bocaditos,1.0,300,290
2023-07-10,Cookie,Bocaditos,2.0,100,70
2023-07-10,Orejitas Pequeñas,Bocaditos,0.25,200,150
2023-07-10,Orejas Grandes,Bocaditos,1.0,100,70
2023-07-10,Beso de Moza,Bocaditos,1.0,80,50
2023-07-10,Caramandugas,Bocaditos,0.25,300,250
2023-07-10,Rosquitas,Bocaditos,0.25,300,250
2023-07-11,Pan Chabatta,Panes,0.25,768,720
2023-07-11,Pan Francés,Panes,0.25,648,610
2023-07-11,Pan Yema Largo,Panes,0.25,360,320
2023-07-11,Pan Yema Redondo,Panes,0.25,360,320
2023-07-11,Pan Chapla,Panes,0.25,144,110
2023-07-11,Pan Coliza,Panes,0.25,192,170
2023-07-11,Pan Integral,Panes,0.25,144,110
2023-07-11,Pan Caracol,Panes,0.25,144,110
2023-07-11,Pan Hamburguesa,Panes,0.4,288,240
2023-07-11,Cachito,Panes,0.25,144,110
2023-07-11,Pan Manjar,Panes,0.3,72,68
2023-07-11,Leche,Abarrotes,4.0,5,2
2023-07-11,Jamon,Abarrotes,2.5,6,3
2023-07-11,Café,Abarrotes,2.0,5,3
2023-07-11,Queso,Abarrotes,3.0,4,2
2023-07-11,Alfajores Pequeños,Bocaditos,0.25,200,150
2023-07-11,Alfajores Grandes,Bocaditos,1.0,100,75
2023-07-11,Galletas Pequeñas,Bocaditos,0.25,200,150
2023-07-11,Galletas Grandes,Bocaditos,1.0,300,290
2023-07-11,Cookie,Bocaditos,2.0,100,70
2023-07-11,Orejitas Pequeñas,Bocaditos,0.25,200,150
2023-07-11,Orejas Grandes,Bocaditos,1.0,100,70
2023-07-11,Beso de Moza,Bocaditos,1.0,80,50
2023-07-11,Caramandugas,Bocaditos,0.25,300,250
2023-07-11,Rosquitas,Bocaditos,0.25,300,250
2023-07-12,Pan Chabatta,Panes,0.25,768,720
2023-07-12,Pan Francés,Panes,0.25,648,610
2023-07-12,Pan Yema Largo,Panes,0.25,360,320
2023-07-12,Pan Yema Redondo,Panes,0.25,360,320
2023-07-12,Pan Chapla,Panes,0.25,144,110
2023-07-12,Pan Coliza,Panes,0.25,192,170
2023-07-12,Pan Integral,Panes,0.25,144,110
2023-07-12,Pan Caracol,Panes,0.25,144,110
2023-07-12,Pan Hamburguesa,Panes,0.4,288,240
2023-07-12,Cachito,Panes,0.25,144,110
2023-07-12,Pan Manjar,Panes,0.3,72,68
2023-07-12,Leche,Abarrotes,4.0,5,2
2023-07-12,Jamon,Abarrotes,2.5,6,3
2023-07-12,Café,Abarrotes,2.0,5,2
2023-07-12,Queso,Abarrotes,3.0,4,2
2023-07-12,Alfajores Pequeños,Bocaditos,0.25,200,150
2023-07-12,Alfajores Grandes,Bocaditos,1.0,100,75
2023-07-12,Galletas Pequeñas,Bocaditos,0.25,200,150
2023-07-12,Galletas Grandes,Bocaditos,1.0,300,290
2023-07-12,Cookie,Bocaditos,2.0,100,70
2023-07-12,Orejitas Pequeñas,Bocaditos,0.25,200,150
2023-07-12,Orejas Grandes,Bocaditos,1.0,100,70
2023-07-12,Beso de Moza,Bocaditos,1.0,80,50
2023-07-12,Caramandugas,Bocaditos,0.25,300,250
2023-07-12,Rosquitas,Bocaditos,0.25,300,250
2023-07-13,Pan Chabatta,Panes,0.25,768,720
2023-07-13,Pan Francés,Panes,0.25,648,610
2023-07-13,Pan Yema Largo,Panes,0.25,360,320
2023-07-13,Pan Yema Redondo,Panes,0.25,360,320
2023-07-13,Pan Chapla,Panes,0.25,144,110
2023-07-13,Pan Coliza,Panes,0.25,192,170
2023-07-13,Pan Integral,Panes,0.25,144,110
2023-07-13,Pan Caracol,Panes,0.25,144,110
2023-07-13,Pan Hamburguesa,Panes,0.4,288,240
2023-07-13,Cachito,Panes,0.25,144,110
2023-07-13,Pan Manjar,Panes,0.3,72,68
2023-07-13,Leche,Abarrotes,4.0,5,2
2023-07-13,Jamon,Abarrotes,2.5,6,3
2023-07-13,Café,Abarrotes,2.0,5,2
2023-07-13,Queso,Abarrotes,3.0,4,2
2023-07-13,Alfajores Pequeños,Bocaditos,0.25,200,150
2023-07-13,Alfajores Grandes,Bocaditos,1.0,100,75
2023-07-13,Galletas Pequeñas,Bocaditos,0.25,200,150
2023-07-13,Galletas Grandes,Bocaditos,1.0,300,290
2023-07-13,Cookie,Bocaditos,2.0,100,70
2023-07-13,Orejitas Pequeñas,Bocaditos,0.25,200,150
2023-07-13,Orejas Grandes,Bocaditos,1.0,100,70
2023-07-13,Beso de Moza,Bocaditos,1.0,80,50
2023-07-13,Caramandugas,Bocaditos,0.25,300,250
2023-07-13,Rosquitas,Bocaditos,0.25,300,250
2023-07-14,Pan Chabatta,Panes,0.25,768,720
2023-07-14,Pan Francés,Panes,0.25,648,610
2023-07-14,Pan Yema Largo,Panes,0.25,360,320
2023-07-14,Pan Yema Redondo,Panes,0.25,360,320
2023-07-14,Pan Chapla,Panes,0.25,144,110
2023-07-14,Pan Coliza,Panes,0.25,192,170
2023-07-14,Pan Integral,Panes,0.25,144,110
2023-07-14,Pan Caracol,Panes,0.25,144,110
2023-07-14,Pan Hamburguesa,Panes,0.4,288,240
2023-07-14,Cachito,Panes,0.25,144,110
2023-07-14,Pan Manjar,Panes,0.3,72,68
2023-07-14,Leche,Abarrotes,4.0,5,2
2023-07-14,Jamon,Abarrotes,2.5,6,4
2023-07-14,Café,Abarrotes,2.0,5,4
2023-07-14,Queso,Abarrotes,3.0,4,2
2023-07-14,Alfajores Pequeños,Bocaditos,0.25,200,150
2023-07-14,Alfajores Grandes,Bocaditos,1.0,100,75
2023-07-14,Galletas Pequeñas,Bocaditos,0.25,200,150
2023-07-14,Galletas Grandes,Bocaditos,1.0,300,290
2023-07-14,Cookie,Bocaditos,2.0,100,70
2023-07-14,Orejitas Pequeñas,Bocaditos,0.25,200,150
2023-07-14,Orejas Grandes,Bocaditos,1.0,100,70
2023-07-14,Beso de Moza,Bocaditos,1.0,80,50
2023-07-14,Caramandugas,Bocaditos,0.25,300,250
2023-07-14,Rosquitas,Bocaditos,0.25,300,250
2023-07-15,Pan Chabatta,Panes,0.25,768,731
2023-07-15,Pan Francés,Panes,0.25,648,620
2023-07-15,Pan Yema Largo,Panes,0.25,360,328
2023-07-15,Pan Yema Redondo,Panes,0.25,360,322
2023-07-15,Pan Chapla,Panes,0.25,144,113
2023-07-15,Pan Coliza,Panes,0.25,192,171
2023-07-15,Pan Integral,Panes,0.25,144,119
2023-07-15,Pan Caracol,Panes,0.25,144,118
2023-07-15,Pan Hamburguesa,Panes,0.4,288,247
2023-07-15,Cachito,Panes,0.25,144,115
2023-07-15,Pan Manjar,Panes,0.3,72,69
2023-07-15,Leche,Abarrotes,4.0,5,3
2023-07-15,Jamon,Abarrotes,2.5,6,3
2023-07-15,Café,Abarrotes,2.0,5,4
2023-07-15,Queso,Abarrotes,3.0,4,2
2023-07-15,Alfajores Pequeños,Bocaditos,0.25,200,155
2023-07-15,Alfajores Grandes,Bocaditos,1.0,100,78
2023-07-15,Galletas Pequeñas,Bocaditos,0.25,200,150
2023-07-15,Galletas Grandes,Bocaditos,1.0,300,290
2023-07-15,Cookie,Bocaditos,2.0,100,74
2023-07-15,Orejitas Pequeñas,Bocaditos,0.25,200,160
2023-07-15,Orejas Grandes,Bocaditos,1.0,100,73
2023-07-15,Beso de Moza,Bocaditos,1.0,80,53
2023-07-15,Caramandugas,Bocaditos,0.25,300,253
2023-07-15,Rosquitas,Bocaditos,0.25,300,260
2023-07-16,Pan Chabatta,Panes,0.25,768,722
2023-07-16,Pan Francés,Panes,0.25,648,620
2023-07-16,Pan Yema Largo,Panes,0.25,360,320
2023-07-16,Pan Yema Redondo,Panes,0.25,360,325
2023-07-16,Pan Chapla,Panes,0.25,144,117
2023-07-16,Pan Coliza,Panes,0.25,192,171
2023-07-16,Pan Integral,Panes,0.25,144,118
2023-07-16,Pan Caracol,Panes,0.25,144,116
2023-07-16,Pan Hamburguesa,Panes,0.4,288,241
2023-07-16,Cachito,Panes,0.25,144,115
2023-07-16,Pan Manjar,Panes,0.3,72,69
2023-07-16,Leche,Abarrotes,4.0,5,3
2023-07-16,Jamon,Abarrotes,2.5,6,4
2023-07-16,Café,Abarrotes,2.0,5,2
2023-07-16,Queso,Abarrotes,3.0,4,4
2023-07-16,Alfajores Pequeños,Bocaditos,0.25,200,157
2023-07-16,Alfajores Grandes,Bocaditos,1.0,100,77
2023-07-16,Galletas Pequeñas,Bocaditos,0.25,200,150
2023-07-16,Galletas Grandes,Bocaditos,1.0,300,290
2023-07-16,Cookie,Bocaditos,2.0,100,75
2023-07-16,Orejitas Pequeñas,Bocaditos,0.25,200,157
2023-07-16,Orejas Grandes,Bocaditos,1.0,100,73
2023-07-16,Beso de Moza,Bocaditos,1.0,80,57
2023-07-16,Caramandugas,Bocaditos,0.25,300,258
2023-07-16,Rosquitas,Bocaditos,0.25,300,257
2023-07-17,Pan Chabatta,Panes,0.25,768,720
2023-07-17,Pan Francés,Panes,0.25,648,610
2023-07-17,Pan Yema Largo,Panes,0.25,360,320
2023-07-17,Pan Yema Redondo,Panes,0.25,360,320
2023-07-17,Pan Chapla,Panes,0.25,144,110
2023-07-17,Pan Coliza,Panes,0.25,192,170
2023-07-17,Pan Integral,Panes,0.25,144,110
2023-07-17,Pan Caracol,Panes,0.25,144,110
2023-07-17,Pan Hamburguesa,Panes,0.4,288,240
2023-07-17,Cachito,Panes,0.25,144,110
2023-07-17,Pan Manjar,Panes,0.3,72,68
2023-07-17,Leche,Abarrotes,4.0,5,2
2023-07-17,Jamon,Abarrotes,2.5,6,4
2023-07-17,Café,Abarrotes,2.0,5,2
2023-07-17,Queso,Abarrotes,3.0,4,3
2023-07-17,Alfajores Pequeños,Bocaditos,0.25,200,150
2023-07-17,Alfajores Grandes,Bocaditos,1.0,100,75
2023-07-17,Galletas Pequeñas,Bocaditos,0.25,200,150
2023-07-17,Galletas Grandes,Bocaditos,1.0,300,290
2023-07-17,Cookie,Bocaditos,2.0,100,70
2023-07-17,Orejitas Pequeñas,Bocaditos,0.25,200,150
2023-07-17,Orejas Grandes,Bocaditos,1.0,100,70
2023-07-17,Beso de Moza,Bocaditos,1.0,80,50
2023-07-17,Caramandugas,Bocaditos,0.25,300,250
2023-07-17,Rosquitas,Bocaditos,0.25,300,250
2023-07-18,Pan Chabatta,Panes,0.25,768,720
2023-07-18,Pan Francés,Panes,0.25,648,610
2023-07-18,Pan Yema Largo,Panes,0.25,360,320
2023-07-18,Pan Yema Redondo,Panes,0.25,360,320
2023-07-18,Pan Chapla,Panes,0.25,144,110
2023-07-18,Pan Coliza,Panes,0.25,192,170
2023-07-18,Pan Integral,Panes,0.25,144,110
2023-07-18,Pan Caracol,Panes,0.25,144,110
2023-07-18,Pan Hamburguesa,Panes,0.4,288,240
2023-07-18,Cachito,Panes,0.25,144,110
2023-07-18,Pan Manjar,Panes,0.3,72,68
2023-07-18,Leche,Abarrotes,4.0,5,2
2023-07-18,Jamon,Abarrotes,2.5,6,3
2023-07-18,Café,Abarrotes,2.0,5,4
2023-07-18,Queso,Abarrotes,3.0,4,2
2023-07-18,Alfajores Pequeños,Bocaditos,0.25,200,150
2023-07-18,Alfajores Grandes,Bocaditos,1.0,100,75
2023-07-18,Galletas Pequeñas,Bocaditos,0.25,200,150
2023-07-18,Galletas Grandes,Bocaditos,1.0,300,290
2023-07-18,Cookie,Bocaditos,2.0,100,70
2023-07-18,Orejitas Pequeñas,Bocaditos,0.25,200,150
2023-07-18,Orejas Grandes,Bocaditos,1.0,100,70
2023-07-18,Beso de Moza,Bocaditos,1.0,80,50
2023-07-18,Caramandugas,Bocaditos,0.25,300,250
2023-07-18,Rosquitas,Bocaditos,0.25,300,250
2023-07-19,Pan Chabatta,Panes,0.25,768,720
2023-07-19,Pan Francés,Panes,0.25,648,610
2023-07-19,Pan Yema Largo,Panes,0.25,360,320
2023-07-19,Pan Yema Redondo,Panes,0.25,360,320
2023-07-19,Pan Chapla,Panes,0.25,144,110
2023-07-19,Pan Coliza,Panes,0.25,192,170
2023-07-19,Pan Integral,Panes,0.25,144,110
2023-07-19,Pan Caracol,Panes,0.25,144,110
2023-07-19,Pan Hamburguesa,Panes,0.4,288,240
2023-07-19,Cachito,Panes,0.25,144,110
2023-07-19,Pan Manjar,Panes,0.3,72,68
2023-07-19,Leche,Abarrotes,4.0,5,2
2023-07-19,Jamon,Abarrotes,2.5,6,3
2023-07-19,Café,Abarrotes,2.0,5,2
2023-07-19,Queso,Abarrotes,3.0,4,3
2023-07-19,Alfajores Pequeños,Bocaditos,0.25,200,150
2023-07-19,Alfajores Grandes,Bocaditos,1.0,100,75
2023-07-19,Galletas Pequeñas,Bocaditos,0.25,200,150
2023-07-19,Galletas Grandes,Bocaditos,1.0,300,290
2023-07-19,Cookie,Bocaditos,2.0,100,70
2023-07-19,Orejitas Pequeñas,Bocaditos,0.25,200,150
2023-07-19,Orejas Grandes,Bocaditos,1.0,100,70
2023-07-19,Beso de Moza,Bocaditos,1.0,80,50
2023-07-19,Caramandugas,Bocaditos,0.25,300,250
2023-07-19,Rosquitas,Bocaditos,0.25,300,250
2023-07-20,Pan Chabatta,Panes,0.25,768,720
2023-07-20,Pan Francés,Panes,0.25,648,610
2023-07-20,Pan Yema Largo,Panes,0.25,360,320
2023-07-20,Pan Yema Redondo,Panes,0.25,360,320
2023-07-20,Pan Chapla,Panes,0.25,144,110
2023-07-20,Pan Coliza,Panes,0.25,192,170
2023-07-20,Pan Integral,Panes,0.25,144,110
2023-07-20,Pan Caracol,Panes,0.25,144,110
2023-07-20,Pan Hamburguesa,Panes,0.4,288,240
2023-07-20,Cachito,Panes,0.25,144,110
2023-07-20,Pan Manjar,Panes,0.3,72,68
2023-07-20,Leche,Abarrotes,4.0,5,3
2023-07-20,Jamon,Abarrotes,2.5,6,4
2023-07-20,Café,Abarrotes,2.0,5,2
2023-07-20,Queso,Abarrotes,3.0,4,3
2023-07-20,Alfajores Pequeños,Bocaditos,0.25,200,150
2023-07-20,Alfajores Grandes,Bocaditos,1.0,100,75
2023-07-20,Galletas Pequeñas,Bocaditos,0.25,200,150
2023-07-20,Galletas Grandes,Bocaditos,1.0,300,290
2023-07-20,Cookie,Bocaditos,2.0,100,70
2023-07-20,Orejitas Pequeñas,Bocaditos,0.25,200,150
2023-07-20,Orejas Grandes,Bocaditos,1.0,100,70
2023-07-20,Beso de Moza,Bocaditos,1.0,80,50
2023-07-20,Caramandugas,Bocaditos,0.25,300,250
2023-07-20,Rosquitas,Bocaditos,0.25,300,250
2023-07-21,Pan Chabatta,Panes,0.25,768,720
2023-07-21,Pan Francés,Panes,0.25,648,610
2023-07-21,Pan Yema Largo,Panes,0.25,360,320
2023-07-21,Pan Yema Redondo,Panes,0.25,360,320
2023-07-21,Pan Chapla,Panes,0.25,144,110
2023-07-21,Pan Coliza,Panes,0.25,192,170
2023-07-21,Pan Integral,Panes,0.25,144,110
2023-07-21,Pan Caracol,Panes,0.25,144,110
2023-07-21,Pan Hamburguesa,Panes,0.4,288,240
2023-07-21,Cachito,Panes,0.25,144,110
2023-07-21,Pan Manjar,Panes,0.3,72,68
2023-07-21,Leche,Abarrotes,4.0,5,2
2023-07-21,Jamon,Abarrotes,2.5,6,3
2023-07-21,Café,Abarrotes,2.0,5,2
2023-07-21,Queso,Abarrotes,3.0,4,2
2023-07-21,Alfajores Pequeños,Bocaditos,0.25,200,150
2023-07-21,Alfajores Grandes,Bocaditos,1.0,100,75
2023-07-21,Galletas Pequeñas,Bocaditos,0.25,200,150
2023-07-21,Galletas Grandes,Bocaditos,1.0,300,290
2023-07-21,Cookie,Bocaditos,2.0,100,70
2023-07-21,Orejitas Pequeñas,Bocaditos,0.25,200,150
2023-07-21,Orejas Grandes,Bocaditos,1.0,100,70
2023-07-21,Beso de Moza,Bocaditos,1.0,80,51
2023-07-21,Caramandugas,Bocaditos,0.25,300,250
2023-07-21,Rosquitas,Bocaditos,0.25,300,250
2023-07-22,Pan Chabatta,Panes,0.25,768,732
2023-07-22,Pan Francés,Panes,0.25,648,611
2023-07-22,Pan Yema Largo,Panes,0.25,360,327
2023-07-22,Pan Yema Redondo,Panes,0.25,360,321
2023-07-22,Pan Chapla,Panes,0.25,144,119
2023-07-22,Pan Coliza,Panes,0.25,192,174
2023-07-22,Pan Integral,Panes,0.25,144,115
2023-07-22,Pan Caracol,Panes,0.25,144,116
2023-07-22,Pan Hamburguesa,Panes,0.4,288,244
2023-07-22,Cachito,Panes,0.25,144,116
2023-07-22,Pan Manjar,Panes,0.3,72,69
2023-07-22,Leche,Abarrotes,4.0,5,4
2023-07-22,Jamon,Abarrotes,2.5,6,6
2023-07-22,Café,Abarrotes,2.0,5,3
2023-07-22,Queso,Abarrotes,3.0,4,3
2023-07-22,Alfajores Pequeños,Bocaditos,0.25,200,152
2023-07-22,Alfajores Grandes,Bocaditos,1.0,100,77
2023-07-22,Galletas Pequeñas,Bocaditos,0.25,200,151
2023-07-22,Galletas Grandes,Bocaditos,1.0,300,291
2023-07-22,Cookie,Bocaditos,2.0,100,70
2023-07-22,Orejitas Pequeñas,Bocaditos,0.25,200,152
2023-07-22,Orejas Grandes,Bocaditos,1.0,100,70
2023-07-22,Beso de Moza,Bocaditos,1.0,80,55
2023-07-22,Caramandugas,Bocaditos,0.25,300,258
2023-07-22,Rosquitas,Bocaditos,0.25,300,254
2023-07-23,Pan Chabatta,Panes,0.25,768,720
2023-07-23,Pan Francés,Panes,0.25,648,612
2023-07-23,Pan Yema Largo,Panes,0.25,360,327
2023-07-23,Pan Yema Redondo,Panes,0.25,360,331
2023-07-23,Pan Chapla,Panes,0.25,144,114
2023-07-23,Pan Coliza,Panes,0.25,192,176
2023-07-23,Pan Integral,Panes,0.25,144,119
2023-07-23,Pan Caracol,Panes,0.25,144,113
2023-07-23,Pan Hamburguesa,Panes,0.4,288,250
2023-07-23,Cachito,Panes,0.25,144,115
2023-07-23,Pan Manjar,Panes,0.3,72,68
2023-07-23,Leche,Abarrotes,4.0,5,3
2023-07-23,Jamon,Abarrotes,2.5,6,5
2023-07-23,Café,Abarrotes,2.0,5,2
2023-07-23,Queso,Abarrotes,3.0,4,3
2023-07-23,Alfajores Pequeños,Bocaditos,0.25,200,154
2023-07-23,Alfajores Grandes,Bocaditos,1.0,100,77
2023-07-23,Galletas Pequeñas,Bocaditos,0.25,200,158
2023-07-23,Galletas Grandes,Bocaditos,1.0,300,296
2023-07-23,Cookie,Bocaditos,2.0,100,71
2023-07-23,Orejitas Pequeñas,Bocaditos,0.25,200,153
2023-07-23,Orejas Grandes,Bocaditos,1.0,100,73
2023-07-23,Beso de Moza,Bocaditos,1.0,80,53
2023-07-23,Caramandugas,Bocaditos,0.25,300,256
2023-07-23,Rosquitas,Bocaditos,0.25,300,252
2023-07-24,Pan Chabatta,Panes,0.25,768,720
2023-07-24,Pan Francés,Panes,0.25,648,610
2023-07-24,Pan Yema Largo,Panes,0.25,360,320
2023-07-24,Pan Yema Redondo,Panes,0.25,360,320
2023-07-24,Pan Chapla,Panes,0.25,144,110
2023-07-24,Pan Coliza,Panes,0.25,192,170
2023-07-24,Pan Integral,Panes,0.25,144,110
2023-07-24,Pan Caracol,Panes,0.25,144,110
2023-07-24,Pan Hamburguesa,Panes,0.4,288,240
2023-07-24,Cachito,Panes,0.25,144,110
2023-07-24,Pan Manjar,Panes,0.3,72,68
2023-07-24,Leche,Abarrotes,4.0,5,2
2023-07-24,Jamon,Abarrotes,2.5,6,3
2023-07-24,Café,Abarrotes,2.0,5,2
2023-07-24,Queso,Abarrotes,3.0,4,2
2023-07-24,Alfajores Pequeños,Bocaditos,0.25,200,150
2023-07-24,Alfajores Grandes,Bocaditos,1.0,100,75
2023-07-24,Galletas Pequeñas,Bocaditos,0.25,200,150
2023-07-24,Galletas Grandes,Bocaditos,1.0,300,290
2023-07-24,Cookie,Bocaditos,2.0,100,70
2023-07-24,Orejitas Pequeñas,Bocaditos,0.25,200,150
2023-07-24,Orejas Grandes,Bocaditos,1.0,100,70
2023-07-24,Beso de Moza,Bocaditos,1.0,80,50
2023-07-24,Caramandugas,Bocaditos,0.25,300,250
2023-07-24,Rosquitas,Bocaditos,0.25,300,250
2023-07-25,Pan Chabatta,Panes,0.25,768,720
2023-07-25,Pan Francés,Panes,0.25,648,610
2023-07-25,Pan Yema Largo,Panes,0.25,360,320
2023-07-25,Pan Yema Redondo,Panes,0.25,360,320
2023-07-25,Pan Chapla,Panes,0.25,144,110
2023-07-25,Pan Coliza,Panes,0.25,192,170
2023-07-25,Pan Integral,Panes,0.25,144,110
2023-07-25,Pan Caracol,Panes,0.25,144,110
2023-07-25,Pan Hamburguesa,Panes,0.4,288,240
2023-07-25,Cachito,Panes,0.25,144,110
2023-07-25,Pan Manjar,Panes,0.3,72,68
2023-07-25,Leche,Abarrotes,4.0,5,2
2023-07-25,Jamon,Abarrotes,2.5,6,3
2023-07-25,Café,Abarrotes,2.0,5,2
2023-07-25,Queso,Abarrotes,3.0,4,3
2023-07-25,Alfajores Pequeños,Bocaditos,0.25,200,150
2023-07-25,Alfajores Grandes,Bocaditos,1.0,100,75
2023-07-25,Galletas Pequeñas,Bocaditos,0.25,200,150
2023-07-25,Galletas Grandes,Bocaditos,1.0,300,290
2023-07-25,Cookie,Bocaditos,2.0,100,70
2023-07-25,Orejitas Pequeñas,Bocaditos,0.25,200,150
2023-07-25,Orejas Grandes,Bocaditos,1.0,100,70
2023-07-25,Beso de Moza,Bocaditos,1.0,80,50
2023-07-25,Caramandugas,Bocaditos,0.25,300,250
2023-07-25,Rosquitas,Bocaditos,0.25,300,250
2023-07-26,Pan Chabatta,Panes,0.25,768,720
2023-07-26,Pan Francés,Panes,0.25,648,610
2023-07-26,Pan Yema Largo,Panes,0.25,360,320
2023-07-26,Pan Yema Redondo,Panes,0.25,360,320
2023-07-26,Pan Chapla,Panes,0.25,144,110
2023-07-26,Pan Coliza,Panes,0.25,192,170
2023-07-26,Pan Integral,Panes,0.25,144,110
2023-07-26,Pan Caracol,Panes,0.25,144,110
2023-07-26,Pan Hamburguesa,Panes,0.4,288,240
2023-07-26,Cachito,Panes,0.25,144,110
2023-07-26,Pan Manjar,Panes,0.3,72,68
2023-07-26,Leche,Abarrotes,4.0,5,2
2023-07-26,Jamon,Abarrotes,2.5,6,5
2023-07-26,Café,Abarrotes,2.0,5,2
2023-07-26,Queso,Abarrotes,3.0,4,2
2023-07-26,Alfajores Pequeños,Bocaditos,0.25,200,150
2023-07-26,Alfajores Grandes,Bocaditos,1.0,100,75
2023-07-26,Galletas Pequeñas,Bocaditos,0.25,200,150
2023-07-26,Galletas Grandes,Bocaditos,1.0,300,290
2023-07-26,Cookie,Bocaditos,2.0,100,70
2023-07-26,Orejitas Pequeñas,Bocaditos,0.25,200,150
2023-07-26,Orejas Grandes,Bocaditos,1.0,100,70
2023-07-26,Beso de Moza,Bocaditos,1.0,80,50
2023-07-26,Caramandugas,Bocaditos,0.25,300,250
2023-07-26,Rosquitas,Bocaditos,0.25,300,250
2023-07-27,Pan Chabatta,Panes,0.25,768,720
2023-07-27,Pan Francés,Panes,0.25,648,610
2023-07-27,Pan Yema Largo,Panes,0.25,360,320
2023-07-27,Pan Yema Redondo,Panes,0.25,360,320
2023-07-27,Pan Chapla,Panes,0.25,144,110
2023-07-27,Pan Coliza,Panes,0.25,192,170
2023-07-27,Pan Integral,Panes,0.25,144,110
2023-07-27,Pan Caracol,Panes,0.25,144,110
2023-07-27,Pan Hamburguesa,Panes,0.4,288,240
2023-07-27,Cachito,Panes,0.25,144,110
2023-07-27,Pan Manjar,Panes,0.3,72,68
2023-07-27,Leche,Abarrotes,4.0,5,2
2023-07-27,Jamon,Abarrotes,2.5,6,3
2023-07-27,Café,Abarrotes,2.0,5,3
2023-07-27,Queso,Abarrotes,3.0,4,2
2023-07-27,Alfajores Pequeños,Bocaditos,0.25,200,150
2023-07-27,Alfajores Grandes,Bocaditos,1.0,100,75
2023-07-27,Galletas Pequeñas,Bocaditos,0.25,200,150
2023-07-27,Galletas Grandes,Bocaditos,1.0,300,290
2023-07-27,Cookie,Bocaditos,2.0,100,70
2023-07-27,Orejitas Pequeñas,Bocaditos,0.25,200,150
2023-07-27,Orejas Grandes,Bocaditos,1.0,100,70
2023-07-27,Beso de Moza,Bocaditos,1.0,80,50
2023-07-27,Caramandugas,Bocaditos,0.25,300,250
2023-07-27,Rosquitas,Bocaditos,0.25,300,250
2023-07-28,Pan Chabatta,Panes,0.25,768,720
2023-07-28,Pan Francés,Panes,0.25,648,610
2023-07-28,Pan Yema Largo,Panes,0.25,360,320
2023-07-28,Pan Yema Redondo,Panes,0.25,360,320
2023-07-28,Pan Chapla,Panes,0.25,144,110
2023-07-28,Pan Coliza,Panes,0.25,192,170
2023-07-28,Pan Integral,Panes,0.25,144,110
2023-07-28,Pan Caracol,Panes,0.25,144,110
2023-07-28,Pan Hamburguesa,Panes,0.4,288,240
2023-07-28,Cachito,Panes,0.25,144,110
2023-07-28,Pan Manjar,Panes,0.3,72,68
2023-07-28,Leche,Abarrotes,4.0,5,2
2023-07-28,Jamon,Abarrotes,2.5,6,4
2023-07-28,Café,Abarrotes,2.0,5,2
2023-07-28,Queso,Abarrotes,3.0,4,2
2023-07-28,Alfajores Pequeños,Bocaditos,0.25,200,150
2023-07-28,Alfajores Grandes,Bocaditos,1.0,100,75
2023-07-28,Galletas Pequeñas,Bocaditos,0.25,200,150
2023-07-28,Galletas Grandes,Bocaditos,1.0,300,290
2023-07-28,Cookie,Bocaditos,2.0,100,70
2023-07-28,Orejitas Pequeñas,Bocaditos,0.25,200,150
2023-07-28,Orejas Grandes,Bocaditos,1.0,100,70
2023-07-28,Beso de Moza,Bocaditos,1.0,80,54
2023-07-28,Caramandugas,Bocaditos,0.25,300,250
2023-07-28,Rosquitas,Bocaditos,0.25,300,250
2023-07-29,Pan Chabatta,Panes,0.25,768,725
2023-07-29,Pan Francés,Panes,0.25,648,617
2023-07-29,Pan Yema Largo,Panes,0.25,360,320
2023-07-29,Pan Yema Redondo,Panes,0.25,360,328
2023-07-29,Pan Chapla,Panes,0.25,144,118
2023-07-29,Pan Coliza,Panes,0.25,192,173
2023-07-29,Pan Integral,Panes,0.25,144,117
2023-07-29,Pan Caracol,Panes,0.25,144,110
2023-07-29,Pan Hamburguesa,Panes,0.4,288,243
2023-07-29,Cachito,Panes,0.25,144,117
2023-07-29,Pan Manjar,Panes,0.3,72,68
2023-07-29,Leche,Abarrotes,4.0,5,2
2023-07-29,Jamon,Abarrotes,2.5,6,5
2023-07-29,Café,Abarrotes,2.0,5,4
2023-07-29,Queso,Abarrotes,3.0,4,4
2023-07-29,Alfajores Pequeños,Bocaditos,0.25,200,150
2023-07-29,Alfajores Grandes,Bocaditos,1.0,100,75
2023-07-29,Galletas Pequeñas,Bocaditos,0.25,200,157
2023-07-29,Galletas Grandes,Bocaditos,1.0,300,293
2023-07-29,Cookie,Bocaditos,2.0,100,71
2023-07-29,Orejitas Pequeñas,Bocaditos,0.25,200,159
2023-07-29,Orejas Grandes,Bocaditos,1.0,100,71
2023-07-29,Beso de Moza,Bocaditos,1.0,80,53
2023-07-29,Caramandugas,Bocaditos,0.25,300,253
2023-07-29,Rosquitas,Bocaditos,0.25,300,251
2023-07-30,Pan Chabatta,Panes,0.25,768,731
2023-07-30,Pan Francés,Panes,0.25,648,615
2023-07-30,Pan Yema Largo,Panes,0.25,360,330
2023-07-30,Pan Yema Redondo,Panes,0.25,360,322
2023-07-30,Pan Chapla,Panes,0.25,144,114
2023-07-30,Pan Coliza,Panes,0.25,192,170
2023-07-30,Pan Integral,Panes,0.25,144,117
2023-07-30,Pan Caracol,Panes,0.25,144,120
2023-07-30,Pan Hamburguesa,Panes,0.4,288,250
2023-07-30,Cachito,Panes,0.25,144,115
2023-07-30,Pan Manjar,Panes,0.3,72,70
2023-07-30,Leche,Abarrotes,4.0,5,4
2023-07-30,Jamon,Abarrotes,2.5,6,5
2023-07-30,Café,Abarrotes,2.0,5,4
2023-07-30,Queso,Abarrotes,3.0,4,3
2023-07-30,Alfajores Pequeños,Bocaditos,0.25,200,152
2023-07-30,Alfajores Grandes,Bocaditos,1.0,100,79
2023-07-30,Galletas Pequeñas,Bocaditos,0.25,200,161
2023-07-30,Galletas Grandes,Bocaditos,1.0,300,295
2023-07-30,Cookie,Bocaditos,2.0,100,71
2023-07-30,Orejitas Pequeñas,Bocaditos,0.25,200,150
2023-07-30,Orejas Grandes,Bocaditos,1.0,100,75
2023-07-30,Beso de Moza,Bocaditos,1.0,80,53
2023-07-30,Caramandugas,Bocaditos,0.25,300,255
2023-07-30,Rosquitas,Bocaditos,0.25,300,250
2023-07-31,Pan Chabatta,Panes,0.25,768,720
2023-07-31,Pan Francés,Panes,0.25,648,610
2023-07-31,Pan Yema Largo,Panes,0.25,360,320
2023-07-31,Pan Yema Redondo,Panes,0.25,360,320
2023-07-31,Pan Chapla,Panes,0.25,144,110
2023-07-31,Pan Coliza,Panes,0.25,192,170
2023-07-31,Pan Integral,Panes,0.25,144,110
2023-07-31,Pan Caracol,Panes,0.25,144,110
2023-07-31,Pan Hamburguesa,Panes,0.4,288,240
2023-07-31,Cachito,Panes,0.25,144,110
2023-07-31,Pan Manjar,Panes,0.3,72,68
2023-07-31,Leche,Abarrotes,4.0,5,2
2023-07-31,Jamon,Abarrotes,2.5,6,3
2023-07-31,Café,Abarrotes,2.0,5,2
2023-07-31,Queso,Abarrotes,3.0,4,2
2023-07-31,Alfajores Pequeños,Bocaditos,0.25,200,150
2023-07-31,Alfajores Grandes,Bocaditos,1.0,100,75
2023-07-31,Galletas Pequeñas,Bocaditos,0.25,200,150
2023-07-31,Galletas Grandes,Bocaditos,1.0,300,290
2023-07-31,Cookie,Bocaditos,2.0,100,70
2023-07-31,Orejitas Pequeñas,Bocaditos,0.25,200,150
2023-07-31,Orejas Grandes,Bocaditos,1.0,100,70
2023-07-31,Beso de Moza,Bocaditos,1.0,80,50
2023-07-31,Caramandugas,Bocaditos,0.25,300,250
2023-07-31,Rosquitas,Bocaditos,0.25,300,250
2023-08-01,Pan Chabatta,Panes,0.25,768,720
2023-08-01,Pan Francés,Panes,0.25,648,610
2023-08-01,Pan Yema Largo,Panes,0.25,360,320
2023-08-01,Pan Yema Redondo,Panes,0.25,360,320
2023-08-01,Pan Chapla,Panes,0.25,144,110
2023-08-01,Pan Coliza,Panes,0.25,192,170
2023-08-01,Pan Integral,Panes,0.25,144,110
2023-08-01,Pan Caracol,Panes,0.25,144,110
2023-08-01,Pan Hamburguesa,Panes,0.4,288,240
2023-08-01,Cachito,Panes,0.25,144,110
2023-08-01,Pan Manjar,Panes,0.3,72,68
2023-08-01,Leche,Abarrotes,4.0,5,2
2023-08-01,Jamon,Abarrotes,2.5,6,3
2023-08-01,Café,Abarrotes,2.0,5,2
2023-08-01,Queso,Abarrotes,3.0,4,2
2023-08-01,Alfajores Pequeños,Bocaditos,0.25,200,150
2023-08-01,Alfajores Grandes,Bocaditos,1.0,100,75
2023-08-01,Galletas Pequeñas,Bocaditos,0.25,200,150
2023-08-01,Galletas Grandes,Bocaditos,1.0,300,290
2023-08-01,Cookie,Bocaditos,2.0,100,70
2023-08-01,Orejitas Pequeñas,Bocaditos,0.25,200,150
2023-08-01,Orejas Grandes,Bocaditos,1.0,100,70
2023-08-01,Beso de Moza,Bocaditos,1.0,80,50
2023-08-01,Caramandugas,Bocaditos,0.25,300,250
2023-08-01,Rosquitas,Bocaditos,0.25,300,250
2023-08-02,Pan Chabatta,Panes,0.25,768,720
2023-08-02,Pan Francés,Panes,0.25,648,610
2023-08-02,Pan Yema Largo,Panes,0.25,360,320
2023-08-02,Pan Yema Redondo,Panes,0.25,360,320
2023-08-02,Pan Chapla,Panes,0.25,144,110
2023-08-02,Pan Coliza,Panes,0.25,192,170
2023-08-02,Pan Integral,Panes,0.25,144,110
2023-08-02,Pan Caracol,Panes,0.25,144,110
2023-08-02,Pan Hamburguesa,Panes,0.4,288,240
2023-08-02,Cachito,Panes,0.25,144,110
2023-08-02,Pan Manjar,Panes,0.3,72,68
2023-08-02,Leche,Abarrotes,4.0,5,4
2023-08-02,Jamon,Abarrotes,2.5,6,4
2023-08-02,Café,Abarrotes,2.0,5,3
2023-08-02,Queso,Abarrotes,3.0,4,2
2023-08-02,Alfajores Pequeños,Bocaditos,0.25,200,150
2023-08-02,Alfajores Grandes,Bocaditos,1.0,100,75
2023-08-02,Galletas Pequeñas,Bocaditos,0.25,200,150
2023-08-02,Galletas Grandes,Bocaditos,1.0,300,290
2023-08-02,Cookie,Bocaditos,2.0,100,70
2023-08-02,Orejitas Pequeñas,Bocaditos,0.25,200,150
2023-08-02,Orejas Grandes,Bocaditos,1.0,100,70
2023-08-02,Beso de Moza,Bocaditos,1.0,80,50
2023-08-02,Caramandugas,Bocaditos,0.25,300,250
2023-08-02,Rosquitas,Bocaditos,0.25,300,250
2023-08-03,Pan Chabatta,Panes,0.25,768,720
2023-08-03,Pan Francés,Panes,0.25,648,610
2023-08-03,Pan Yema Largo,Panes,0.25,360,320
2023-08-03,Pan Yema Redondo,Panes,0.25,360,320
2023-08-03,Pan Chapla,Panes,0.25,144,110
2023-08-03,Pan Coliza,Panes,0.25,192,170
2023-08-03,Pan Integral,Panes,0.25,144,110
2023-08-03,Pan Caracol,Panes,0.25,144,110
2023-08-03,Pan Hamburguesa,Panes,0.4,288,240
2023-08-03,Cachito,Panes,0.25,144,110
2023-08-03,Pan Manjar,Panes,0.3,72,68
2023-08-03,Leche,Abarrotes,4.0,5,2
2023-08-03,Jamon,Abarrotes,2.5,6,3
2023-08-03,Café,Abarrotes,2.0,5,2
2023-08-03,Queso,Abarrotes,3.0,4,2
2023-08-03,Alfajores Pequeños,Bocaditos,0.25,200,150
2023-08-03,Alfajores Grandes,Bocaditos,1.0,100,75
2023-08-03,Galletas Pequeñas,Bocaditos,0.25,200,150
2023-08-03,Galletas Grandes,Bocaditos,1.0,300,290
2023-08-03,Cookie,Bocaditos,2.0,100,70
2023-08-03,Orejitas Pequeñas,Bocaditos,0.25,200,150
2023-08-03,Orejas Grandes,Bocaditos,1.0,100,70
2023-08-03,Beso de Moza,Bocaditos,1.0,80,50
2023-08-03,Caramandugas,Bocaditos,0.25,300,250
2023-08-03,Rosquitas,Bocaditos,0.25,300,250
2023-08-04,Pan Chabatta,Panes,0.25,768,720
2023-08-04,Pan Francés,Panes,0.25,648,610
2023-08-04,Pan Yema Largo,Panes,0.25,360,320
2023-08-04,Pan Yema Redondo,Panes,0.25,360,320
2023-08-04,Pan Chapla,Panes,0.25,144,110
2023-08-04,Pan Coliza,Panes,0.25,192,170
2023-08-04,Pan Integral,Panes,0.25,144,110
2023-08-04,Pan Caracol,Panes,0.25,144,110
2023-08-04,Pan Hamburguesa,Panes,0.4,288,240
2023-08-04,Cachito,Panes,0.25,144,110
2023-08-04,Pan Manjar,Panes,0.3,72,68
2023-08-04,Leche,Abarrotes,4.0,5,2
2023-08-04,Jamon,Abarrotes,2.5,6,3
2023-08-04,Café,Abarrotes,2.0,5,2
2023-08-04,Queso,Abarrotes,3.0,4,2
2023-08-04,Alfajores Pequeños,Bocaditos,0.25,200,150
2023-08-04,Alfajores Grandes,Bocaditos,1.0,100,75
2023-08-04,Galletas Pequeñas,Bocaditos,0.25,200,150
2023-08-04,Galletas Grandes,Bocaditos,1.0,300,290
2023-08-04,Cookie,Bocaditos,2.0,100,70
2023-08-04,Orejitas Pequeñas,Bocaditos,0.25,200,150
2023-08-04,Orejas Grandes,Bocaditos,1.0,100,70
2023-08-04,Beso de Moza,Bocaditos,1.0,80,53
2023-08-04,Caramandugas,Bocaditos,0.25,300,250
2023-08-04,Rosquitas,Bocaditos,0.25,300,250
2023-08-05,Pan Chabatta,Panes,0.25,768,738
2023-08-05,Pan Francés,Panes,0.25,648,618
2023-08-05,Pan Yema Largo,Panes,0.25,360,320
2023-08-05,Pan Yema Redondo,Panes,0.25,360,330
2023-08-05,Pan Chapla,Panes,0.25,144,116
2023-08-05,Pan Coliza,Panes,0.25,192,174
2023-08-05,Pan Integral,Panes,0.25,144,111
2023-08-05,Pan Caracol,Panes,0.25,144,117
2023-08-05,Pan Hamburguesa,Panes,0.4,288,246
2023-08-05,Cachito,Panes,0.25,144,115
2023-08-05,Pan Manjar,Panes,0.3,72,70
2023-08-05,Leche,Abarrotes,4.0,5,5
2023-08-05,Jamon,Abarrotes,2.5,6,5
2023-08-05,Café,Abarrotes,2.0,5,5
2023-08-05,Queso,Abarrotes,3.0,4,2
2023-08-05,Alfajores Pequeños,Bocaditos,0.25,200,151
2023-08-05,Alfajores Grandes,Bocaditos,1.0,100,77
2023-08-05,Galletas Pequeñas,Bocaditos,0.25,200,154
2023-08-05,Galletas Grandes,Bocaditos,1.0,300,294
2023-08-05,Cookie,Bocaditos,2.0,100,72
2023-08-05,Orejitas Pequeñas,Bocaditos,0.25,200,154
2023-08-05,Orejas Grandes,Bocaditos,1.0,100,70
2023-08-05,Beso de Moza,Bocaditos,1.0,80,58
2023-08-05,Caramandugas,Bocaditos,0.25,300,254
2023-08-05,Rosquitas,Bocaditos,0.25,300,251
2023-08-06,Pan Chabatta,Panes,0.25,768,726
2023-08-06,Pan Francés,Panes,0.25,648,619
2023-08-06,Pan Yema Largo,Panes,0.25,360,327
2023-08-06,Pan Yema Redondo,Panes,0.25,360,320
2023-08-06,Pan Chapla,Panes,0.25,144,118
2023-08-06,Pan Coliza,Panes,0.25,192,174
2023-08-06,Pan Integral,Panes,0.25,144,118
2023-08-06,Pan Caracol,Panes,0.25,144,116
2023-08-06,Pan Hamburguesa,Panes,0.4,288,243
2023-08-06,Cachito,Panes,0.25,144,114
2023-08-06,Pan Manjar,Panes,0.3,72,69
2023-08-06,Leche,Abarrotes,4.0,5,4
2023-08-06,Jamon,Abarrotes,2.5,6,5
2023-08-06,Café,Abarrotes,2.0,5,4
2023-08-06,Queso,Abarrotes,3.0,4,4
2023-08-06,Alfajores Pequeños,Bocaditos,0.25,200,158
2023-08-06,Alfajores Grandes,Bocaditos,1.0,100,78
2023-08-06,Galletas Pequeñas,Bocaditos,0.25,200,151
2023-08-06,Galletas Grandes,Bocaditos,1.0,300,293
2023-08-06,Cookie,Bocaditos,2.0,100,75
2023-08-06,Orejitas Pequeñas,Bocaditos,0.25,200,156
2023-08-06,Orejas Grandes,Bocaditos,1.0,100,75
2023-08-06,Beso de Moza,Bocaditos,1.0,80,54
2023-08-06,Caramandugas,Bocaditos,0.25,300,251
2023-08-06,Rosquitas,Bocaditos,0.25,300,256
2023-08-07,Pan Chabatta,Panes,0.25,768,720
2023-08-07,Pan Francés,Panes,0.25,648,610
2023-08-07,Pan Yema Largo,Panes,0.25,360,320
2023-08-07,Pan Yema Redondo,Panes,0.25,360,320
2023-08-07,Pan Chapla,Panes,0.25,144,110
2023-08-07,Pan Coliza,Panes,0.25,192,170
2023-08-07,Pan Integral,Panes,0.25,144,110
2023-08-07,Pan Caracol,Panes,0.25,144,110
2023-08-07,Pan Hamburguesa,Panes,0.4,288,240
2023-08-07,Cachito,Panes,0.25,144,110
2023-08-07,Pan Manjar,Panes,0.3,72,68
2023-08-07,Leche,Abarrotes,4.0,5,2
2023-08-07,Jamon,Abarrotes,2.5,6,3
2023-08-07,Café,Abarrotes,2.0,5,2
2023-08-07,Queso,Abarrotes,3.0,4,2
2023-08-07,Alfajores Pequeños,Bocaditos,0.25,200,150
2023-08-07,Alfajores Grandes,Bocaditos,1.0,100,75
2023-08-07,Galletas Pequeñas,Bocaditos,0.25,200,150
2023-08-07,Galletas Grandes,Bocaditos,1.0,300,290
2023-08-07,Cookie,Bocaditos,2.0,100,70
2023-08-07,Orejitas Pequeñas,Bocaditos,0.25,200,150
2023-08-07,Orejas Grandes,Bocaditos,1.0,100,70
2023-08-07,Beso de Moza,Bocaditos,1.0,80,50
2023-08-07,Caramandugas,Bocaditos,0.25,300,250
2023-08-07,Rosquitas,Bocaditos,0.25,300,250
2023-08-08,Pan Chabatta,Panes,0.25,768,720
2023-08-08,Pan Francés,Panes,0.25,648,610
2023-08-08,Pan Yema Largo,Panes,0.25,360,320
2023-08-08,Pan Yema Redondo,Panes,0.25,360,320
2023-08-08,Pan Chapla,Panes,0.25,144,110
2023-08-08,Pan Coliza,Panes,0.25,192,170
2023-08-08,Pan Integral,Panes,0.25,144,110
2023-08-08,Pan Caracol,Panes,0.25,144,110
2023-08-08,Pan Hamburguesa,Panes,0.4,288,240
2023-08-08,Cachito,Panes,0.25,144,110
2023-08-08,Pan Manjar,Panes,0.3,72,68
2023-08-08,Leche,Abarrotes,4.0,5,4
2023-08-08,Jamon,Abarrotes,2.5,6,4
2023-08-08,Café,Abarrotes,2.0,5,2
2023-08-08,Queso,Abarrotes,3.0,4,2
2023-08-08,Alfajores Pequeños,Bocaditos,0.25,200,150
2023-08-08,Alfajores Grandes,Bocaditos,1.0,100,75
2023-08-08,Galletas Pequeñas,Bocaditos,0.25,200,150
2023-08-08,Galletas Grandes,Bocaditos,1.0,300,290
2023-08-08,Cookie,Bocaditos,2.0,100,70
2023-08-08,Orejitas Pequeñas,Bocaditos,0.25,200,150
2023-08-08,Orejas Grandes,Bocaditos,1.0,100,70
2023-08-08,Beso de Moza,Bocaditos,1.0,80,50
2023-08-08,Caramandugas,Bocaditos,0.25,300,250
2023-08-08,Rosquitas,Bocaditos,0.25,300,250
2023-08-09,Pan Chabatta,Panes,0.25,768,720
2023-08-09,Pan Francés,Panes,0.25,648,610
2023-08-09,Pan Yema Largo,Panes,0.25,360,320
2023-08-09,Pan Yema Redondo,Panes,0.25,360,320
2023-08-09,Pan Chapla,Panes,0.25,144,110
2023-08-09,Pan Coliza,Panes,0.25,192,170
2023-08-09,Pan Integral,Panes,0.25,144,110
2023-08-09,Pan Caracol,Panes,0.25,144,110
2023-08-09,Pan Hamburguesa,Panes,0.4,288,240
2023-08-09,Cachito,Panes,0.25,144,110
2023-08-09,Pan Manjar,Panes,0.3,72,68
2023-08-09,Leche,Abarrotes,4.0,5,2
2023-08-09,Jamon,Abarrotes,2.5,6,4
2023-08-09,Café,Abarrotes,2.0,5,2
2023-08-09,Queso,Abarrotes,3.0,4,2
2023-08-09,Alfajores Pequeños,Bocaditos,0.25,200,150
2023-08-09,Alfajores Grandes,Bocaditos,1.0,100,75
2023-08-09,Galletas Pequeñas,Bocaditos,0.25,200,150
2023-08-09,Galletas Grandes,Bocaditos,1.0,300,290
2023-08-09,Cookie,Bocaditos,2.0,100,70
2023-08-09,Orejitas Pequeñas,Bocaditos,0.25,200,150
2023-08-09,Orejas Grandes,Bocaditos,1.0,100,70
2023-08-09,Beso de Moza,Bocaditos,1.0,80,50
2023-08-09,Caramandugas,Bocaditos,0.25,300,250
2023-08-09,Rosquitas,Bocaditos,0.25,300,250
2023-08-10,Pan Chabatta,Panes,0.25,768,720
2023-08-10,Pan Francés,Panes,0.25,648,610
2023-08-10,Pan Yema Largo,Panes,0.25,360,320
2023-08-10,Pan Yema Redondo,Panes,0.25,360,320
2023-08-10,Pan Chapla,Panes,0.25,144,110
2023-08-10,Pan Coliza,Panes,0.25,192,170
2023-08-10,Pan Integral,Panes,0.25,144,110
2023-08-10,Pan Caracol,Panes,0.25,144,110
2023-08-10,Pan Hamburguesa,Panes,0.4,288,240
2023-08-10,Cachito,Panes,0.25,144,110
2023-08-10,Pan Manjar,Panes,0.3,72,68
2023-08-10,Leche,Abarrotes,4.0,5,2
2023-08-10,Jamon,Abarrotes,2.5,6,3
2023-08-10,Café,Abarrotes,2.0,5,4
2023-08-10,Queso,Abarrotes,3.0,4,2
2023-08-10,Alfajores Pequeños,Bocaditos,0.25,200,150
2023-08-10,Alfajores Grandes,Bocaditos,1.0,100,75
2023-08-10,Galletas Pequeñas,Bocaditos,0.25,200,150
2023-08-10,Galletas Grandes,Bocaditos,1.0,300,290
2023-08-10,Cookie,Bocaditos,2.0,100,70
2023-08-10,Orejitas Pequeñas,Bocaditos,0.25,200,150
2023-08-10,Orejas Grandes,Bocaditos,1.0,100,70
2023-08-10,Beso de Moza,Bocaditos,1.0,80,50
2023-08-10,Caramandugas,Bocaditos,0.25,300,250
2023-08-10,Rosquitas,Bocaditos,0.25,300,250
2023-08-11,Pan Chabatta,Panes,0.25,768,720
2023-08-11,Pan Francés,Panes,0.25,648,610
2023-08-11,Pan Yema Largo,Panes,0.25,360,320
2023-08-11,Pan Yema Redondo,Panes,0.25,360,320
2023-08-11,Pan Chapla,Panes,0.25,144,110
2023-08-11,Pan Coliza,Panes,0.25,192,170
2023-08-11,Pan Integral,Panes,0.25,144,110
2023-08-11,Pan Caracol,Panes,0.25,144,110
2023-08-11,Pan Hamburguesa,Panes,0.4,288,240
2023-08-11,Cachito,Panes,0.25,144,110
2023-08-11,Pan Manjar,Panes,0.3,72,68
2023-08-11,Leche,Abarrotes,4.0,5,2
2023-08-11,Jamon,Abarrotes,2.5,6,3
2023-08-11,Café,Abarrotes,2.0,5,2
2023-08-11,Queso,Abarrotes,3.0,4,2
2023-08-11,Alfajores Pequeños,Bocaditos,0.25,200,150
2023-08-11,Alfajores Grandes,Bocaditos,1.0,100,75
2023-08-11,Galletas Pequeñas,Bocaditos,0.25,200,150
2023-08-11,Galletas Grandes,Bocaditos,1.0,300,290
2023-08-11,Cookie,Bocaditos,2.0,100,70
2023-08-11,Orejitas Pequeñas,Bocaditos,0.25,200,150
2023-08-11,Orejas Grandes,Bocaditos,1.0,100,70
2023-08-11,Beso de Moza,Bocaditos,1.0,80,50
2023-08-11,Caramandugas,Bocaditos,0.25,300,250
2023-08-11,Rosquitas,Bocaditos,0.25,300,250
2023-08-12,Pan Chabatta,Panes,0.25,768,731
2023-08-12,Pan Francés,Panes,0.25,648,614
2023-08-12,Pan Yema Largo,Panes,0.25,360,322
2023-08-12,Pan Yema Redondo,Panes,0.25,360,330
2023-08-12,Pan Chapla,Panes,0.25,144,110
2023-08-12,Pan Coliza,Panes,0.25,192,174
2023-08-12,Pan Integral,Panes,0.25,144,119
2023-08-12,Pan Caracol,Panes,0.25,144,110
2023-08-12,Pan Hamburguesa,Panes,0.4,288,248
2023-08-12,Cachito,Panes,0.25,144,117
2023-08-12,Pan Manjar,Panes,0.3,72,71
2023-08-12,Leche,Abarrotes,4.0,5,4
2023-08-12,Jamon,Abarrotes,2.5,6,3
2023-08-12,Café,Abarrotes,2.0,5,3
2023-08-12,Queso,Abarrotes,3.0,4,2
2023-08-12,Alfajores Pequeños,Bocaditos,0.25,200,152
2023-08-12,Alfajores Grandes,Bocaditos,1.0,100,80
2023-08-12,Galletas Pequeñas,Bocaditos,0.25,200,156
2023-08-12,Galletas Grandes,Bocaditos,1.0,300,294
2023-08-12,Cookie,Bocaditos,2.0,100,72
2023-08-12,Orejitas Pequeñas,Bocaditos,0.25,200,159
2023-08-12,Orejas Grandes,Bocaditos,1.0,100,73
2023-08-12,Beso de Moza,Bocaditos,1.0,80,55
2023-08-12,Caramandugas,Bocaditos,0.25,300,256
2023-08-12,Rosquitas,Bocaditos,0.25,300,254
2023-08-13,Pan Chabatta,Panes,0.25,768,734
2023-08-13,Pan Francés,Panes,0.25,648,618
2023-08-13,Pan Yema Largo,Panes,0.25,360,328
2023-08-13,Pan Yema Redondo,Panes,0.25,360,323
2023-08-13,Pan Chapla,Panes,0.25,144,120
2023-08-13,Pan Coliza,Panes,0.25,192,170
2023-08-13,Pan Integral,Panes,0.25,144,118
2023-08-13,Pan Caracol,Panes,0.25,144,111
2023-08-13,Pan Hamburguesa,Panes,0.4,288,244
2023-08-13,Cachito,Panes,0.25,144,114
2023-08-13,Pan Manjar,Panes,0.3,72,68
2023-08-13,Leche,Abarrotes,4.0,5,5
2023-08-13,Jamon,Abarrotes,2.5,6,6
2023-08-13,Café,Abarrotes,2.0,5,3
2023-08-13,Queso,Abarrotes,3.0,4,3
2023-08-13,Alfajores Pequeños,Bocaditos,0.25,200,157
2023-08-13,Alfajores Grandes,Bocaditos,1.0,100,77
2023-08-13,Galletas Pequeñas,Bocaditos,0.25,200,158
2023-08-13,Galletas Grandes,Bocaditos,1.0,300,290
2023-08-13,Cookie,Bocaditos,2.0,100,70
2023-08-13,Orejitas Pequeñas,Bocaditos,0.25,200,156
2023-08-13,Orejas Grandes,Bocaditos,1.0,100,73
2023-08-13,Beso de Moza,Bocaditos,1.0,80,50
2023-08-13,Caramandugas,Bocaditos,0.25,300,254
2023-08-13,Rosquitas,Bocaditos,0.25,300,254
2023-08-14,Pan Chabatta,Panes,0.25,768,720
2023-08-14,Pan Francés,Panes,0.25,648,610
2023-08-14,Pan Yema Largo,Panes,0.25,360,320
2023-08-14,Pan Yema Redondo,Panes,0.25,360,320
2023-08-14,Pan Chapla,Panes,0.25,144,110
2023-08-14,Pan Coliza,Panes,0.25,192,170
2023-08-14,Pan Integral,Panes,0.25,144,110
2023-08-14,Pan Caracol,Panes,0.25,144,110
2023-08-14,Pan Hamburguesa,Panes,0.4,288,240
2023-08-14,Cachito,Panes,0.25,144,110
2023-08-14,Pan Manjar,Panes,0.3,72,68
2023-08-14,Leche,Abarrotes,4.0,5,2
2023-08-14,Jamon,Abarrotes,2.5,6,3
2023-08-14,Café,Abarrotes,2.0,5,2
2023-08-14,Queso,Abarrotes,3.0,4,2
2023-08-14,Alfajores Pequeños,Bocaditos,0.25,200,150
2023-08-14,Alfajores Grandes,Bocaditos,1.0,100,75
2023-08-14,Galletas Pequeñas,Bocaditos,0.25,200,150
2023-08-14,Galletas Grandes,Bocaditos,1.0,300,290
2023-08-14,Cookie,Bocaditos,2.0,100,70
2023-08-14,Orejitas Pequeñas,Bocaditos,0.25,200,150
2023-08-14,Orejas Grandes,Bocaditos,1.0,100,70
2023-08-14,Beso de Moza,Bocaditos,1.0,80,50
2023-08-14,Caramandugas,Bocaditos,0.25,300,250
2023-08-14,Rosquitas,Bocaditos,0.25,300,250
2023-08-15,Pan Chabatta,Panes,0.25,768,720
2023-08-15,Pan Francés,Panes,0.25,648,610
2023-08-15,Pan Yema Largo,Panes,0.25,360,320
2023-08-15,Pan Yema Redondo,Panes,0.25,360,320
2023-08-15,Pan Chapla,Panes,0.25,144,110
2023-08-15,Pan Coliza,Panes,0.25,192,170
2023-08-15,Pan Integral,Panes,0.25,144,110
2023-08-15,Pan Caracol,Panes,0.25,144,110
2023-08-15,Pan Hamburguesa,Panes,0.4,288,240
2023-08-15,Cachito,Panes,0.25,144,110
2023-08-15,Pan Manjar,Panes,0.3,72,68
2023-08-15,Leche,Abarrotes,4.0,5,3
2023-08-15,Jamon,Abarrotes,2.5,6,3
2023-08-15,Café,Abarrotes,2.0,5,2
2023-08-15,Queso,Abarrotes,3.0,4,2
2023-08-15,Alfajores Pequeños,Bocaditos,0.25,200,150
2023-08-15,Alfajores Grandes,Bocaditos,1.0,100,75
2023-08-15,Galletas Pequeñas,Bocaditos,0.25,200,150
2023-08-15,Galletas Grandes,Bocaditos,1.0,300,290
2023-08-15,Cookie,Bocaditos,2.0,100,70
2023-08-15,Orejitas Pequeñas,Bocaditos,0.25,200,150
2023-08-15,Orejas Grandes,Bocaditos,1.0,100,70
2023-08-15,Beso de Moza,Bocaditos,1.0,80,50
2023-08-15,Caramandugas,Bocaditos,0.25,300,250
2023-08-15,Rosquitas,Bocaditos,0.25,300,250
2023-08-16,Pan Chabatta,Panes,0.25,768,720
2023-08-16,Pan Francés,Panes,0.25,648,610
2023-08-16,Pan Yema Largo,Panes,0.25,360,320
2023-08-16,Pan Yema Redondo,Panes,0.25,360,320
2023-08-16,Pan Chapla,Panes,0.25,144,110
2023-08-16,Pan Coliza,Panes,0.25,192,170
2023-08-16,Pan Integral,Panes,0.25,144,110
2023-08-16,Pan Caracol,Panes,0.25,144,110
2023-08-16,Pan Hamburguesa,Panes,0.4,288,240
2023-08-16,Cachito,Panes,0.25,144,110
2023-08-16,Pan Manjar,Panes,0.3,72,68
2023-08-16,Leche,Abarrotes,4.0,5,2
2023-08-16,Jamon,Abarrotes,2.5,6,3
2023-08-16,Café,Abarrotes,2.0,5,3
2023-08-16,Queso,Abarrotes,3.0,4,2
2023-08-16,Alfajores Pequeños,Bocaditos,0.25,200,150
2023-08-16,Alfajores Grandes,Bocaditos,1.0,100,75
2023-08-16,Galletas Pequeñas,Bocaditos,0.25,200,150
2023-08-16,Galletas Grandes,Bocaditos,1.0,300,290
2023-08-16,Cookie,Bocaditos,2.0,100,70
2023-08-16,Orejitas Pequeñas,Bocaditos,0.25,200,150
2023-08-16,Orejas Grandes,Bocaditos,1.0,100,70
2023-08-16,Beso de Moza,Bocaditos,1.0,80,50
2023-08-16,Caramandugas,Bocaditos,0.25,300,250
2023-08-16,Rosquitas,Bocaditos,0.25,300,250
2023-08-17,Pan Chabatta,Panes,0.25,768,720
2023-08-17,Pan Francés,Panes,0.25,648,610
2023-08-17,Pan Yema Largo,Panes,0.25,360,320
2023-08-17,Pan Yema Redondo,Panes,0.25,360,320
2023-08-17,Pan Chapla,Panes,0.25,144,110
2023-08-17,Pan Coliza,Panes,0.25,192,170
2023-08-17,Pan Integral,Panes,0.25,144,110
2023-08-17,Pan Caracol,Panes,0.25,144,110
2023-08-17,Pan Hamburguesa,Panes,0.4,288,240
2023-08-17,Cachito,Panes,0.25,144,110
2023-08-17,Pan Manjar,Panes,0.3,72,68
2023-08-17,Leche,Abarrotes,4.0,5,2
2023-08-17,Jamon,Abarrotes,2.5,6,3
2023-08-17,Café,Abarrotes,2.0,5,3
2023-08-17,Queso,Abarrotes,3.0,4,2
2023-08-17,Alfajores Pequeños,Bocaditos,0.25,200,150
2023-08-17,Alfajores Grandes,Bocaditos,1.0,100,75
2023-08-17,Galletas Pequeñas,Bocaditos,0.25,200,150
2023-08-17,Galletas Grandes,Bocaditos,1.0,300,290
2023-08-17,Cookie,Bocaditos,2.0,100,70
2023-08-17,Orejitas Pequeñas,Bocaditos,0.25,200,150
2023-08-17,Orejas Grandes,Bocaditos,1.0,100,70
2023-08-17,Beso de Moza,Bocaditos,1.0,80,50
2023-08-17,Caramandugas,Bocaditos,0.25,300,250
2023-08-17,Rosquitas,Bocaditos,0.25,300,250
2023-08-18,Pan Chabatta,Panes,0.25,768,720
2023-08-18,Pan Francés,Panes,0.25,648,610
2023-08-18,Pan Yema Largo,Panes,0.25,360,320
2023-08-18,Pan Yema Redondo,Panes,0.25,360,320
2023-08-18,Pan Chapla,Panes,0.25,144,110
2023-08-18,Pan Coliza,Panes,0.25,192,170
2023-08-18,Pan Integral,Panes,0.25,144,110
2023-08-18,Pan Caracol,Panes,0.25,144,110
2023-08-18,Pan Hamburguesa,Panes,0.4,288,240
2023-08-18,Cachito,Panes,0.25,144,110
2023-08-18,Pan Manjar,Panes,0.3,72,68
2023-08-18,Leche,Abarrotes,4.0,5,2
2023-08-18,Jamon,Abarrotes,2.5,6,3
2023-08-18,Café,Abarrotes,2.0,5,4
2023-08-18,Queso,Abarrotes,3.0,4,2
2023-08-18,Alfajores Pequeños,Bocaditos,0.25,200,150
2023-08-18,Alfajores Grandes,Bocaditos,1.0,100,75
2023-08-18,Galletas Pequeñas,Bocaditos,0.25,200,150
2023-08-18,Galletas Grandes,Bocaditos,1.0,300,290
2023-08-18,Cookie,Bocaditos,2.0,100,70
2023-08-18,Orejitas Pequeñas,Bocaditos,0.25,200,150
2023-08-18,Orejas Grandes,Bocaditos,1.0,100,70
2023-08-18,Beso de Moza,Bocaditos,1.0,80,50
2023-08-18,Caramandugas,Bocaditos,0.25,300,250
2023-08-18,Rosquitas,Bocaditos,0.25,300,250
2023-08-19,Pan Chabatta,Panes,0.25,768,732
2023-08-19,Pan Francés,Panes,0.25,648,612
2023-08-19,Pan Yema Largo,Panes,0.25,360,327
2023-08-19,Pan Yema Redondo,Panes,0.25,360,331
2023-08-19,Pan Chapla,Panes,0.25,144,118
2023-08-19,Pan Coliza,Panes,0.25,192,170
2023-08-19,Pan Integral,Panes,0.25,144,115
2023-08-19,Pan Caracol,Panes,0.25,144,114
2023-08-19,Pan Hamburguesa,Panes,0.4,288,246
2023-08-19,Cachito,Panes,0.25,144,118
2023-08-19,Pan Manjar,Panes,0.3,72,68
2023-08-19,Leche,Abarrotes,4.0,5,2
2023-08-19,Jamon,Abarrotes,2.5,6,6
2023-08-19,Café,Abarrotes,2.0,5,3
2023-08-19,Queso,Abarrotes,3.0,4,2
2023-08-19,Alfajores Pequeños,Bocaditos,0.25,200,157
2023-08-19,Alfajores Grandes,Bocaditos,1.0,100,77
2023-08-19,Galletas Pequeñas,Bocaditos,0.25,200,159
2023-08-19,Galletas Grandes,Bocaditos,1.0,300,290
2023-08-19,Cookie,Bocaditos,2.0,100,71
2023-08-19,Orejitas Pequeñas,Bocaditos,0.25,200,157
2023-08-19,Orejas Grandes,Bocaditos,1.0,100,74
2023-08-19,Beso de Moza,Bocaditos,1.0,80,53
2023-08-19,Caramandugas,Bocaditos,0.25,300,260
2023-08-19,Rosquitas,Bocaditos,0.25,300,254
2023-08-20,Pan Chabatta,Panes,0.25,768,732
2023-08-20,Pan Francés,Panes,0.25,648,612
2023-08-20,Pan Yema Largo,Panes,0.25,360,324
2023-08-20,Pan Yema Redondo,Panes,0.25,360,321
2023-08-20,Pan Chapla,Panes,0.25,144,112
2023-08-20,Pan Coliza,Panes,0.25,192,174
2023-08-20,Pan Integral,Panes,0.25,144,118
2023-08-20,Pan Caracol,Panes,0.25,144,111
2023-08-20,Pan Hamburguesa,Panes,0.4,288,248
2023-08-20,Cachito,Panes,0.25,144,120
2023-08-20,Pan Manjar,Panes,0.3,72,69
2023-08-20,Leche,Abarrotes,4.0,5,3
2023-08-20,Jamon,Abarrotes,2.5,6,3
2023-08-20,Café,Abarrotes,2.0,5,5
2023-08-20,Queso,Abarrotes,3.0,4,2
2023-08-20,Alfajores Pequeños,Bocaditos,0.25,200,154
2023-08-20,Alfajores Grandes,Bocaditos,1.0,100,77
2023-08-20,Galletas Pequeñas,Bocaditos,0.25,200,150
2023-08-20,Galletas Grandes,Bocaditos,1.0,300,294
2023-08-20,Cookie,Bocaditos,2.0,100,75
2023-08-20,Orejitas Pequeñas,Bocaditos,0.25,200,156
2023-08-20,Orejas Grandes,Bocaditos,1.0,100,75
2023-08-20,Beso de Moza,Bocaditos,1.0,80,56
2023-08-20,Caramandugas,Bocaditos,0.25,300,251
2023-08-20,Rosquitas,Bocaditos,0.25,300,252
2023-08-21,Pan Chabatta,Panes,0.25,768,720
2023-08-21,Pan Francés,Panes,0.25,648,610
2023-08-21,Pan Yema Largo,Panes,0.25,360,320
2023-08-21,Pan Yema Redondo,Panes,0.25,360,320
2023-08-21,Pan Chapla,Panes,0.25,144,110
2023-08-21,Pan Coliza,Panes,0.25,192,170
2023-08-21,Pan Integral,Panes,0.25,144,110
2023-08-21,Pan Caracol,Panes,0.25,144,110
2023-08-21,Pan Hamburguesa,Panes,0.4,288,240
2023-08-21,Cachito,Panes,0.25,144,110
2023-08-21,Pan Manjar,Panes,0.3,72,68
2023-08-21,Leche,Abarrotes,4.0,5,2
2023-08-21,Jamon,Abarrotes,2.5,6,3
2023-08-21,Café,Abarrotes,2.0,5,2
2023-08-21,Queso,Abarrotes,3.0,4,2
2023-08-21,Alfajores Pequeños,Bocaditos,0.25,200,150
2023-08-21,Alfajores Grandes,Bocaditos,1.0,100,75
2023-08-21,Galletas Pequeñas,Bocaditos,0.25,200,150
2023-08-21,Galletas Grandes,Bocaditos,1.0,300,290
2023-08-21,Cookie,Bocaditos,2.0,100,70
2023-08-21,Orejitas Pequeñas,Bocaditos,0.25,200,150
2023-08-21,Orejas Grandes,Bocaditos,1.0,100,70
2023-08-21,Beso de Moza,Bocaditos,1.0,80,50
2023-08-21,Caramandugas,Bocaditos,0.25,300,250
2023-08-21,Rosquitas,Bocaditos,0.25,300,250
2023-08-22,Pan Chabatta,Panes,0.25,768,720
2023-08-22,Pan Francés,Panes,0.25,648,610
2023-08-22,Pan Yema Largo,Panes,0.25,360,320
2023-08-22,Pan Yema Redondo,Panes,0.25,360,320
2023-08-22,Pan Chapla,Panes,0.25,144,110
2023-08-22,Pan Coliza,Panes,0.25,192,170
2023-08-22,Pan Integral,Panes,0.25,144,110
2023-08-22,Pan Caracol,Panes,0.25,144,110
2023-08-22,Pan Hamburguesa,Panes,0.4,288,240
2023-08-22,Cachito,Panes,0.25,144,110
2023-08-22,Pan Manjar,Panes,0.3,72,68
2023-08-22,Leche,Abarrotes,4.0,5,2
2023-08-22,Jamon,Abarrotes,2.5,6,3
2023-08-22,Café,Abarrotes,2.0,5,2
2023-08-22,Queso,Abarrotes,3.0,4,2
2023-08-22,Alfajores Pequeños,Bocaditos,0.25,200,150
2023-08-22,Alfajores Grandes,Bocaditos,1.0,100,75
2023-08-22,Galletas Pequeñas,Bocaditos,0.25,200,150
2023-08-22,Galletas Grandes,Bocaditos,1.0,300,290
2023-08-22,Cookie,Bocaditos,2.0,100,70
2023-08-22,Orejitas Pequeñas,Bocaditos,0.25,200,150
2023-08-22,Orejas Grandes,Bocaditos,1.0,100,70
2023-08-22,Beso de Moza,Bocaditos,1.0,80,50
2023-08-22,Caramandugas,Bocaditos,0.25,300,250
2023-08-22,Rosquitas,Bocaditos,0.25,300,250
2023-08-23,Pan Chabatta,Panes,0.25,768,720
2023-08-23,Pan Francés,Panes,0.25,648,610
2023-08-23,Pan Yema Largo,Panes,0.25,360,320
2023-08-23,Pan Yema Redondo,Panes,0.25,360,320
2023-08-23,Pan Chapla,Panes,0.25,144,110
2023-08-23,Pan Coliza,Panes,0.25,192,170
2023-08-23,Pan Integral,Panes,0.25,144,110
2023-08-23,Pan Caracol,Panes,0.25,144,110
2023-08-23,Pan Hamburguesa,Panes,0.4,288,240
2023-08-23,Cachito,Panes,0.25,144,110
2023-08-23,Pan Manjar,Panes,0.3,72,68
2023-08-23,Leche,Abarrotes,4.0,5,2
2023-08-23,Jamon,Abarrotes,2.5,6,3
2023-08-23,Café,Abarrotes,2.0,5,2
2023-08-23,Queso,Abarrotes,3.0,4,3
2023-08-23,Alfajores Pequeños,Bocaditos,0.25,200,150
2023-08-23,Alfajores Grandes,Bocaditos,1.0,100,75
2023-08-23,Galletas Pequeñas,Bocaditos,0.25,200,150
2023-08-23,Galletas Grandes,Bocaditos,1.0,300,290
2023-08-23,Cookie,Bocaditos,2.0,100,70
2023-08-23,Orejitas Pequeñas,Bocaditos,0.25,200,150
2023-08-23,Orejas Grandes,Bocaditos,1.0,100,70
2023-08-23,Beso de Moza,Bocaditos,1.0,80,50
2023-08-23,Caramandugas,Bocaditos,0.25,300,250
2023-08-23,Rosquitas,Bocaditos,0.25,300,250
2023-08-24,Pan Chabatta,Panes,0.25,768,720
2023-08-24,Pan Francés,Panes,0.25,648,610
2023-08-24,Pan Yema Largo,Panes,0.25,360,320
2023-08-24,Pan Yema Redondo,Panes,0.25,360,320
2023-08-24,Pan Chapla,Panes,0.25,144,110
2023-08-24,Pan Coliza,Panes,0.25,192,170
2023-08-24,Pan Integral,Panes,0.25,144,110
2023-08-24,Pan Caracol,Panes,0.25,144,110
2023-08-24,Pan Hamburguesa,Panes,0.4,288,240
2023-08-24,Cachito,Panes,0.25,144,110
2023-08-24,Pan Manjar,Panes,0.3,72,68
2023-08-24,Leche,Abarrotes,4.0,5,2
2023-08-24,Jamon,Abarrotes,2.5,6,3
2023-08-24,Café,Abarrotes,2.0,5,2
2023-08-24,Queso,Abarrotes,3.0,4,2
2023-08-24,Alfajores Pequeños,Bocaditos,0.25,200,150
2023-08-24,Alfajores Grandes,Bocaditos,1.0,100,75
2023-08-24,Galletas Pequeñas,Bocaditos,0.25,200,150
2023-08-24,Galletas Grandes,Bocaditos,1.0,300,290
2023-08-24,Cookie,Bocaditos,2.0,100,70
2023-08-24,Orejitas Pequeñas,Bocaditos,0.25,200,150
2023-08-24,Orejas Grandes,Bocaditos,1.0,100,70
2023-08-24,Beso de Moza,Bocaditos,1.0,80,50
2023-08-24,Caramandugas,Bocaditos,0.25,300,250
2023-08-24,Rosquitas,Bocaditos,0.25,300,250
2023-08-25,Pan Chabatta,Panes,0.25,768,720
2023-08-25,Pan Francés,Panes,0.25,648,610
2023-08-25,Pan Yema Largo,Panes,0.25,360,320
2023-08-25,Pan Yema Redondo,Panes,0.25,360,320
2023-08-25,Pan Chapla,Panes,0.25,144,110
2023-08-25,Pan Coliza,Panes,0.25,192,170
2023-08-25,Pan Integral,Panes,0.25,144,110
2023-08-25,Pan Caracol,Panes,0.25,144,110
2023-08-25,Pan Hamburguesa,Panes,0.4,288,240
2023-08-25,Cachito,Panes,0.25,144,110
2023-08-25,Pan Manjar,Panes,0.3,72,68
2023-08-25,Leche,Abarrotes,4.0,5,2
2023-08-25,Jamon,Abarrotes,2.5,6,3
2023-08-25,Café,Abarrotes,2.0,5,2
2023-08-25,Queso,Abarrotes,3.0,4,3
2023-08-25,Alfajores Pequeños,Bocaditos,0.25,200,150
2023-08-25,Alfajores Grandes,Bocaditos,1.0,100,75
2023-08-25,Galletas Pequeñas,Bocaditos,0.25,200,150
2023-08-25,Galletas Grandes,Bocaditos,1.0,300,290
2023-08-25,Cookie,Bocaditos,2.0,100,70
2023-08-25,Orejitas Pequeñas,Bocaditos,0.25,200,150
2023-08-25,Orejas Grandes,Bocaditos,1.0,100,70
2023-08-25,Beso de Moza,Bocaditos,1.0,80,50
2023-08-25,Caramandugas,Bocaditos,0.25,300,250
2023-08-25,Rosquitas,Bocaditos,0.25,300,250
2023-08-26,Pan Chabatta,Panes,0.25,768,740
2023-08-26,Pan Francés,Panes,0.25,648,621
2023-08-26,Pan Yema Largo,Panes,0.25,360,324
2023-08-26,Pan Yema Redondo,Panes,0.25,360,322
2023-08-26,Pan Chapla,Panes,0.25,144,120
2023-08-26,Pan Coliza,Panes,0.25,192,172
2023-08-26,Pan Integral,Panes,0.25,144,119
2023-08-26,Pan Caracol,Panes,0.25,144,120
2023-08-26,Pan Hamburguesa,Panes,0.4,288,242
2023-08-26,Cachito,Panes,0.25,144,111
2023-08-26,Pan Manjar,Panes,0.3,72,69
2023-08-26,Leche,Abarrotes,4.0,5,3
2023-08-26,Jamon,Abarrotes,2.5,6,3
2023-08-26,Café,Abarrotes,2.0,5,3
2023-08-26,Queso,Abarrotes,3.0,4,2
2023-08-26,Alfajores Pequeños,Bocaditos,0.25,200,152
2023-08-26,Alfajores Grandes,Bocaditos,1.0,100,78
2023-08-26,Galletas Pequeñas,Bocaditos,0.25,200,150
2023-08-26,Galletas Grandes,Bocaditos,1.0,300,295
2023-08-26,Cookie,Bocaditos,2.0,100,73
2023-08-26,Orejitas Pequeñas,Bocaditos,0.25,200,153
2023-08-26,Orejas Grandes,Bocaditos,1.0,100,72
2023-08-26,Beso de Moza,Bocaditos,1.0,80,57
2023-08-26,Caramandugas,Bocaditos,0.25,300,258
2023-08-26,Rosquitas,Bocaditos,0.25,300,251
2023-08-27,Pan Chabatta,Panes,0.25,768,735
2023-08-27,Pan Francés,Panes,0.25,648,612
2023-08-27,Pan Yema Largo,Panes,0.25,360,329
2023-08-27,Pan Yema Redondo,Panes,0.25,360,324
2023-08-27,Pan Chapla,Panes,0.25,144,120
2023-08-27,Pan Coliza,Panes,0.25,192,171
2023-08-27,Pan Integral,Panes,0.25,144,110
2023-08-27,Pan Caracol,Panes,0.25,144,118
2023-08-27,Pan Hamburguesa,Panes,0.4,288,247
2023-08-27,Cachito,Panes,0.25,144,114
2023-08-27,Pan Manjar,Panes,0.3,72,68
2023-08-27,Leche,Abarrotes,4.0,5,3
2023-08-27,Jamon,Abarrotes,2.5,6,4
2023-08-27,Café,Abarrotes,2.0,5,5
2023-08-27,Queso,Abarrotes,3.0,4,4
2023-08-27,Alfajores Pequeños,Bocaditos,0.25,200,156
2023-08-27,Alfajores Grandes,Bocaditos,1.0,100,76
2023-08-27,Galletas Pequeñas,Bocaditos,0.25,200,160
2023-08-27,Galletas Grandes,Bocaditos,1.0,300,296
2023-08-27,Cookie,Bocaditos,2.0,100,75
2023-08-27,Orejitas Pequeñas,Bocaditos,0.25,200,160
2023-08-27,Orejas Grandes,Bocaditos,1.0,100,71
2023-08-27,Beso de Moza,Bocaditos,1.0,80,60
2023-08-27,Caramandugas,Bocaditos,0.25,300,257
2023-08-27,Rosquitas,Bocaditos,0.25,300,252
2023-08-28,Pan Chabatta,Panes,0.25,768,720
2023-08-28,Pan Francés,Panes,0.25,648,610
2023-08-28,Pan Yema Largo,Panes,0.25,360,320
2023-08-28,Pan Yema Redondo,Panes,0.25,360,320
2023-08-28,Pan Chapla,Panes,0.25,144,110
2023-08-28,Pan Coliza,Panes,0.25,192,170
2023-08-28,Pan Integral,Panes,0.25,144,110
2023-08-28,Pan Caracol,Panes,0.25,144,110
2023-08-28,Pan Hamburguesa,Panes,0.4,288,240
2023-08-28,Cachito,Panes,0.25,144,110
2023-08-28,Pan Manjar,Panes,0.3,72,68
2023-08-28,Leche,Abarrotes,4.0,5,3
2023-08-28,Jamon,Abarrotes,2.5,6,3
2023-08-28,Café,Abarrotes,2.0,5,2
2023-08-28,Queso,Abarrotes,3.0,4,2
2023-08-28,Alfajores Pequeños,Bocaditos,0.25,200,150
2023-08-28,Alfajores Grandes,Bocaditos,1.0,100,75
2023-08-28,Galletas Pequeñas,Bocaditos,0.25,200,150
2023-08-28,Galletas Grandes,Bocaditos,1.0,300,290
2023-08-28,Cookie,Bocaditos,2.0,100,70
2023-08-28,Orejitas Pequeñas,Bocaditos,0.25,200,150
2023-08-28,Orejas Grandes,Bocaditos,1.0,100,70
2023-08-28,Beso de Moza,Bocaditos,1.0,80,50
2023-08-28,Caramandugas,Bocaditos,0.25,300,250
2023-08-28,Rosquitas,Bocaditos,0.25,300,250
2023-08-29,Pan Chabatta,Panes,0.25,768,720
2023-08-29,Pan Francés,Panes,0.25,648,610
2023-08-29,Pan Yema Largo,Panes,0.25,360,320
2023-08-29,Pan Yema Redondo,Panes,0.25,360,320
2023-08-29,Pan Chapla,Panes,0.25,144,110
2023-08-29,Pan Coliza,Panes,0.25,192,170
2023-08-29,Pan Integral,Panes,0.25,144,110
2023-08-29,Pan Caracol,Panes,0.25,144,110
2023-08-29,Pan Hamburguesa,Panes,0.4,288,240
2023-08-29,Cachito,Panes,0.25,144,110
2023-08-29,Pan Manjar,Panes,0.3,72,68
2023-08-29,Leche,Abarrotes,4.0,5,3
2023-08-29,Jamon,Abarrotes,2.5,6,3
2023-08-29,Café,Abarrotes,2.0,5,3
2023-08-29,Queso,Abarrotes,3.0,4,2
2023-08-29,Alfajores Pequeños,Bocaditos,0.25,200,150
2023-08-29,Alfajores Grandes,Bocaditos,1.0,100,75
2023-08-29,Galletas Pequeñas,Bocaditos,0.25,200,150
2023-08-29,Galletas Grandes,Bocaditos,1.0,300,290
2023-08-29,Cookie,Bocaditos,2.0,100,70
2023-08-29,Orejitas Pequeñas,Bocaditos,0.25,200,150
2023-08-29,Orejas Grandes,Bocaditos,1.0,100,70
2023-08-29,Beso de Moza,Bocaditos,1.0,80,50
2023-08-29,Caramandugas,Bocaditos,0.25,300,250
2023-08-29,Rosquitas,Bocaditos,0.25,300,250
2023-08-30,Pan Chabatta,Panes,0.25,768,720
2023-08-30,Pan Francés,Panes,0.25,648,610
2023-08-30,Pan Yema Largo,Panes,0.25,360,320
2023-08-30,Pan Yema Redondo,Panes,0.25,360,320
2023-08-30,Pan Chapla,Panes,0.25,144,110
2023-08-30,Pan Coliza,Panes,0.25,192,170
2023-08-30,Pan Integral,Panes,0.25,144,110
2023-08-30,Pan Caracol,Panes,0.25,144,110
2023-08-30,Pan Hamburguesa,Panes,0.4,288,240
2023-08-30,Cachito,Panes,0.25,144,110
2023-08-30,Pan Manjar,Panes,0.3,72,68
2023-08-30,Leche,Abarrotes,4.0,5,4
2023-08-30,Jamon,Abarrotes,2.5,6,3
2023-08-30,Café,Abarrotes,2.0,5,2
2023-08-30,Queso,Abarrotes,3.0,4,2
2023-08-30,Alfajores Pequeños,Bocaditos,0.25,200,150
2023-08-30,Alfajores Grandes,Bocaditos,1.0,100,75
2023-08-30,Galletas Pequeñas,Bocaditos,0.25,200,150
2023-08-30,Galletas Grandes,Bocaditos,1.0,300,290
2023-08-30,Cookie,Bocaditos,2.0,100,70
2023-08-30,Orejitas Pequeñas,Bocaditos,0.25,200,150
2023-08-30,Orejas Grandes,Bocaditos,1.0,100,70
2023-08-30,Beso de Moza,Bocaditos,1.0,80,50
2023-08-30,Caramandugas,Bocaditos,0.25,300,250
2023-08-30,Rosquitas,Bocaditos,0.25,300,250
2023-08-31,Pan Chabatta,Panes,0.25,768,720
2023-08-31,Pan Francés,Panes,0.25,648,610
2023-08-31,Pan Yema Largo,Panes,0.25,360,320
2023-08-31,Pan Yema Redondo,Panes,0.25,360,320
2023-08-31,Pan Chapla,Panes,0.25,144,110
2023-08-31,Pan Coliza,Panes,0.25,192,170
2023-08-31,Pan Integral,Panes,0.25,144,110
2023-08-31,Pan Caracol,Panes,0.25,144,110
2023-08-31,Pan Hamburguesa,Panes,0.4,288,240
2023-08-31,Cachito,Panes,0.25,144,110
2023-08-31,Pan Manjar,Panes,0.3,72,68
2023-08-31,Leche,Abarrotes,4.0,5,2
2023-08-31,Jamon,Abarrotes,2.5,6,5
2023-08-31,Café,Abarrotes,2.0,5,4
2023-08-31,Queso,Abarrotes,3.0,4,3
2023-08-31,Alfajores Pequeños,Bocaditos,0.25,200,150
2023-08-31,Alfajores Grandes,Bocaditos,1.0,100,75
2023-08-31,Galletas Pequeñas,Bocaditos,0.25,200,150
2023-08-31,Galletas Grandes,Bocaditos,1.0,300,290
2023-08-31,Cookie,Bocaditos,2.0,100,70
2023-08-31,Orejitas Pequeñas,Bocaditos,0.25,200,150
2023-08-31,Orejas Grandes,Bocaditos,1.0,100,70
2023-08-31,Beso de Moza,Bocaditos,1.0,80,50
2023-08-31,Caramandugas,Bocaditos,0.25,300,250
2023-08-31,Rosquitas,Bocaditos,0.25,300,250
2023-09-01,Pan Chabatta,Panes,0.25,768,720
2023-09-01,Pan Francés,Panes,0.25,648,610
2023-09-01,Pan Yema Largo,Panes,0.25,360,320
2023-09-01,Pan Yema Redondo,Panes,0.25,360,320
2023-09-01,Pan Chapla,Panes,0.25,144,110
2023-09-01,Pan Coliza,Panes,0.25,192,170
2023-09-01,Pan Integral,Panes,0.25,144,110
2023-09-01,Pan Caracol,Panes,0.25,144,110
2023-09-01,Pan Hamburguesa,Panes,0.4,288,240
2023-09-01,Cachito,Panes,0.25,144,110
2023-09-01,Pan Manjar,Panes,0.3,72,68
2023-09-01,Leche,Abarrotes,4.0,5,2
2023-09-01,Jamon,Abarrotes,2.5,6,3
2023-09-01,Café,Abarrotes,2.0,5,2
2023-09-01,Queso,Abarrotes,3.0,4,2
2023-09-01,Alfajores Pequeños,Bocaditos,0.25,200,150
2023-09-01,Alfajores Grandes,Bocaditos,1.0,100,75
2023-09-01,Galletas Pequeñas,Bocaditos,0.25,200,150
2023-09-01,Galletas Grandes,Bocaditos,1.0,300,290
2023-09-01,Cookie,Bocaditos,2.0,100,70
2023-09-01,Orejitas Pequeñas,Bocaditos,0.25,200,150
2023-09-01,Orejas Grandes,Bocaditos,1.0,100,70
2023-09-01,Beso de Moza,Bocaditos,1.0,80,50
2023-09-01,Caramandugas,Bocaditos,0.25,300,250
2023-09-01,Rosquitas,Bocaditos,0.25,300,250
2023-09-02,Pan Chabatta,Panes,0.25,768,720
2023-09-02,Pan Francés,Panes,0.25,648,620
2023-09-02,Pan Yema Largo,Panes,0.25,360,325
2023-09-02,Pan Yema Redondo,Panes,0.25,360,329
2023-09-02,Pan Chapla,Panes,0.25,144,120
2023-09-02,Pan Coliza,Panes,0.25,192,172
2023-09-02,Pan Integral,Panes,0.25,144,115
2023-09-02,Pan Caracol,Panes,0.25,144,111
2023-09-02,Pan Hamburguesa,Panes,0.4,288,248
2023-09-02,Cachito,Panes,0.25,144,120
2023-09-02,Pan Manjar,Panes,0.3,72,69
2023-09-02,Leche,Abarrotes,4.0,5,2
2023-09-02,Jamon,Abarrotes,2.5,6,5
2023-09-02,Café,Abarrotes,2.0,5,4
2023-09-02,Queso,Abarrotes,3.0,4,3
2023-09-02,Alfajores Pequeños,Bocaditos,0.25,200,159
2023-09-02,Alfajores Grandes,Bocaditos,1.0,100,77
2023-09-02,Galletas Pequeñas,Bocaditos,0.25,200,152
2023-09-02,Galletas Grandes,Bocaditos,1.0,300,290
2023-09-02,Cookie,Bocaditos,2.0,100,73
2023-09-02,Orejitas Pequeñas,Bocaditos,0.25,200,155
2023-09-02,Orejas Grandes,Bocaditos,1.0,100,73
2023-09-02,Beso de Moza,Bocaditos,1.0,80,50
2023-09-02,Caramandugas,Bocaditos,0.25,300,255
2023-09-02,Rosquitas,Bocaditos,0.25,300,256
2023-09-03,Pan Chabatta,Panes,0.25,768,740
2023-09-03,Pan Francés,Panes,0.25,648,617
2023-09-03,Pan Yema Largo,Panes,0.25,360,320
2023-09-03,Pan Yema Redondo,Panes,0.25,360,329
2023-09-03,Pan Chapla,Panes,0.25,144,120
2023-09-03,Pan Coliza,Panes,0.25,192,175
2023-09-03,Pan Integral,Panes,0.25,144,115
2023-09-03,Pan Caracol,Panes,0.25,144,115
2023-09-03,Pan Hamburguesa,Panes,0.4,288,250
2023-09-03,Cachito,Panes,0.25,144,121
2023-09-03,Pan Manjar,Panes,0.3,72,70
2023-09-03,Leche,Abarrotes,4.0,5,3
2023-09-03,Jamon,Abarrotes,2.5,6,4
2023-09-03,Café,Abarrotes,2.0,5,2
2023-09-03,Queso,Abarrotes,3.0,4,3
2023-09-03,Alfajores Pequeños,Bocaditos,0.25,200,158
2023-09-03,Alfajores Grandes,Bocaditos,1.0,100,75
2023-09-03,Galletas Pequeñas,Bocaditos,0.25,200,160
2023-09-03,Galletas Grandes,Bocaditos,1.0,300,291
2023-09-03,Cookie,Bocaditos,2.0,100,76
2023-09-03,Orejitas Pequeñas,Bocaditos,0.25,200,154
2023-09-03,Orejas Grandes,Bocaditos,1.0,100,72
2023-09-03,Beso de Moza,Bocaditos,1.0,80,56
2023-09-03,Caramandugas,Bocaditos,0.25,300,255
2023-09-03,Rosquitas,Bocaditos,0.25,300,250
2023-09-04,Pan Chabatta,Panes,0.25,768,720
2023-09-04,Pan Francés,Panes,0.25,648,610
2023-09-04,Pan Yema Largo,Panes,0.25,360,320
2023-09-04,Pan Yema Redondo,Panes,0.25,360,320
2023-09-04,Pan Chapla,Panes,0.25,144,110
2023-09-04,Pan Coliza,Panes,0.25,192,170
2023-09-04,Pan Integral,Panes,0.25,144,110
2023-09-04,Pan Caracol,Panes,0.25,144,110
2023-09-04,Pan Hamburguesa,Panes,0.4,288,240
2023-09-04,Cachito,Panes,0.25,144,110
2023-09-04,Pan Manjar,Panes,0.3,72,68
2023-09-04,Leche,Abarrotes,4.0,5,2
2023-09-04,Jamon,Abarrotes,2.5,6,3
2023-09-04,Café,Abarrotes,2.0,5,2
2023-09-04,Queso,Abarrotes,3.0,4,2
2023-09-04,Alfajores Pequeños,Bocaditos,0.25,200,150
2023-09-04,Alfajores Grandes,Bocaditos,1.0,100,75
2023-09-04,Galletas Pequeñas,Bocaditos,0.25,200,150
2023-09-04,Galletas Grandes,Bocaditos,1.0,300,290
2023-09-04,Cookie,Bocaditos,2.0,100,70
2023-09-04,Orejitas Pequeñas,Bocaditos,0.25,200,150
2023-09-04,Orejas Grandes,Bocaditos,1.0,100,70
2023-09-04,Beso de Moza,Bocaditos,1.0,80,50
2023-09-04,Caramandugas,Bocaditos,0.25,300,250
2023-09-04,Rosquitas,Bocaditos,0.25,300,250
2023-09-05,Pan Chabatta,Panes,0.25,768,720
2023-09-05,Pan Francés,Panes,0.25,648,610
2023-09-05,Pan Yema Largo,Panes,0.25,360,320
2023-09-05,Pan Yema Redondo,Panes,0.25,360,320
2023-09-05,Pan Chapla,Panes,0.25,144,110
2023-09-05,Pan Coliza,Panes,0.25,192,170
2023-09-05,Pan Integral,Panes,0.25,144,110
2023-09-05,Pan Caracol,Panes,0.25,144,110
2023-09-05,Pan Hamburguesa,Panes,0.4,288,240
2023-09-05,Cachito,Panes,0.25,144,110
2023-09-05,Pan Manjar,Panes,0.3,72,68
2023-09-05,Leche,Abarrotes,4.0,5,3
2023-09-05,Jamon,Abarrotes,2.5,6,3
2023-09-05,Café,Abarrotes,2.0,5,4
2023-09-05,Queso,Abarrotes,3.0,4,2
2023-09-05,Alfajores Pequeños,Bocaditos,0.25,200,150
2023-09-05,Alfajores Grandes,Bocaditos,1.0,100,75
2023-09-05,Galletas Pequeñas,Bocaditos,0.25,200,150
2023-09-05,Galletas Grandes,Bocaditos,1.0,300,290
2023-09-05,Cookie,Bocaditos,2.0,100,70
2023-09-05,Orejitas Pequeñas,Bocaditos,0.25,200,150
2023-09-05,Orejas Grandes,Bocaditos,1.0,100,70
2023-09-05,Beso de Moza,Bocaditos,1.0,80,50
2023-09-05,Caramandugas,Bocaditos,0.25,300,250
2023-09-05,Rosquitas,Bocaditos,0.25,300,250
2023-09-06,Pan Chabatta,Panes,0.25,768,720
2023-09-06,Pan Francés,Panes,0.25,648,610
2023-09-06,Pan Yema Largo,Panes,0.25,360,320
2023-09-06,Pan Yema Redondo,Panes,0.25,360,320
2023-09-06,Pan Chapla,Panes,0.25,144,110
2023-09-06,Pan Coliza,Panes,0.25,192,170
2023-09-06,Pan Integral,Panes,0.25,144,110
2023-09-06,Pan Caracol,Panes,0.25,144,110
2023-09-06,Pan Hamburguesa,Panes,0.4,288,240
2023-09-06,Cachito,Panes,0.25,144,110
2023-09-06,Pan Manjar,Panes,0.3,72,68
2023-09-06,Leche,Abarrotes,4.0,5,4
2023-09-06,Jamon,Abarrotes,2.5,6,3
2023-09-06,Café,Abarrotes,2.0,5,2
2023-09-06,Queso,Abarrotes,3.0,4,2
2023-09-06,Alfajores Pequeños,Bocaditos,0.25,200,150
2023-09-06,Alfajores Grandes,Bocaditos,1.0,100,75
2023-09-06,Galletas Pequeñas,Bocaditos,0.25,200,150
2023-09-06,Galletas Grandes,Bocaditos,1.0,300,290
2023-09-06,Cookie,Bocaditos,2.0,100,70
2023-09-06,Orejitas Pequeñas,Bocaditos,0.25,200,150
2023-09-06,Orejas Grandes,Bocaditos,1.0,100,70
2023-09-06,Beso de Moza,Bocaditos,1.0,80,50
2023-09-06,Caramandugas,Bocaditos,0.25,300,250
2023-09-06,Rosquitas,Bocaditos,0.25,300,250
2023-09-07,Pan Chabatta,Panes,0.25,768,720
2023-09-07,Pan Francés,Panes,0.25,648,610
2023-09-07,Pan Yema Largo,Panes,0.25,360,320
2023-09-07,Pan Yema Redondo,Panes,0.25,360,320
2023-09-07,Pan Chapla,Panes,0.25,144,110
2023-09-07,Pan Coliza,Panes,0.25,192,170
2023-09-07,Pan Integral,Panes,0.25,144,110
2023-09-07,Pan Caracol,Panes,0.25,144,110
2023-09-07,Pan Hamburguesa,Panes,0.4,288,240
2023-09-07,Cachito,Panes,0.25,144,110
2023-09-07,Pan Manjar,Panes,0.3,72,68
2023-09-07,Leche,Abarrotes,4.0,5,2
2023-09-07,Jamon,Abarrotes,2.5,6,5
2023-09-07,Café,Abarrotes,2.0,5,2
2023-09-07,Queso,Abarrotes,3.0,4,2
2023-09-07,Alfajores Pequeños,Bocaditos,0.25,200,150
2023-09-07,Alfajores Grandes,Bocaditos,1.0,100,75
2023-09-07,Galletas Pequeñas,Bocaditos,0.25,200,150
2023-09-07,Galletas Grandes,Bocaditos,1.0,300,290
2023-09-07,Cookie,Bocaditos,2.0,100,70
2023-09-07,Orejitas Pequeñas,Bocaditos,0.25,200,150
2023-09-07,Orejas Grandes,Bocaditos,1.0,100,70
2023-09-07,Beso de Moza,Bocaditos,1.0,80,50
2023-09-07,Caramandugas,Bocaditos,0.25,300,250
2023-09-07,Rosquitas,Bocaditos,0.25,300,250
2023-09-08,Pan Chabatta,Panes,0.25,768,720
2023-09-08,Pan Francés,Panes,0.25,648,610
2023-09-08,Pan Yema Largo,Panes,0.25,360,320
2023-09-08,Pan Yema Redondo,Panes,0.25,360,320
2023-09-08,Pan Chapla,Panes,0.25,144,110
2023-09-08,Pan Coliza,Panes,0.25,192,170
2023-09-08,Pan Integral,Panes,0.25,144,110
2023-09-08,Pan Caracol,Panes,0.25,144,110
2023-09-08,Pan Hamburguesa,Panes,0.4,288,240
2023-09-08,Cachito,Panes,0.25,144,110
2023-09-08,Pan Manjar,Panes,0.3,72,68
2023-09-08,Leche,Abarrotes,4.0,5,2
2023-09-08,Jamon,Abarrotes,2.5,6,3
2023-09-08,Café,Abarrotes,2.0,5,2
2023-09-08,Queso,Abarrotes,3.0,4,2
2023-09-08,Alfajores Pequeños,Bocaditos,0.25,200,150
2023-09-08,Alfajores Grandes,Bocaditos,1.0,100,75
2023-09-08,Galletas Pequeñas,Bocaditos,0.25,200,150
2023-09-08,Galletas Grandes,Bocaditos,1.0,300,290
2023-09-08,Cookie,Bocaditos,2.0,100,70
2023-09-08,Orejitas Pequeñas,Bocaditos,0.25,200,150
2023-09-08,Orejas Grandes,Bocaditos,1.0,100,70
2023-09-08,Beso de Moza,Bocaditos,1.0,80,50
2023-09-08,Caramandugas,Bocaditos,0.25,300,250
2023-09-08,Rosquitas,Bocaditos,0.25,300,250
2023-09-09,Pan Chabatta,Panes,0.25,768,720
2023-09-09,Pan Francés,Panes,0.25,648,614
2023-09-09,Pan Yema Largo,Panes,0.25,360,326
2023-09-09,Pan Yema Redondo,Panes,0.25,360,321
2023-09-09,Pan Chapla,Panes,0.25,144,111
2023-09-09,Pan Coliza,Panes,0.25,192,173
2023-09-09,Pan Integral,Panes,0.25,144,116
2023-09-09,Pan Caracol,Panes,0.25,144,119
2023-09-09,Pan Hamburguesa,Panes,0.4,288,245
2023-09-09,Cachito,Panes,0.25,144,116
2023-09-09,Pan Manjar,Panes,0.3,72,69
2023-09-09,Leche,Abarrotes,4.0,5,3
2023-09-09,Jamon,Abarrotes,2.5,6,4
2023-09-09,Café,Abarrotes,2.0,5,4
2023-09-09,Queso,Abarrotes,3.0,4,2
2023-09-09,Alfajores Pequeños,Bocaditos,0.25,200,154
2023-09-09,Alfajores Grandes,Bocaditos,1.0,100,78
2023-09-09,Galletas Pequeñas,Bocaditos,0.25,200,153
2023-09-09,Galletas Grandes,Bocaditos,1.0,300,293
2023-09-09,Cookie,Bocaditos,2.0,100,71
2023-09-09,Orejitas Pequeñas,Bocaditos,0.25,200,151
2023-09-09,Orejas Grandes,Bocaditos,1.0,100,73
2023-09-09,Beso de Moza,Bocaditos,1.0,80,60
2023-09-09,Caramandugas,Bocaditos,0.25,300,255
2023-09-09,Rosquitas,Bocaditos,0.25,300,260
2023-09-10,Pan Chabatta,Panes,0.25,768,731
2023-09-10,Pan Francés,Panes,0.25,648,612
2023-09-10,Pan Yema Largo,Panes,0.25,360,323
2023-09-10,Pan Yema Redondo,Panes,0.25,360,323
2023-09-10,Pan Chapla,Panes,0.25,144,114
2023-09-10,Pan Coliza,Panes,0.25,192,173
2023-09-10,Pan Integral,Panes,0.25,144,111
2023-09-10,Pan Caracol,Panes,0.25,144,113
2023-09-10,Pan Hamburguesa,Panes,0.4,288,242
2023-09-10,Cachito,Panes,0.25,144,119
2023-09-10,Pan Manjar,Panes,0.3,72,69
2023-09-10,Leche,Abarrotes,4.0,5,3
2023-09-10,Jamon,Abarrotes,2.5,6,5
2023-09-10,Café,Abarrotes,2.0,5,2
2023-09-10,Queso,Abarrotes,3.0,4,2
2023-09-10,Alfajores Pequeños,Bocaditos,0.25,200,159
2023-09-10,Alfajores Grandes,Bocaditos,1.0,100,75
2023-09-10,Galletas Pequeñas,Bocaditos,0.25,200,155
2023-09-10,Galletas Grandes,Bocaditos,1.0,300,293
2023-09-10,Cookie,Bocaditos,2.0,100,73
2023-09-10,Orejitas Pequeñas,Bocaditos,0.25,200,153
2023-09-10,Orejas Grandes,Bocaditos,1.0,100,76
2023-09-10,Beso de Moza,Bocaditos,1.0,80,52
2023-09-10,Caramandugas,Bocaditos,0.25,300,252
2023-09-10,Rosquitas,Bocaditos,0.25,300,261
2023-09-11,Pan Chabatta,Panes,0.25,768,720
2023-09-11,Pan Francés,Panes,0.25,648,610
2023-09-11,Pan Yema Largo,Panes,0.25,360,320
2023-09-11,Pan Yema Redondo,Panes,0.25,360,320
2023-09-11,Pan Chapla,Panes,0.25,144,110
2023-09-11,Pan Coliza,Panes,0.25,192,170
2023-09-11,Pan Integral,Panes,0.25,144,110
2023-09-11,Pan Caracol,Panes,0.25,144,110
2023-09-11,Pan Hamburguesa,Panes,0.4,288,240
2023-09-11,Cachito,Panes,0.25,144,110
2023-09-11,Pan Manjar,Panes,0.3,72,68
2023-09-11,Leche,Abarrotes,4.0,5,2
2023-09-11,Jamon,Abarrotes,2.5,6,3
2023-09-11,Café,Abarrotes,2.0,5,2
2023-09-11,Queso,Abarrotes,3.0,4,2
2023-09-11,Alfajores Pequeños,Bocaditos,0.25,200,150
2023-09-11,Alfajores Grandes,Bocaditos,1.0,100,75
2023-09-11,Galletas Pequeñas,Bocaditos,0.25,200,150
2023-09-11,Galletas Grandes,Bocaditos,1.0,300,290
2023-09-11,Cookie,Bocaditos,2.0,100,70
2023-09-11,Orejitas Pequeñas,Bocaditos,0.25,200,150
2023-09-11,Orejas Grandes,Bocaditos,1.0,100,70
2023-09-11,Beso de Moza,Bocaditos,1.0,80,50
2023-09-11,Caramandugas,Bocaditos,0.25,300,250
2023-09-11,Rosquitas,Bocaditos,0.25,300,250
2023-09-12,Pan Chabatta,Panes,0.25,768,720
2023-09-12,Pan Francés,Panes,0.25,648,610
2023-09-12,Pan Yema Largo,Panes,0.25,360,320
2023-09-12,Pan Yema Redondo,Panes,0.25,360,320
2023-09-12,Pan Chapla,Panes,0.25,144,110
2023-09-12,Pan Coliza,Panes,0.25,192,170
2023-09-12,Pan Integral,Panes,0.25,144,110
2023-09-12,Pan Caracol,Panes,0.25,144,110
2023-09-12,Pan Hamburguesa,Panes,0.4,288,240
2023-09-12,Cachito,Panes,0.25,144,110
2023-09-12,Pan Manjar,Panes,0.3,72,68
2023-09-12,Leche,Abarrotes,4.0,5,2
2023-09-12,Jamon,Abarrotes,2.5,6,4
2023-09-12,Café,Abarrotes,2.0,5,3
2023-09-12,Queso,Abarrotes,3.0,4,2
2023-09-12,Alfajores Pequeños,Bocaditos,0.25,200,150
2023-09-12,Alfajores Grandes,Bocaditos,1.0,100,75
2023-09-12,Galletas Pequeñas,Bocaditos,0.25,200,150
2023-09-12,Galletas Grandes,Bocaditos,1.0,300,290
2023-09-12,Cookie,Bocaditos,2.0,100,70
2023-09-12,Orejitas Pequeñas,Bocaditos,0.25,200,150
2023-09-12,Orejas Grandes,Bocaditos,1.0,100,70
2023-09-12,Beso de Moza,Bocaditos,1.0,80,50
2023-09-12,Caramandugas,Bocaditos,0.25,300,250
2023-09-12,Rosquitas,Bocaditos,0.25,300,250
2023-09-13,Pan Chabatta,Panes,0.25,768,720
2023-09-13,Pan Francés,Panes,0.25,648,610
2023-09-13,Pan Yema Largo,Panes,0.25,360,320
2023-09-13,Pan Yema Redondo,Panes,0.25,360,320
2023-09-13,Pan Chapla,Panes,0.25,144,110
2023-09-13,Pan Coliza,Panes,0.25,192,170
2023-09-13,Pan Integral,Panes,0.25,144,110
2023-09-13,Pan Caracol,Panes,0.25,144,110
2023-09-13,Pan Hamburguesa,Panes,0.4,288,240
2023-09-13,Cachito,Panes,0.25,144,110
2023-09-13,Pan Manjar,Panes,0.3,72,68
2023-09-13,Leche,Abarrotes,4.0,5,2
2023-09-13,Jamon,Abarrotes,2.5,6,3
2023-09-13,Café,Abarrotes,2.0,5,2
2023-09-13,Queso,Abarrotes,3.0,4,2
2023-09-13,Alfajores Pequeños,Bocaditos,0.25,200,150
2023-09-13,Alfajores Grandes,Bocaditos,1.0,100,75
2023-09-13,Galletas Pequeñas,Bocaditos,0.25,200,150
2023-09-13,Galletas Grandes,Bocaditos,1.0,300,290
2023-09-13,Cookie,Bocaditos,2.0,100,70
2023-09-13,Orejitas Pequeñas,Bocaditos,0.25,200,150
2023-09-13,Orejas Grandes,Bocaditos,1.0,100,70
2023-09-13,Beso de Moza,Bocaditos,1.0,80,50
2023-09-13,Caramandugas,Bocaditos,0.25,300,250
2023-09-13,Rosquitas,Bocaditos,0.25,300,250
2023-09-14,Pan Chabatta,Panes,0.25,768,720
2023-09-14,Pan Francés,Panes,0.25,648,610
2023-09-14,Pan Yema Largo,Panes,0.25,360,320
2023-09-14,Pan Yema Redondo,Panes,0.25,360,320
2023-09-14,Pan Chapla,Panes,0.25,144,110
2023-09-14,Pan Coliza,Panes,0.25,192,170
2023-09-14,Pan Integral,Panes,0.25,144,110
2023-09-14,Pan Caracol,Panes,0.25,144,110
2023-09-14,Pan Hamburguesa,Panes,0.4,288,240
2023-09-14,Cachito,Panes,0.25,144,110
2023-09-14,Pan Manjar,Panes,0.3,72,68
2023-09-14,Leche,Abarrotes,4.0,5,2
2023-09-14,Jamon,Abarrotes,2.5,6,5
2023-09-14,Café,Abarrotes,2.0,5,4
2023-09-14,Queso,Abarrotes,3.0,4,3
2023-09-14,Alfajores Pequeños,Bocaditos,0.25,200,150
2023-09-14,Alfajores Grandes,Bocaditos,1.0,100,75
2023-09-14,Galletas Pequeñas,Bocaditos,0.25,200,150
2023-09-14,Galletas Grandes,Bocaditos,1.0,300,290
2023-09-14,Cookie,Bocaditos,2.0,100,70
2023-09-14,Orejitas Pequeñas,Bocaditos,0.25,200,150
2023-09-14,Orejas Grandes,Bocaditos,1.0,100,70
2023-09-14,Beso de Moza,Bocaditos,1.0,80,50
2023-09-14,Caramandugas,Bocaditos,0.25,300,250
2023-09-14,Rosquitas,Bocaditos,0.25,300,250
2023-09-15,Pan Chabatta,Panes,0.25,768,720
2023-09-15,Pan Francés,Panes,0.25,648,610
2023-09-15,Pan Yema Largo,Panes,0.25,360,320
2023-09-15,Pan Yema Redondo,Panes,0.25,360,320
2023-09-15,Pan Chapla,Panes,0.25,144,110
2023-09-15,Pan Coliza,Panes,0.25,192,170
2023-09-15,Pan Integral,Panes,0.25,144,110
2023-09-15,Pan Caracol,Panes,0.25,144,110
2023-09-15,Pan Hamburguesa,Panes,0.4,288,240
2023-09-15,Cachito,Panes,0.25,144,110
2023-09-15,Pan Manjar,Panes,0.3,72,68
2023-09-15,Leche,Abarrotes,4.0,5,3
2023-09-15,Jamon,Abarrotes,2.5,6,4
2023-09-15,Café,Abarrotes,2.0,5,3
2023-09-15,Queso,Abarrotes,3.0,4,2
2023-09-15,Alfajores Pequeños,Bocaditos,0.25,200,150
2023-09-15,Alfajores Grandes,Bocaditos,1.0,100,75
2023-09-15,Galletas Pequeñas,Bocaditos,0.25,200,150
2023-09-15,Galletas Grandes,Bocaditos,1.0,300,290
2023-09-15,Cookie,Bocaditos,2.0,100,70
2023-09-15,Orejitas Pequeñas,Bocaditos,0.25,200,150
2023-09-15,Orejas Grandes,Bocaditos,1.0,100,70
2023-09-15,Beso de Moza,Bocaditos,1.0,80,50
2023-09-15,Caramandugas,Bocaditos,0.25,300,250
2023-09-15,Rosquitas,Bocaditos,0.25,300,250
2023-09-16,Pan Chabatta,Panes,0.25,768,732
2023-09-16,Pan Francés,Panes,0.25,648,613
2023-09-16,Pan Yema Largo,Panes,0.25,360,320
2023-09-16,Pan Yema Redondo,Panes,0.25,360,329
2023-09-16,Pan Chapla,Panes,0.25,144,110
2023-09-16,Pan Coliza,Panes,0.25,192,176
2023-09-16,Pan Integral,Panes,0.25,144,114
2023-09-16,Pan Caracol,Panes,0.25,144,115
2023-09-16,Pan Hamburguesa,Panes,0.4,288,242
2023-09-16,Cachito,Panes,0.25,144,117
2023-09-16,Pan Manjar,Panes,0.3,72,69
2023-09-16,Leche,Abarrotes,4.0,5,2
2023-09-16,Jamon,Abarrotes,2.5,6,3
2023-09-16,Café,Abarrotes,2.0,5,4
2023-09-16,Queso,Abarrotes,3.0,4,4
2023-09-16,Alfajores Pequeños,Bocaditos,0.25,200,150
2023-09-16,Alfajores Grandes,Bocaditos,1.0,100,75
2023-09-16,Galletas Pequeñas,Bocaditos,0.25,200,154
2023-09-16,Galletas Grandes,Bocaditos,1.0,300,293
2023-09-16,Cookie,Bocaditos,2.0,100,71
2023-09-16,Orejitas Pequeñas,Bocaditos,0.25,200,153
2023-09-16,Orejas Grandes,Bocaditos,1.0,100,70
2023-09-16,Beso de Moza,Bocaditos,1.0,80,51
2023-09-16,Caramandugas,Bocaditos,0.25,300,254
2023-09-16,Rosquitas,Bocaditos,0.25,300,254
2023-09-17,Pan Chabatta,Panes,0.25,768,727
2023-09-17,Pan Francés,Panes,0.25,648,614
2023-09-17,Pan Yema Largo,Panes,0.25,360,321
2023-09-17,Pan Yema Redondo,Panes,0.25,360,322
2023-09-17,Pan Chapla,Panes,0.25,144,111
2023-09-17,Pan Coliza,Panes,0.25,192,174
2023-09-17,Pan Integral,Panes,0.25,144,116
2023-09-17,Pan Caracol,Panes,0.25,144,110
2023-09-17,Pan Hamburguesa,Panes,0.4,288,247
2023-09-17,Cachito,Panes,0.25,144,110
2023-09-17,Pan Manjar,Panes,0.3,72,70
2023-09-17,Leche,Abarrotes,4.0,5,2
2023-09-17,Jamon,Abarrotes,2.5,6,4
2023-09-17,Café,Abarrotes,2.0,5,2
2023-09-17,Queso,Abarrotes,3.0,4,4
2023-09-17,Alfajores Pequeños,Bocaditos,0.25,200,158
2023-09-17,Alfajores Grandes,Bocaditos,1.0,100,80
2023-09-17,Galletas Pequeñas,Bocaditos,0.25,200,160
2023-09-17,Galletas Grandes,Bocaditos,1.0,300,295
2023-09-17,Cookie,Bocaditos,2.0,100,74
2023-09-17,Orejitas Pequeñas,Bocaditos,0.25,200,155
2023-09-17,Orejas Grandes,Bocaditos,1.0,100,71
2023-09-17,Beso de Moza,Bocaditos,1.0,80,59
2023-09-17,Caramandugas,Bocaditos,0.25,300,253
2023-09-17,Rosquitas,Bocaditos,0.25,300,258
2023-09-18,Pan Chabatta,Panes,0.25,768,720
2023-09-18,Pan Francés,Panes,0.25,648,610
2023-09-18,Pan Yema Largo,Panes,0.25,360,320
2023-09-18,Pan Yema Redondo,Panes,0.25,360,320
2023-09-18,Pan Chapla,Panes,0.25,144,110
2023-09-18,Pan Coliza,Panes,0.25,192,170
2023-09-18,Pan Integral,Panes,0.25,144,110
2023-09-18,Pan Caracol,Panes,0.25,144,110
2023-09-18,Pan Hamburguesa,Panes,0.4,288,240
2023-09-18,Cachito,Panes,0.25,144,110
2023-09-18,Pan Manjar,Panes,0.3,72,68
2023-09-18,Leche,Abarrotes,4.0,5,2
2023-09-18,Jamon,Abarrotes,2.5,6,3
2023-09-18,Café,Abarrotes,2.0,5,3
2023-09-18,Queso,Abarrotes,3.0,4,3
2023-09-18,Alfajores Pequeños,Bocaditos,0.25,200,150
2023-09-18,Alfajores Grandes,Bocaditos,1.0,100,75
2023-09-18,Galletas Pequeñas,Bocaditos,0.25,200,150
2023-09-18,Galletas Grandes,Bocaditos,1.0,300,290
2023-09-18,Cookie,Bocaditos,2.0,100,70
2023-09-18,Orejitas Pequeñas,Bocaditos,0.25,200,150
2023-09-18,Orejas Grandes,Bocaditos,1.0,100,70
2023-09-18,Beso de Moza,Bocaditos,1.0,80,50
2023-09-18,Caramandugas,Bocaditos,0.25,300,250
2023-09-18,Rosquitas,Bocaditos,0.25,300,250
2023-09-19,Pan Chabatta,Panes,0.25,768,720
2023-09-19,Pan Francés,Panes,0.25,648,610
2023-09-19,Pan Yema Largo,Panes,0.25,360,320
2023-09-19,Pan Yema Redondo,Panes,0.25,360,320
2023-09-19,Pan Chapla,Panes,0.25,144,110
2023-09-19,Pan Coliza,Panes,0.25,192,170
2023-09-19,Pan Integral,Panes,0.25,144,110
2023-09-19,Pan Caracol,Panes,0.25,144,110
2023-09-19,Pan Hamburguesa,Panes,0.4,288,240
2023-09-19,Cachito,Panes,0.25,144,110
2023-09-19,Pan Manjar,Panes,0.3,72,68
2023-09-19,Leche,Abarrotes,4.0,5,2
2023-09-19,Jamon,Abarrotes,2.5,6,3
2023-09-19,Café,Abarrotes,2.0,5,2
2023-09-19,Queso,Abarrotes,3.0,4,2
2023-09-19,Alfajores Pequeños,Bocaditos,0.25,200,150
2023-09-19,Alfajores Grandes,Bocaditos,1.0,100,75
2023-09-19,Galletas Pequeñas,Bocaditos,0.25,200,150
2023-09-19,Galletas Grandes,Bocaditos,1.0,300,290
2023-09-19,Cookie,Bocaditos,2.0,100,70
2023-09-19,Orejitas Pequeñas,Bocaditos,0.25,200,150
2023-09-19,Orejas Grandes,Bocaditos,1.0,100,70
2023-09-19,Beso de Moza,Bocaditos,1.0,80,50
2023-09-19,Caramandugas,Bocaditos,0.25,300,250
2023-09-19,Rosquitas,Bocaditos,0.25,300,250
2023-09-20,Pan Chabatta,Panes,0.25,768,720
2023-09-20,Pan Francés,Panes,0.25,648,610
2023-09-20,Pan Yema Largo,Panes,0.25,360,320
2023-09-20,Pan Yema Redondo,Panes,0.25,360,320
2023-09-20,Pan Chapla,Panes,0.25,144,110
2023-09-20,Pan Coliza,Panes,0.25,192,170
2023-09-20,Pan Integral,Panes,0.25,144,110
2023-09-20,Pan Caracol,Panes,0.25,144,110
2023-09-20,Pan Hamburguesa,Panes,0.4,288,240
2023-09-20,Cachito,Panes,0.25,144,110
2023-09-20,Pan Manjar,Panes,0.3,72,68
2023-09-20,Leche,Abarrotes,4.0,5,4
2023-09-20,Jamon,Abarrotes,2.5,6,3
2023-09-20,Café,Abarrotes,2.0,5,2
2023-09-20,Queso,Abarrotes,3.0,4,2
2023-09-20,Alfajores Pequeños,Bocaditos,0.25,200,150
2023-09-20,Alfajores Grandes,Bocaditos,1.0,100,75
2023-09-20,Galletas Pequeñas,Bocaditos,0.25,200,150
2023-09-20,Galletas Grandes,Bocaditos,1.0,300,290
2023-09-20,Cookie,Bocaditos,2.0,100,70
2023-09-20,Orejitas Pequeñas,Bocaditos,0.25,200,150
2023-09-20,Orejas Grandes,Bocaditos,1.0,100,70
2023-09-20,Beso de Moza,Bocaditos,1.0,80,50
2023-09-20,Caramandugas,Bocaditos,0.25,300,250
2023-09-20,Rosquitas,Bocaditos,0.25,300,250
2023-09-21,Pan Chabatta,Panes,0.25,768,720
2023-09-21,Pan Francés,Panes,0.25,648,610
2023-09-21,Pan Yema Largo,Panes,0.25,360,320
2023-09-21,Pan Yema Redondo,Panes,0.25,360,320
2023-09-21,Pan Chapla,Panes,0.25,144,110
2023-09-21,Pan Coliza,Panes,0.25,192,170
2023-09-21,Pan Integral,Panes,0.25,144,110
2023-09-21,Pan Caracol,Panes,0.25,144,110
2023-09-21,Pan Hamburguesa,Panes,0.4,288,240
2023-09-21,Cachito,Panes,0.25,144,110
2023-09-21,Pan Manjar,Panes,0.3,72,68
2023-09-21,Leche,Abarrotes,4.0,5,3
2023-09-21,Jamon,Abarrotes,2.5,6,4
2023-09-21,Café,Abarrotes,2.0,5,3
2023-09-21,Queso,Abarrotes,3.0,4,2
2023-09-21,Alfajores Pequeños,Bocaditos,0.25,200,150
2023-09-21,Alfajores Grandes,Bocaditos,1.0,100,75
2023-09-21,Galletas Pequeñas,Bocaditos,0.25,200,150
2023-09-21,Galletas Grandes,Bocaditos,1.0,300,290
2023-09-21,Cookie,Bocaditos,2.0,100,70
2023-09-21,Orejitas Pequeñas,Bocaditos,0.25,200,150
2023-09-21,Orejas Grandes,Bocaditos,1.0,100,70
2023-09-21,Beso de Moza,Bocaditos,1.0,80,50
2023-09-21,Caramandugas,Bocaditos,0.25,300,250
2023-09-21,Rosquitas,Bocaditos,0.25,300,250
2023-09-22,Pan Chabatta,Panes,0.25,768,720
2023-09-22,Pan Francés,Panes,0.25,648,610
2023-09-22,Pan Yema Largo,Panes,0.25,360,320
2023-09-22,Pan Yema Redondo,Panes,0.25,360,320
2023-09-22,Pan Chapla,Panes,0.25,144,110
2023-09-22,Pan Coliza,Panes,0.25,192,170
2023-09-22,Pan Integral,Panes,0.25,144,110
2023-09-22,Pan Caracol,Panes,0.25,144,110
2023-09-22,Pan Hamburguesa,Panes,0.4,288,240
2023-09-22,Cachito,Panes,0.25,144,110
2023-09-22,Pan Manjar,Panes,0.3,72,68
2023-09-22,Leche,Abarrotes,4.0,5,2
2023-09-22,Jamon,Abarrotes,2.5,6,3
2023-09-22,Café,Abarrotes,2.0,5,2
2023-09-22,Queso,Abarrotes,3.0,4,2
2023-09-22,Alfajores Pequeños,Bocaditos,0.25,200,150
2023-09-22,Alfajores Grandes,Bocaditos,1.0,100,75
2023-09-22,Galletas Pequeñas,Bocaditos,0.25,200,150
2023-09-22,Galletas Grandes,Bocaditos,1.0,300,290
2023-09-22,Cookie,Bocaditos,2.0,100,70
2023-09-22,Orejitas Pequeñas,Bocaditos,0.25,200,150
2023-09-22,Orejas Grandes,Bocaditos,1.0,100,70
2023-09-22,Beso de Moza,Bocaditos,1.0,80,54
2023-09-22,Caramandugas,Bocaditos,0.25,300,250
2023-09-22,Rosquitas,Bocaditos,0.25,300,250
2023-09-23,Pan Chabatta,Panes,0.25,768,739
2023-09-23,Pan Francés,Panes,0.25,648,613
2023-09-23,Pan Yema Largo,Panes,0.25,360,331
2023-09-23,Pan Yema Redondo,Panes,0.25,360,327
2023-09-23,Pan Chapla,Panes,0.25,144,113
2023-09-23,Pan Coliza,Panes,0.25,192,171
2023-09-23,Pan Integral,Panes,0.25,144,111
2023-09-23,Pan Caracol,Panes,0.25,144,112
2023-09-23,Pan Hamburguesa,Panes,0.4,288,242
2023-09-23,Cachito,Panes,0.25,144,116
2023-09-23,Pan Manjar,Panes,0.3,72,69
2023-09-23,Leche,Abarrotes,4.0,5,5
2023-09-23,Jamon,Abarrotes,2.5,6,5
2023-09-23,Café,Abarrotes,2.0,5,4
2023-09-23,Queso,Abarrotes,3.0,4,2
2023-09-23,Alfajores Pequeños,Bocaditos,0.25,200,158
2023-09-23,Alfajores Grandes,Bocaditos,1.0,100,78
2023-09-23,Galletas Pequeñas,Bocaditos,0.25,200,159
2023-09-23,Galletas Grandes,Bocaditos,1.0,300,294
2023-09-23,Cookie,Bocaditos,2.0,100,72
2023-09-23,Orejitas Pequeñas,Bocaditos,0.25,200,152
2023-09-23,Orejas Grandes,Bocaditos,1.0,100,71
2023-09-23,Beso de Moza,Bocaditos,1.0,80,59
2023-09-23,Caramandugas,Bocaditos,0.25,300,254
2023-09-23,Rosquitas,Bocaditos,0.25,300,259
2023-09-24,Pan Chabatta,Panes,0.25,768,726
2023-09-24,Pan Francés,Panes,0.25,648,613
2023-09-24,Pan Yema Largo,Panes,0.25,360,328
2023-09-24,Pan Yema Redondo,Panes,0.25,360,324
2023-09-24,Pan Chapla,Panes,0.25,144,111
2023-09-24,Pan Coliza,Panes,0.25,192,175
2023-09-24,Pan Integral,Panes,0.25,144,114
2023-09-24,Pan Caracol,Panes,0.25,144,111
2023-09-24,Pan Hamburguesa,Panes,0.4,288,242
2023-09-24,Cachito,Panes,0.25,144,117
2023-09-24,Pan Manjar,Panes,0.3,72,69
2023-09-24,Leche,Abarrotes,4.0,5,5
2023-09-24,Jamon,Abarrotes,2.5,6,3
2023-09-24,Café,Abarrotes,2.0,5,5
2023-09-24,Queso,Abarrotes,3.0,4,3
2023-09-24,Alfajores Pequeños,Bocaditos,0.25,200,150
2023-09-24,Alfajores Grandes,Bocaditos,1.0,100,76
2023-09-24,Galletas Pequeñas,Bocaditos,0.25,200,153
2023-09-24,Galletas Grandes,Bocaditos,1.0,300,294
2023-09-24,Cookie,Bocaditos,2.0,100,74
2023-09-24,Orejitas Pequeñas,Bocaditos,0.25,200,159
2023-09-24,Orejas Grandes,Bocaditos,1.0,100,70
2023-09-24,Beso de Moza,Bocaditos,1.0,80,53
2023-09-24,Caramandugas,Bocaditos,0.25,300,254
2023-09-24,Rosquitas,Bocaditos,0.25,300,254
2023-09-25,Pan Chabatta,Panes,0.25,768,720
2023-09-25,Pan Francés,Panes,0.25,648,610
2023-09-25,Pan Yema Largo,Panes,0.25,360,320
2023-09-25,Pan Yema Redondo,Panes,0.25,360,320
2023-09-25,Pan Chapla,Panes,0.25,144,110
2023-09-25,Pan Coliza,Panes,0.25,192,170
2023-09-25,Pan Integral,Panes,0.25,144,110
2023-09-25,Pan Caracol,Panes,0.25,144,110
2023-09-25,Pan Hamburguesa,Panes,0.4,288,240
2023-09-25,Cachito,Panes,0.25,144,110
2023-09-25,Pan Manjar,Panes,0.3,72,68
2023-09-25,Leche,Abarrotes,4.0,5,2
2023-09-25,Jamon,Abarrotes,2.5,6,3
2023-09-25,Café,Abarrotes,2.0,5,3
2023-09-25,Queso,Abarrotes,3.0,4,2
2023-09-25,Alfajores Pequeños,Bocaditos,0.25,200,150
2023-09-25,Alfajores Grandes,Bocaditos,1.0,100,75
2023-09-25,Galletas Pequeñas,Bocaditos,0.25,200,150
2023-09-25,Galletas Grandes,Bocaditos,1.0,300,290
2023-09-25,Cookie,Bocaditos,2.0,100,70
2023-09-25,Orejitas Pequeñas,Bocaditos,0.25,200,150
2023-09-25,Orejas Grandes,Bocaditos,1.0,100,70
2023-09-25,Beso de Moza,Bocaditos,1.0,80,50
2023-09-25,Caramandugas,Bocaditos,0.25,300,250
2023-09-25,Rosquitas,Bocaditos,0.25,300,250
2023-09-26,Pan Chabatta,Panes,0.25,768,720
2023-09-26,Pan Francés,Panes,0.25,648,610
2023-09-26,Pan Yema Largo,Panes,0.25,360,320
2023-09-26,Pan Yema Redondo,Panes,0.25,360,320
2023-09-26,Pan Chapla,Panes,0.25,144,110
2023-09-26,Pan Coliza,Panes,0.25,192,170
2023-09-26,Pan Integral,Panes,0.25,144,110
2023-09-26,Pan Caracol,Panes,0.25,144,110
2023-09-26,Pan Hamburguesa,Panes,0.4,288,240
2023-09-26,Cachito,Panes,0.25,144,110
2023-09-26,Pan Manjar,Panes,0.3,72,68
2023-09-26,Leche,Abarrotes,4.0,5,3
2023-09-26,Jamon,Abarrotes,2.5,6,3
2023-09-26,Café,Abarrotes,2.0,5,2
2023-09-26,Queso,Abarrotes,3.0,4,2
2023-09-26,Alfajores Pequeños,Bocaditos,0.25,200,150
2023-09-26,Alfajores Grandes,Bocaditos,1.0,100,75
2023-09-26,Galletas Pequeñas,Bocaditos,0.25,200,150
2023-09-26,Galletas Grandes,Bocaditos,1.0,300,290
2023-09-26,Cookie,Bocaditos,2.0,100,70
2023-09-26,Orejitas Pequeñas,Bocaditos,0.25,200,150
2023-09-26,Orejas Grandes,Bocaditos,1.0,100,70
2023-09-26,Beso de Moza,Bocaditos,1.0,80,50
2023-09-26,Caramandugas,Bocaditos,0.25,300,250
2023-09-26,Rosquitas,Bocaditos,0.25,300,250
2023-09-27,Pan Chabatta,Panes,0.25,768,720
2023-09-27,Pan Francés,Panes,0.25,648,610
2023-09-27,Pan Yema Largo,Panes,0.25,360,320
2023-09-27,Pan Yema Redondo,Panes,0.25,360,320
2023-09-27,Pan Chapla,Panes,0.25,144,110
2023-09-27,Pan Coliza,Panes,0.25,192,170
2023-09-27,Pan Integral,Panes,0.25,144,110
2023-09-27,Pan Caracol,Panes,0.25,144,110
2023-09-27,Pan Hamburguesa,Panes,0.4,288,240
2023-09-27,Cachito,Panes,0.25,144,110
2023-09-27,Pan Manjar,Panes,0.3,72,68
2023-09-27,Leche,Abarrotes,4.0,5,3
2023-09-27,Jamon,Abarrotes,2.5,6,3
2023-09-27,Café,Abarrotes,2.0,5,2
2023-09-27,Queso,Abarrotes,3.0,4,2
2023-09-27,Alfajores Pequeños,Bocaditos,0.25,200,150
2023-09-27,Alfajores Grandes,Bocaditos,1.0,100,75
2023-09-27,Galletas Pequeñas,Bocaditos,0.25,200,150
2023-09-27,Galletas Grandes,Bocaditos,1.0,300,290
2023-09-27,Cookie,Bocaditos,2.0,100,70
2023-09-27,Orejitas Pequeñas,Bocaditos,0.25,200,150
2023-09-27,Orejas Grandes,Bocaditos,1.0,100,70
2023-09-27,Beso de Moza,Bocaditos,1.0,80,50
2023-09-27,Caramandugas,Bocaditos,0.25,300,250
2023-09-27,Rosquitas,Bocaditos,0.25,300,250
2023-09-28,Pan Chabatta,Panes,0.25,768,720
2023-09-28,Pan Francés,Panes,0.25,648,610
2023-09-28,Pan Yema Largo,Panes,0.25,360,320
2023-09-28,Pan Yema Redondo,Panes,0.25,360,320
2023-09-28,Pan Chapla,Panes,0.25,144,110
2023-09-28,Pan Coliza,Panes,0.25,192,170
2023-09-28,Pan Integral,Panes,0.25,144,110
2023-09-28,Pan Caracol,Panes,0.25,144,110
2023-09-28,Pan Hamburguesa,Panes,0.4,288,240
2023-09-28,Cachito,Panes,0.25,144,110
2023-09-28,Pan Manjar,Panes,0.3,72,68
2023-09-28,Leche,Abarrotes,4.0,5,2
2023-09-28,Jamon,Abarrotes,2.5,6,3
2023-09-28,Café,Abarrotes,2.0,5,2
2023-09-28,Queso,Abarrotes,3.0,4,2
2023-09-28,Alfajores Pequeños,Bocaditos,0.25,200,150
2023-09-28,Alfajores Grandes,Bocaditos,1.0,100,75
2023-09-28,Galletas Pequeñas,Bocaditos,0.25,200,150
2023-09-28,Galletas Grandes,Bocaditos,1.0,300,290
2023-09-28,Cookie,Bocaditos,2.0,100,70
2023-09-28,Orejitas Pequeñas,Bocaditos,0.25,200,150
2023-09-28,Orejas Grandes,Bocaditos,1.0,100,70
2023-09-28,Beso de Moza,Bocaditos,1.0,80,50
2023-09-28,Caramandugas,Bocaditos,0.25,300,250
2023-09-28,Rosquitas,Bocaditos,0.25,300,250
2023-09-29,Pan Chabatta,Panes,0.25,768,720
2023-09-29,Pan Francés,Panes,0.25,648,610
2023-09-29,Pan Yema Largo,Panes,0.25,360,320
2023-09-29,Pan Yema Redondo,Panes,0.25,360,320
2023-09-29,Pan Chapla,Panes,0.25,144,110
2023-09-29,Pan Coliza,Panes,0.25,192,170
2023-09-29,Pan Integral,Panes,0.25,144,110
2023-09-29,Pan Caracol,Panes,0.25,144,110
2023-09-29,Pan Hamburguesa,Panes,0.4,288,240
2023-09-29,Cachito,Panes,0.25,144,110
2023-09-29,Pan Manjar,Panes,0.3,72,68
2023-09-29,Leche,Abarrotes,4.0,5,3
2023-09-29,Jamon,Abarrotes,2.5,6,4
2023-09-29,Café,Abarrotes,2.0,5,2
2023-09-29,Queso,Abarrotes,3.0,4,2
2023-09-29,Alfajores Pequeños,Bocaditos,0.25,200,150
2023-09-29,Alfajores Grandes,Bocaditos,1.0,100,75
2023-09-29,Galletas Pequeñas,Bocaditos,0.25,200,150
2023-09-29,Galletas Grandes,Bocaditos,1.0,300,290
2023-09-29,Cookie,Bocaditos,2.0,100,70
2023-09-29,Orejitas Pequeñas,Bocaditos,0.25,200,150
2023-09-29,Orejas Grandes,Bocaditos,1.0,100,70
2023-09-29,Beso de Moza,Bocaditos,1.0,80,50
2023-09-29,Caramandugas,Bocaditos,0.25,300,250
2023-09-29,Rosquitas,Bocaditos,0.25,300,250
2023-09-30,Pan Chabatta,Panes,0.25,768,736
2023-09-30,Pan Francés,Panes,0.25,648,615
2023-09-30,Pan Yema Largo,Panes,0.25,360,326
2023-09-30,Pan Yema Redondo,Panes,0.25,360,326
2023-09-30,Pan Chapla,Panes,0.25,144,113
2023-09-30,Pan Coliza,Panes,0.25,192,174
2023-09-30,Pan Integral,Panes,0.25,144,112
2023-09-30,Pan Caracol,Panes,0.25,144,120
2023-09-30,Pan Hamburguesa,Panes,0.4,288,245
2023-09-30,Cachito,Panes,0.25,144,117
2023-09-30,Pan Manjar,Panes,0.3,72,69
2023-09-30,Leche,Abarrotes,4.0,5,4
2023-09-30,Jamon,Abarrotes,2.5,6,6
2023-09-30,Café,Abarrotes,2.0,5,2
2023-09-30,Queso,Abarrotes,3.0,4,2
2023-09-30,Alfajores Pequeños,Bocaditos,0.25,200,152
2023-09-30,Alfajores Grandes,Bocaditos,1.0,100,79
2023-09-30,Galletas Pequeñas,Bocaditos,0.25,200,152
2023-09-30,Galletas Grandes,Bocaditos,1.0,300,290
2023-09-30,Cookie,Bocaditos,2.0,100,73
2023-09-30,Orejitas Pequeñas,Bocaditos,0.25,200,157
2023-09-30,Orejas Grandes,Bocaditos,1.0,100,71
2023-09-30,Beso de Moza,Bocaditos,1.0,80,57
2023-09-30,Caramandugas,Bocaditos,0.25,300,260
2023-09-30,Rosquitas,Bocaditos,0.25,300,257
2023-10-01,Pan Chabatta,Panes,0.25,768,731
2023-10-01,Pan Francés,Panes,0.25,648,613
2023-10-01,Pan Yema Largo,Panes,0.25,360,330
2023-10-01,Pan Yema Redondo,Panes,0.25,360,325
2023-10-01,Pan Chapla,Panes,0.25,144,116
2023-10-01,Pan Coliza,Panes,0.25,192,170
2023-10-01,Pan Integral,Panes,0.25,144,112
2023-10-01,Pan Caracol,Panes,0.25,144,112
2023-10-01,Pan Hamburguesa,Panes,0.4,288,249
2023-10-01,Cachito,Panes,0.25,144,118
2023-10-01,Pan Manjar,Panes,0.3,72,70
2023-10-01,Leche,Abarrotes,4.0,5,4
2023-10-01,Jamon,Abarrotes,2.5,6,3
2023-10-01,Café,Abarrotes,2.0,5,3
2023-10-01,Queso,Abarrotes,3.0,4,3
2023-10-01,Alfajores Pequeños,Bocaditos,0.25,200,151
2023-10-01,Alfajores Grandes,Bocaditos,1.0,100,75
2023-10-01,Galletas Pequeñas,Bocaditos,0.25,200,159
2023-10-01,Galletas Grandes,Bocaditos,1.0,300,292
2023-10-01,Cookie,Bocaditos,2.0,100,70
2023-10-01,Orejitas Pequeñas,Bocaditos,0.25,200,158
2023-10-01,Orejas Grandes,Bocaditos,1.0,100,70
2023-10-01,Beso de Moza,Bocaditos,1.0,80,53
2023-10-01,Caramandugas,Bocaditos,0.25,300,250
2023-10-01,Rosquitas,Bocaditos,0.25,300,257
2023-10-02,Pan Chabatta,Panes,0.25,768,720
2023-10-02,Pan Francés,Panes,0.25,648,610
2023-10-02,Pan Yema Largo,Panes,0.25,360,320
2023-10-02,Pan Yema Redondo,Panes,0.25,360,320
2023-10-02,Pan Chapla,Panes,0.25,144,110
2023-10-02,Pan Coliza,Panes,0.25,192,170
2023-10-02,Pan Integral,Panes,0.25,144,110
2023-10-02,Pan Caracol,Panes,0.25,144,110
2023-10-02,Pan Hamburguesa,Panes,0.4,288,240
2023-10-02,Cachito,Panes,0.25,144,110
2023-10-02,Pan Manjar,Panes,0.3,72,68
2023-10-02,Leche,Abarrotes,4.0,5,2
2023-10-02,Jamon,Abarrotes,2.5,6,3
2023-10-02,Café,Abarrotes,2.0,5,3
2023-10-02,Queso,Abarrotes,3.0,4,2
2023-10-02,Alfajores Pequeños,Bocaditos,0.25,200,150
2023-10-02,Alfajores Grandes,Bocaditos,1.0,100,75
2023-10-02,Galletas Pequeñas,Bocaditos,0.25,200,150
2023-10-02,Galletas Grandes,Bocaditos,1.0,300,290
2023-10-02,Cookie,Bocaditos,2.0,100,70
2023-10-02,Orejitas Pequeñas,Bocaditos,0.25,200,150
2023-10-02,Orejas Grandes,Bocaditos,1.0,100,70
2023-10-02,Beso de Moza,Bocaditos,1.0,80,50
2023-10-02,Caramandugas,Bocaditos,0.25,300,250
2023-10-02,Rosquitas,Bocaditos,0.25,300,250
2023-10-03,Pan Chabatta,Panes,0.25,768,720
2023-10-03,Pan Francés,Panes,0.25,648,610
2023-10-03,Pan Yema Largo,Panes,0.25,360,320
2023-10-03,Pan Yema Redondo,Panes,0.25,360,320
2023-10-03,Pan Chapla,Panes,0.25,144,110
2023-10-03,Pan Coliza,Panes,0.25,192,170
2023-10-03,Pan Integral,Panes,0.25,144,110
2023-10-03,Pan Caracol,Panes,0.25,144,110
2023-10-03,Pan Hamburguesa,Panes,0.4,288,240
2023-10-03,Cachito,Panes,0.25,144,110
2023-10-03,Pan Manjar,Panes,0.3,72,68
2023-10-03,Leche,Abarrotes,4.0,5,2
2023-10-03,Jamon,Abarrotes,2.5,6,3
2023-10-03,Café,Abarrotes,2.0,5,3
2023-10-03,Queso,Abarrotes,3.0,4,2
2023-10-03,Alfajores Pequeños,Bocaditos,0.25,200,150
2023-10-03,Alfajores Grandes,Bocaditos,1.0,100,75
2023-10-03,Galletas Pequeñas,Bocaditos,0.25,200,150
2023-10-03,Galletas Grandes,Bocaditos,1.0,300,290
2023-10-03,Cookie,Bocaditos,2.0,100,70
2023-10-03,Orejitas Pequeñas,Bocaditos,0.25,200,150
2023-10-03,Orejas Grandes,Bocaditos,1.0,100,70
2023-10-03,Beso de Moza,Bocaditos,1.0,80,50
2023-10-03,Caramandugas,Bocaditos,0.25,300,250
2023-10-03,Rosquitas,Bocaditos,0.25,300,250
2023-10-04,Pan Chabatta,Panes,0.25,768,720
2023-10-04,Pan Francés,Panes,0.25,648,610
2023-10-04,Pan Yema Largo,Panes,0.25,360,320
2023-10-04,Pan Yema Redondo,Panes,0.25,360,320
2023-10-04,Pan Chapla,Panes,0.25,144,110
2023-10-04,Pan Coliza,Panes,0.25,192,170
2023-10-04,Pan Integral,Panes,0.25,144,110
2023-10-04,Pan Caracol,Panes,0.25,144,110
2023-10-04,Pan Hamburguesa,Panes,0.4,288,240
2023-10-04,Cachito,Panes,0.25,144,110
2023-10-04,Pan Manjar,Panes,0.3,72,68
2023-10-04,Leche,Abarrotes,4.0,5,2
2023-10-04,Jamon,Abarrotes,2.5,6,5
2023-10-04,Café,Abarrotes,2.0,5,2
2023-10-04,Queso,Abarrotes,3.0,4,2
2023-10-04,Alfajores Pequeños,Bocaditos,0.25,200,150
2023-10-04,Alfajores Grandes,Bocaditos,1.0,100,75
2023-10-04,Galletas Pequeñas,Bocaditos,0.25,200,150
2023-10-04,Galletas Grandes,Bocaditos,1.0,300,290
2023-10-04,Cookie,Bocaditos,2.0,100,70
2023-10-04,Orejitas Pequeñas,Bocaditos,0.25,200,150
2023-10-04,Orejas Grandes,Bocaditos,1.0,100,70
2023-10-04,Beso de Moza,Bocaditos,1.0,80,50
2023-10-04,Caramandugas,Bocaditos,0.25,300,250
2023-10-04,Rosquitas,Bocaditos,0.25,300,250
2023-10-05,Pan Chabatta,Panes,0.25,768,720
2023-10-05,Pan Francés,Panes,0.25,648,610
2023-10-05,Pan Yema Largo,Panes,0.25,360,320
2023-10-05,Pan Yema Redondo,Panes,0.25,360,320
2023-10-05,Pan Chapla,Panes,0.25,144,110
2023-10-05,Pan Coliza,Panes,0.25,192,170
2023-10-05,Pan Integral,Panes,0.25,144,110
2023-10-05,Pan Caracol,Panes,0.25,144,110
2023-10-05,Pan Hamburguesa,Panes,0.4,288,240
2023-10-05,Cachito,Panes,0.25,144,110
2023-10-05,Pan Manjar,Panes,0.3,72,68
2023-10-05,Leche,Abarrotes,4.0,5,3
2023-10-05,Jamon,Abarrotes,2.5,6,3
2023-10-05,Café,Abarrotes,2.0,5,2
2023-10-05,Queso,Abarrotes,3.0,4,2
2023-10-05,Alfajores Pequeños,Bocaditos,0.25,200,150
2023-10-05,Alfajores Grandes,Bocaditos,1.0,100,75
2023-10-05,Galletas Pequeñas,Bocaditos,0.25,200,150
2023-10-05,Galletas Grandes,Bocaditos,1.0,300,290
2023-10-05,Cookie,Bocaditos,2.0,100,70
2023-10-05,Orejitas Pequeñas,Bocaditos,0.25,200,150
2023-10-05,Orejas Grandes,Bocaditos,1.0,100,70
2023-10-05,Beso de Moza,Bocaditos,1.0,80,50
2023-10-05,Caramandugas,Bocaditos,0.25,300,250
2023-10-05,Rosquitas,Bocaditos,0.25,300,250
2023-10-06,Pan Chabatta,Panes,0.25,768,720
2023-10-06,Pan Francés,Panes,0.25,648,610
2023-10-06,Pan Yema Largo,Panes,0.25,360,320
2023-10-06,Pan Yema Redondo,Panes,0.25,360,320
2023-10-06,Pan Chapla,Panes,0.25,144,110
2023-10-06,Pan Coliza,Panes,0.25,192,170
2023-10-06,Pan Integral,Panes,0.25,144,110
2023-10-06,Pan Caracol,Panes,0.25,144,110
2023-10-06,Pan Hamburguesa,Panes,0.4,288,240
2023-10-06,Cachito,Panes,0.25,144,110
2023-10-06,Pan Manjar,Panes,0.3,72,68
2023-10-06,Leche,Abarrotes,4.0,5,2
2023-10-06,Jamon,Abarrotes,2.5,6,3
2023-10-06,Café,Abarrotes,2.0,5,2
2023-10-06,Queso,Abarrotes,3.0,4,2
2023-10-06,Alfajores Pequeños,Bocaditos,0.25,200,150
2023-10-06,Alfajores Grandes,Bocaditos,1.0,100,75
2023-10-06,Galletas Pequeñas,Bocaditos,0.25,200,150
2023-10-06,Galletas Grandes,Bocaditos,1.0,300,290
2023-10-06,Cookie,Bocaditos,2.0,100,70
2023-10-06,Orejitas Pequeñas,Bocaditos,0.25,200,150
2023-10-06,Orejas Grandes,Bocaditos,1.0,100,70
2023-10-06,Beso de Moza,Bocaditos,1.0,80,50
2023-10-06,Caramandugas,Bocaditos,0.25,300,250
2023-10-06,Rosquitas,Bocaditos,0.25,300,250
2023-10-07,Pan Chabatta,Panes,0.25,768,737
2023-10-07,Pan Francés,Panes,0.25,648,613
2023-10-07,Pan Yema Largo,Panes,0.25,360,329
2023-10-07,Pan Yema Redondo,Panes,0.25,360,325
2023-10-07,Pan Chapla,Panes,0.25,144,120
2023-10-07,Pan Coliza,Panes,0.25,192,174
2023-10-07,Pan Integral,Panes,0.25,144,110
2023-10-07,Pan Caracol,Panes,0.25,144,120
2023-10-07,Pan Hamburguesa,Panes,0.4,288,241
2023-10-07,Cachito,Panes,0.25,144,111
2023-10-07,Pan Manjar,Panes,0.3,72,68
2023-10-07,Leche,Abarrotes,4.0,5,2
2023-10-07,Jamon,Abarrotes,2.5,6,4
2023-10-07,Café,Abarrotes,2.0,5,3
2023-10-07,Queso,Abarrotes,3.0,4,2
2023-10-07,Alfajores Pequeños,Bocaditos,0.25,200,161
2023-10-07,Alfajores Grandes,Bocaditos,1.0,100,77
2023-10-07,Galletas Pequeñas,Bocaditos,0.25,200,151
2023-10-07,Galletas Grandes,Bocaditos,1.0,300,294
2023-10-07,Cookie,Bocaditos,2.0,100,73
2023-10-07,Orejitas Pequeñas,Bocaditos,0.25,200,158
2023-10-07,Orejas Grandes,Bocaditos,1.0,100,74
2023-10-07,Beso de Moza,Bocaditos,1.0,80,57
2023-10-07,Caramandugas,Bocaditos,0.25,300,255
2023-10-07,Rosquitas,Bocaditos,0.25,300,255
2023-10-08,Pan Chabatta,Panes,0.25,768,725
2023-10-08,Pan Francés,Panes,0.25,648,611
2023-10-08,Pan Yema Largo,Panes,0.25,360,324
2023-10-08,Pan Yema Redondo,Panes,0.25,360,326
2023-10-08,Pan Chapla,Panes,0.25,144,117
2023-10-08,Pan Coliza,Panes,0.25,192,172
2023-10-08,Pan Integral,Panes,0.25,144,110
2023-10-08,Pan Caracol,Panes,0.25,144,110
2023-10-08,Pan Hamburguesa,Panes,0.4,288,245
2023-10-08,Cachito,Panes,0.25,144,117
2023-10-08,Pan Manjar,Panes,0.3,72,70
2023-10-08,Leche,Abarrotes,4.0,5,5
2023-10-08,Jamon,Abarrotes,2.5,6,4
2023-10-08,Café,Abarrotes,2.0,5,5
2023-10-08,Queso,Abarrotes,3.0,4,2
2023-10-08,Alfajores Pequeños,Bocaditos,0.25,200,150
2023-10-08,Alfajores Grandes,Bocaditos,1.0,100,77
2023-10-08,Galletas Pequeñas,Bocaditos,0.25,200,157
2023-10-08,Galletas Grandes,Bocaditos,1.0,300,293
2023-10-08,Cookie,Bocaditos,2.0,100,74
2023-10-08,Orejitas Pequeñas,Bocaditos,0.25,200,159
2023-10-08,Orejas Grandes,Bocaditos,1.0,100,74
2023-10-08,Beso de Moza,Bocaditos,1.0,80,57
2023-10-08,Caramandugas,Bocaditos,0.25,300,250
2023-10-08,Rosquitas,Bocaditos,0.25,300,259
2023-10-09,Pan Chabatta,Panes,0.25,768,720
2023-10-09,Pan Francés,Panes,0.25,648,610
2023-10-09,Pan Yema Largo,Panes,0.25,360,320
2023-10-09,Pan Yema Redondo,Panes,0.25,360,320
2023-10-09,Pan Chapla,Panes,0.25,144,110
2023-10-09,Pan Coliza,Panes,0.25,192,170
2023-10-09,Pan Integral,Panes,0.25,144,110
2023-10-09,Pan Caracol,Panes,0.25,144,110
2023-10-09,Pan Hamburguesa,Panes,0.4,288,240
2023-10-09,Cachito,Panes,0.25,144,110
2023-10-09,Pan Manjar,Panes,0.3,72,68
2023-10-09,Leche,Abarrotes,4.0,5,2
2023-10-09,Jamon,Abarrotes,2.5,6,3
2023-10-09,Café,Abarrotes,2.0,5,2
2023-10-09,Queso,Abarrotes,3.0,4,3
2023-10-09,Alfajores Pequeños,Bocaditos,0.25,200,150
2023-10-09,Alfajores Grandes,Bocaditos,1.0,100,75
2023-10-09,Galletas Pequeñas,Bocaditos,0.25,200,150
2023-10-09,Galletas Grandes,Bocaditos,1.0,300,290
2023-10-09,Cookie,Bocaditos,2.0,100,70
2023-10-09,Orejitas Pequeñas,Bocaditos,0.25,200,150
2023-10-09,Orejas Grandes,Bocaditos,1.0,100,70
2023-10-09,Beso de Moza,Bocaditos,1.0,80,50
2023-10-09,Caramandugas,Bocaditos,0.25,300,250
2023-10-09,Rosquitas,Bocaditos,0.25,300,250
2023-10-10,Pan Chabatta,Panes,0.25,768,720
2023-10-10,Pan Francés,Panes,0.25,648,610
2023-10-10,Pan Yema Largo,Panes,0.25,360,320
2023-10-10,Pan Yema Redondo,Panes,0.25,360,320
2023-10-10,Pan Chapla,Panes,0.25,144,110
2023-10-10,Pan Coliza,Panes,0.25,192,170
2023-10-10,Pan Integral,Panes,0.25,144,110
2023-10-10,Pan Caracol,Panes,0.25,144,110
2023-10-10,Pan Hamburguesa,Panes,0.4,288,240
2023-10-10,Cachito,Panes,0.25,144,110
2023-10-10,Pan Manjar,Panes,0.3,72,68
2023-10-10,Leche,Abarrotes,4.0,5,2
2023-10-10,Jamon,Abarrotes,2.5,6,4
2023-10-10,Café,Abarrotes,2.0,5,2
2023-10-10,Queso,Abarrotes,3.0,4,3
2023-10-10,Alfajores Pequeños,Bocaditos,0.25,200,150
2023-10-10,Alfajores Grandes,Bocaditos,1.0,100,75
2023-10-10,Galletas Pequeñas,Bocaditos,0.25,200,150
2023-10-10,Galletas Grandes,Bocaditos,1.0,300,290
2023-10-10,Cookie,Bocaditos,2.0,100,70
2023-10-10,Orejitas Pequeñas,Bocaditos,0.25,200,150
2023-10-10,Orejas Grandes,Bocaditos,1.0,100,70
2023-10-10,Beso de Moza,Bocaditos,1.0,80,50
2023-10-10,Caramandugas,Bocaditos,0.25,300,250
2023-10-10,Rosquitas,Bocaditos,0.25,300,250
2023-10-11,Pan Chabatta,Panes,0.25,768,720
2023-10-11,Pan Francés,Panes,0.25,648,610
2023-10-11,Pan Yema Largo,Panes,0.25,360,320
2023-10-11,Pan Yema Redondo,Panes,0.25,360,320
2023-10-11,Pan Chapla,Panes,0.25,144,110
2023-10-11,Pan Coliza,Panes,0.25,192,170
2023-10-11,Pan Integral,Panes,0.25,144,110
2023-10-11,Pan Caracol,Panes,0.25,144,110
2023-10-11,Pan Hamburguesa,Panes,0.4,288,240
2023-10-11,Cachito,Panes,0.25,144,110
2023-10-11,Pan Manjar,Panes,0.3,72,68
2023-10-11,Leche,Abarrotes,4.0,5,3
2023-10-11,Jamon,Abarrotes,2.5,6,4
2023-10-11,Café,Abarrotes,2.0,5,3
2023-10-11,Queso,Abarrotes,3.0,4,2
2023-10-11,Alfajores Pequeños,Bocaditos,0.25,200,150
2023-10-11,Alfajores Grandes,Bocaditos,1.0,100,75
2023-10-11,Galletas Pequeñas,Bocaditos,0.25,200,150
2023-10-11,Galletas Grandes,Bocaditos,1.0,300,290
2023-10-11,Cookie,Bocaditos,2.0,100,70
2023-10-11,Orejitas Pequeñas,Bocaditos,0.25,200,150
2023-10-11,Orejas Grandes,Bocaditos,1.0,100,70
2023-10-11,Beso de Moza,Bocaditos,1.0,80,50
2023-10-11,Caramandugas,Bocaditos,0.25,300,250
2023-10-11,Rosquitas,Bocaditos,0.25,300,250
2023-10-12,Pan Chabatta,Panes,0.25,768,720
2023-10-12,Pan Francés,Panes,0.25,648,610
2023-10-12,Pan Yema Largo,Panes,0.25,360,320
2023-10-12,Pan Yema Redondo,Panes,0.25,360,320
2023-10-12,Pan Chapla,Panes,0.25,144,110
2023-10-12,Pan Coliza,Panes,0.25,192,170
2023-10-12,Pan Integral,Panes,0.25,144,110
2023-10-12,Pan Caracol,Panes,0.25,144,110
2023-10-12,Pan Hamburguesa,Panes,0.4,288,240
2023-10-12,Cachito,Panes,0.25,144,110
2023-10-12,Pan Manjar,Panes,0.3,72,68
2023-10-12,Leche,Abarrotes,4.0,5,2
2023-10-12,Jamon,Abarrotes,2.5,6,4
2023-10-12,Café,Abarrotes,2.0,5,2
2023-10-12,Queso,Abarrotes,3.0,4,2
2023-10-12,Alfajores Pequeños,Bocaditos,0.25,200,150
2023-10-12,Alfajores Grandes,Bocaditos,1.0,100,75
2023-10-12,Galletas Pequeñas,Bocaditos,0.25,200,150
2023-10-12,Galletas Grandes,Bocaditos,1.0,300,290
2023-10-12,Cookie,Bocaditos,2.0,100,70
2023-10-12,Orejitas Pequeñas,Bocaditos,0.25,200,150
2023-10-12,Orejas Grandes,Bocaditos,1.0,100,70
2023-10-12,Beso de Moza,Bocaditos,1.0,80,50
2023-10-12,Caramandugas,Bocaditos,0.25,300,250
2023-10-12,Rosquitas,Bocaditos,0.25,300,250
2023-10-13,Pan Chabatta,Panes,0.25,768,720
2023-10-13,Pan Francés,Panes,0.25,648,610
2023-10-13,Pan Yema Largo,Panes,0.25,360,320
2023-10-13,Pan Yema Redondo,Panes,0.25,360,320
2023-10-13,Pan Chapla,Panes,0.25,144,110
2023-10-13,Pan Coliza,Panes,0.25,192,170
2023-10-13,Pan Integral,Panes,0.25,144,110
2023-10-13,Pan Caracol,Panes,0.25,144,110
2023-10-13,Pan Hamburguesa,Panes,0.4,288,240
2023-10-13,Cachito,Panes,0.25,144,110
2023-10-13,Pan Manjar,Panes,0.3,72,68
2023-10-13,Leche,Abarrotes,4.0,5,2
2023-10-13,Jamon,Abarrotes,2.5,6,3
2023-10-13,Café,Abarrotes,2.0,5,2
2023-10-13,Queso,Abarrotes,3.0,4,2
2023-10-13,Alfajores Pequeños,Bocaditos,0.25,200,150
2023-10-13,Alfajores Grandes,Bocaditos,1.0,100,75
2023-10-13,Galletas Pequeñas,Bocaditos,0.25,200,150
2023-10-13,Galletas Grandes,Bocaditos,1.0,300,290
2023-10-13,Cookie,Bocaditos,2.0,100,70
2023-10-13,Orejitas Pequeñas,Bocaditos,0.25,200,150
2023-10-13,Orejas Grandes,Bocaditos,1.0,100,70
2023-10-13,Beso de Moza,Bocaditos,1.0,80,51
2023-10-13,Caramandugas,Bocaditos,0.25,300,250
2023-10-13,Rosquitas,Bocaditos,0.25,300,250
2023-10-14,Pan Chabatta,Panes,0.25,768,725
2023-10-14,Pan Francés,Panes,0.25,648,611
2023-10-14,Pan Yema Largo,Panes,0.25,360,326
2023-10-14,Pan Yema Redondo,Panes,0.25,360,324
2023-10-14,Pan Chapla,Panes,0.25,144,111
2023-10-14,Pan Coliza,Panes,0.25,192,173
2023-10-14,Pan Integral,Panes,0.25,144,113
2023-10-14,Pan Caracol,Panes,0.25,144,112
2023-10-14,Pan Hamburguesa,Panes,0.4,288,246
2023-10-14,Cachito,Panes,0.25,144,112
2023-10-14,Pan Manjar,Panes,0.3,72,69
2023-10-14,Leche,Abarrotes,4.0,5,3
2023-10-14,Jamon,Abarrotes,2.5,6,4
2023-10-14,Café,Abarrotes,2.0,5,3
2023-10-14,Queso,Abarrotes,3.0,4,2
2023-10-14,Alfajores Pequeños,Bocaditos,0.25,200,159
2023-10-14,Alfajores Grandes,Bocaditos,1.0,100,78
2023-10-14,Galletas Pequeñas,Bocaditos,0.25,200,154
2023-10-14,Galletas Grandes,Bocaditos,1.0,300,290
2023-10-14,Cookie,Bocaditos,2.0,100,71
2023-10-14,Orejitas Pequeñas,Bocaditos,0.25,200,155
2023-10-14,Orejas Grandes,Bocaditos,1.0,100,73
2023-10-14,Beso de Moza,Bocaditos,1.0,80,55
2023-10-14,Caramandugas,Bocaditos,0.25,300,251
2023-10-14,Rosquitas,Bocaditos,0.25,300,252
2023-10-15,Pan Chabatta,Panes,0.25,768,722
2023-10-15,Pan Francés,Panes,0.25,648,621
2023-10-15,Pan Yema Largo,Panes,0.25,360,320
2023-10-15,Pan Yema Redondo,Panes,0.25,360,325
2023-10-15,Pan Chapla,Panes,0.25,144,111
2023-10-15,Pan Coliza,Panes,0.25,192,170
2023-10-15,Pan Integral,Panes,0.25,144,117
2023-10-15,Pan Caracol,Panes,0.25,144,110
2023-10-15,Pan Hamburguesa,Panes,0.4,288,241
2023-10-15,Cachito,Panes,0.25,144,111
2023-10-15,Pan Manjar,Panes,0.3,72,68
2023-10-15,Leche,Abarrotes,4.0,5,2
2023-10-15,Jamon,Abarrotes,2.5,6,4
2023-10-15,Café,Abarrotes,2.0,5,2
2023-10-15,Queso,Abarrotes,3.0,4,4
2023-10-15,Alfajores Pequeños,Bocaditos,0.25,200,157
2023-10-15,Alfajores Grandes,Bocaditos,1.0,100,77
2023-10-15,Galletas Pequeñas,Bocaditos,0.25,200,159
2023-10-15,Galletas Grandes,Bocaditos,1.0,300,292
2023-10-15,Cookie,Bocaditos,2.0,100,71
2023-10-15,Orejitas Pequeñas,Bocaditos,0.25,200,157
2023-10-15,Orejas Grandes,Bocaditos,1.0,100,74
2023-10-15,Beso de Moza,Bocaditos,1.0,80,59
2023-10-15,Caramandugas,Bocaditos,0.25,300,259
2023-10-15,Rosquitas,Bocaditos,0.25,300,258
2023-10-16,Pan Chabatta,Panes,0.25,768,720
2023-10-16,Pan Francés,Panes,0.25,648,610
2023-10-16,Pan Yema Largo,Panes,0.25,360,320
2023-10-16,Pan Yema Redondo,Panes,0.25,360,320
2023-10-16,Pan Chapla,Panes,0.25,144,110
2023-10-16,Pan Coliza,Panes,0.25,192,170
2023-10-16,Pan Integral,Panes,0.25,144,110
2023-10-16,Pan Caracol,Panes,0.25,144,110
2023-10-16,Pan Hamburguesa,Panes,0.4,288,240
2023-10-16,Cachito,Panes,0.25,144,110
2023-10-16,Pan Manjar,Panes,0.3,72,68
2023-10-16,Leche,Abarrotes,4.0,5,2
2023-10-16,Jamon,Abarrotes,2.5,6,3
2023-10-16,Café,Abarrotes,2.0,5,2
2023-10-16,Queso,Abarrotes,3.0,4,2
2023-10-16,Alfajores Pequeños,Bocaditos,0.25,200,150
2023-10-16,Alfajores Grandes,Bocaditos,1.0,100,75
2023-10-16,Galletas Pequeñas,Bocaditos,0.25,200,150
2023-10-16,Galletas Grandes,Bocaditos,1.0,300,290
2023-10-16,Cookie,Bocaditos,2.0,100,70
2023-10-16,Orejitas Pequeñas,Bocaditos,0.25,200,150
2023-10-16,Orejas Grandes,Bocaditos,1.0,100,70
2023-10-16,Beso de Moza,Bocaditos,1.0,80,50
2023-10-16,Caramandugas,Bocaditos,0.25,300,250
2023-10-16,Rosquitas,Bocaditos,0.25,300,250
2023-10-17,Pan Chabatta,Panes,0.25,768,720
2023-10-17,Pan Francés,Panes,0.25,648,610
2023-10-17,Pan Yema Largo,Panes,0.25,360,320
2023-10-17,Pan Yema Redondo,Panes,0.25,360,320
2023-10-17,Pan Chapla,Panes,0.25,144,110
2023-10-17,Pan Coliza,Panes,0.25,192,170
2023-10-17,Pan Integral,Panes,0.25,144,110
2023-10-17,Pan Caracol,Panes,0.25,144,110
2023-10-17,Pan Hamburguesa,Panes,0.4,288,240
2023-10-17,Cachito,Panes,0.25,144,110
2023-10-17,Pan Manjar,Panes,0.3,72,68
2023-10-17,Leche,Abarrotes,4.0,5,2
2023-10-17,Jamon,Abarrotes,2.5,6,3
2023-10-17,Café,Abarrotes,2.0,5,2
2023-10-17,Queso,Abarrotes,3.0,4,2
2023-10-17,Alfajores Pequeños,Bocaditos,0.25,200,150
2023-10-17,Alfajores Grandes,Bocaditos,1.0,100,75
2023-10-17,Galletas Pequeñas,Bocaditos,0.25,200,150
2023-10-17,Galletas Grandes,Bocaditos,1.0,300,290
2023-10-17,Cookie,Bocaditos,2.0,100,70
2023-10-17,Orejitas Pequeñas,Bocaditos,0.25,200,150
2023-10-17,Orejas Grandes,Bocaditos,1.0,100,70
2023-10-17,Beso de Moza,Bocaditos,1.0,80,50
2023-10-17,Caramandugas,Bocaditos,0.25,300,250
2023-10-17,Rosquitas,Bocaditos,0.25,300,250
2023-10-18,Pan Chabatta,Panes,0.25,768,720
2023-10-18,Pan Francés,Panes,0.25,648,610
2023-10-18,Pan Yema Largo,Panes,0.25,360,320
2023-10-18,Pan Yema Redondo,Panes,0.25,360,320
2023-10-18,Pan Chapla,Panes,0.25,144,110
2023-10-18,Pan Coliza,Panes,0.25,192,170
2023-10-18,Pan Integral,Panes,0.25,144,110
2023-10-18,Pan Caracol,Panes,0.25,144,110
2023-10-18,Pan Hamburguesa,Panes,0.4,288,240
2023-10-18,Cachito,Panes,0.25,144,110
2023-10-18,Pan Manjar,Panes,0.3,72,68
2023-10-18,Leche,Abarrotes,4.0,5,2
2023-10-18,Jamon,Abarrotes,2.5,6,3
2023-10-18,Café,Abarrotes,2.0,5,2
2023-10-18,Queso,Abarrotes,3.0,4,2
2023-10-18,Alfajores Pequeños,Bocaditos,0.25,200,150
2023-10-18,Alfajores Grandes,Bocaditos,1.0,100,75
2023-10-18,Galletas Pequeñas,Bocaditos,0.25,200,150
2023-10-18,Galletas Grandes,Bocaditos,1.0,300,290
2023-10-18,Cookie,Bocaditos,2.0,100,70
2023-10-18,Orejitas Pequeñas,Bocaditos,0.25,200,150
2023-10-18,Orejas Grandes,Bocaditos,1.0,100,70
2023-10-18,Beso de Moza,Bocaditos,1.0,80,50
2023-10-18,Caramandugas,Bocaditos,0.25,300,250
2023-10-18,Rosquitas,Bocaditos,0.25,300,250
2023-10-19,Pan Chabatta,Panes,0.25,768,720
2023-10-19,Pan Francés,Panes,0.25,648,610
2023-10-19,Pan Yema Largo,Panes,0.25,360,320
2023-10-19,Pan Yema Redondo,Panes,0.25,360,320
2023-10-19,Pan Chapla,Panes,0.25,144,110
2023-10-19,Pan Coliza,Panes,0.25,192,170
2023-10-19,Pan Integral,Panes,0.25,144,110
2023-10-19,Pan Caracol,Panes,0.25,144,110
2023-10-19,Pan Hamburguesa,Panes,0.4,288,240
2023-10-19,Cachito,Panes,0.25,144,110
2023-10-19,Pan Manjar,Panes,0.3,72,68
2023-10-19,Leche,Abarrotes,4.0,5,2
2023-10-19,Jamon,Abarrotes,2.5,6,3
2023-10-19,Café,Abarrotes,2.0,5,3
2023-10-19,Queso,Abarrotes,3.0,4,3
2023-10-19,Alfajores Pequeños,Bocaditos,0.25,200,150
2023-10-19,Alfajores Grandes,Bocaditos,1.0,100,75
2023-10-19,Galletas Pequeñas,Bocaditos,0.25,200,150
2023-10-19,Galletas Grandes,Bocaditos,1.0,300,290
2023-10-19,Cookie,Bocaditos,2.0,100,70
2023-10-19,Orejitas Pequeñas,Bocaditos,0.25,200,150
2023-10-19,Orejas Grandes,Bocaditos,1.0,100,70
2023-10-19,Beso de Moza,Bocaditos,1.0,80,50
2023-10-19,Caramandugas,Bocaditos,0.25,300,250
2023-10-19,Rosquitas,Bocaditos,0.25,300,250
2023-10-20,Pan Chabatta,Panes,0.25,768,720
2023-10-20,Pan Francés,Panes,0.25,648,610
2023-10-20,Pan Yema Largo,Panes,0.25,360,320
2023-10-20,Pan Yema Redondo,Panes,0.25,360,320
2023-10-20,Pan Chapla,Panes,0.25,144,110
2023-10-20,Pan Coliza,Panes,0.25,192,170
2023-10-20,Pan Integral,Panes,0.25,144,110
2023-10-20,Pan Caracol,Panes,0.25,144,110
2023-10-20,Pan Hamburguesa,Panes,0.4,288,240
2023-10-20,Cachito,Panes,0.25,144,110
2023-10-20,Pan Manjar,Panes,0.3,72,68
2023-10-20,Leche,Abarrotes,4.0,5,2
2023-10-20,Jamon,Abarrotes,2.5,6,5
2023-10-20,Café,Abarrotes,2.0,5,2
2023-10-20,Queso,Abarrotes,3.0,4,3
2023-10-20,Alfajores Pequeños,Bocaditos,0.25,200,150
2023-10-20,Alfajores Grandes,Bocaditos,1.0,100,75
2023-10-20,Galletas Pequeñas,Bocaditos,0.25,200,150
2023-10-20,Galletas Grandes,Bocaditos,1.0,300,290
2023-10-20,Cookie,Bocaditos,2.0,100,70
2023-10-20,Orejitas Pequeñas,Bocaditos,0.25,200,150
2023-10-20,Orejas Grandes,Bocaditos,1.0,100,70
2023-10-20,Beso de Moza,Bocaditos,1.0,80,50
2023-10-20,Caramandugas,Bocaditos,0.25,300,250
2023-10-20,Rosquitas,Bocaditos,0.25,300,250
2023-10-21,Pan Chabatta,Panes,0.25,768,736
2023-10-21,Pan Francés,Panes,0.25,648,617
2023-10-21,Pan Yema Largo,Panes,0.25,360,327
2023-10-21,Pan Yema Redondo,Panes,0.25,360,325
2023-10-21,Pan Chapla,Panes,0.25,144,118
2023-10-21,Pan Coliza,Panes,0.25,192,173
2023-10-21,Pan Integral,Panes,0.25,144,113
2023-10-21,Pan Caracol,Panes,0.25,144,113
2023-10-21,Pan Hamburguesa,Panes,0.4,288,250
2023-10-21,Cachito,Panes,0.25,144,117
2023-10-21,Pan Manjar,Panes,0.3,72,71
2023-10-21,Leche,Abarrotes,4.0,5,3
2023-10-21,Jamon,Abarrotes,2.5,6,4
2023-10-21,Café,Abarrotes,2.0,5,3
2023-10-21,Queso,Abarrotes,3.0,4,3
2023-10-21,Alfajores Pequeños,Bocaditos,0.25,200,157
2023-10-21,Alfajores Grandes,Bocaditos,1.0,100,80
2023-10-21,Galletas Pequeñas,Bocaditos,0.25,200,156
2023-10-21,Galletas Grandes,Bocaditos,1.0,300,296
2023-10-21,Cookie,Bocaditos,2.0,100,70
2023-10-21,Orejitas Pequeñas,Bocaditos,0.25,200,152
2023-10-21,Orejas Grandes,Bocaditos,1.0,100,70
2023-10-21,Beso de Moza,Bocaditos,1.0,80,56
2023-10-21,Caramandugas,Bocaditos,0.25,300,254
2023-10-21,Rosquitas,Bocaditos,0.25,300,254
2023-10-22,Pan Chabatta,Panes,0.25,768,720
2023-10-22,Pan Francés,Panes,0.25,648,612
2023-10-22,Pan Yema Largo,Panes,0.25,360,320
2023-10-22,Pan Yema Redondo,Panes,0.25,360,327
2023-10-22,Pan Chapla,Panes,0.25,144,119
2023-10-22,Pan Coliza,Panes,0.25,192,174
2023-10-22,Pan Integral,Panes,0.25,144,120
2023-10-22,Pan Caracol,Panes,0.25,144,111
2023-10-22,Pan Hamburguesa,Panes,0.4,288,250
2023-10-22,Cachito,Panes,0.25,144,117
2023-10-22,Pan Manjar,Panes,0.3,72,70
2023-10-22,Leche,Abarrotes,4.0,5,2
2023-10-22,Jamon,Abarrotes,2.5,6,4
2023-10-22,Café,Abarrotes,2.0,5,4
2023-10-22,Queso,Abarrotes,3.0,4,2
2023-10-22,Alfajores Pequeños,Bocaditos,0.25,200,157
2023-10-22,Alfajores Grandes,Bocaditos,1.0,100,78
2023-10-22,Galletas Pequeñas,Bocaditos,0.25,200,157
2023-10-22,Galletas Grandes,Bocaditos,1.0,300,292
2023-10-22,Cookie,Bocaditos,2.0,100,74
2023-10-22,Orejitas Pequeñas,Bocaditos,0.25,200,158
2023-10-22,Orejas Grandes,Bocaditos,1.0,100,74
2023-10-22,Beso de Moza,Bocaditos,1.0,80,60
2023-10-22,Caramandugas,Bocaditos,0.25,300,258
2023-10-22,Rosquitas,Bocaditos,0.25,300,259
2023-10-23,Pan Chabatta,Panes,0.25,768,720
2023-10-23,Pan Francés,Panes,0.25,648,610
2023-10-23,Pan Yema Largo,Panes,0.25,360,320
2023-10-23,Pan Yema Redondo,Panes,0.25,360,320
2023-10-23,Pan Chapla,Panes,0.25,144,110
2023-10-23,Pan Coliza,Panes,0.25,192,170
2023-10-23,Pan Integral,Panes,0.25,144,110
2023-10-23,Pan Caracol,Panes,0.25,144,110
2023-10-23,Pan Hamburguesa,Panes,0.4,288,240
2023-10-23,Cachito,Panes,0.25,144,110
2023-10-23,Pan Manjar,Panes,0.3,72,68
2023-10-23,Leche,Abarrotes,4.0,5,2
2023-10-23,Jamon,Abarrotes,2.5,6,3
2023-10-23,Café,Abarrotes,2.0,5,2
2023-10-23,Queso,Abarrotes,3.0,4,2
2023-10-23,Alfajores Pequeños,Bocaditos,0.25,200,150
2023-10-23,Alfajores Grandes,Bocaditos,1.0,100,75
2023-10-23,Galletas Pequeñas,Bocaditos,0.25,200,150
2023-10-23,Galletas Grandes,Bocaditos,1.0,300,290
2023-10-23,Cookie,Bocaditos,2.0,100,70
2023-10-23,Orejitas Pequeñas,Bocaditos,0.25,200,150
2023-10-23,Orejas Grandes,Bocaditos,1.0,100,70
2023-10-23,Beso de Moza,Bocaditos,1.0,80,50
2023-10-23,Caramandugas,Bocaditos,0.25,300,250
2023-10-23,Rosquitas,Bocaditos,0.25,300,250
2023-10-24,Pan Chabatta,Panes,0.25,768,720
2023-10-24,Pan Francés,Panes,0.25,648,610
2023-10-24,Pan Yema Largo,Panes,0.25,360,320
2023-10-24,Pan Yema Redondo,Panes,0.25,360,320
2023-10-24,Pan Chapla,Panes,0.25,144,110
2023-10-24,Pan Coliza,Panes,0.25,192,170
2023-10-24,Pan Integral,Panes,0.25,144,110
2023-10-24,Pan Caracol,Panes,0.25,144,110
2023-10-24,Pan Hamburguesa,Panes,0.4,288,240
2023-10-24,Cachito,Panes,0.25,144,110
2023-10-24,Pan Manjar,Panes,0.3,72,68
2023-10-24,Leche,Abarrotes,4.0,5,2
2023-10-24,Jamon,Abarrotes,2.5,6,4
2023-10-24,Café,Abarrotes,2.0,5,2
2023-10-24,Queso,Abarrotes,3.0,4,2
2023-10-24,Alfajores Pequeños,Bocaditos,0.25,200,150
2023-10-24,Alfajores Grandes,Bocaditos,1.0,100,75
2023-10-24,Galletas Pequeñas,Bocaditos,0.25,200,150
2023-10-24,Galletas Grandes,Bocaditos,1.0,300,290
2023-10-24,Cookie,Bocaditos,2.0,100,70
2023-10-24,Orejitas Pequeñas,Bocaditos,0.25,200,150
2023-10-24,Orejas Grandes,Bocaditos,1.0,100,70
2023-10-24,Beso de Moza,Bocaditos,1.0,80,50
2023-10-24,Caramandugas,Bocaditos,0.25,300,250
2023-10-24,Rosquitas,Bocaditos,0.25,300,250
2023-10-25,Pan Chabatta,Panes,0.25,768,720
2023-10-25,Pan Francés,Panes,0.25,648,610
2023-10-25,Pan Yema Largo,Panes,0.25,360,320
2023-10-25,Pan Yema Redondo,Panes,0.25,360,320
2023-10-25,Pan Chapla,Panes,0.25,144,110
2023-10-25,Pan Coliza,Panes,0.25,192,170
2023-10-25,Pan Integral,Panes,0.25,144,110
2023-10-25,Pan Caracol,Panes,0.25,144,110
2023-10-25,Pan Hamburguesa,Panes,0.4,288,240
2023-10-25,Cachito,Panes,0.25,144,110
2023-10-25,Pan Manjar,Panes,0.3,72,68
2023-10-25,Leche,Abarrotes,4.0,5,4
2023-10-25,Jamon,Abarrotes,2.5,6,3
2023-10-25,Café,Abarrotes,2.0,5,3
2023-10-25,Queso,Abarrotes,3.0,4,3
2023-10-25,Alfajores Pequeños,Bocaditos,0.25,200,150
2023-10-25,Alfajores Grandes,Bocaditos,1.0,100,75
2023-10-25,Galletas Pequeñas,Bocaditos,0.25,200,150
2023-10-25,Galletas Grandes,Bocaditos,1.0,300,290
2023-10-25,Cookie,Bocaditos,2.0,100,70
2023-10-25,Orejitas Pequeñas,Bocaditos,0.25,200,150
2023-10-25,Orejas Grandes,Bocaditos,1.0,100,70
2023-10-25,Beso de Moza,Bocaditos,1.0,80,50
2023-10-25,Caramandugas,Bocaditos,0.25,300,250
2023-10-25,Rosquitas,Bocaditos,0.25,300,250
2023-10-26,Pan Chabatta,Panes,0.25,768,720
2023-10-26,Pan Francés,Panes,0.25,648,610
2023-10-26,Pan Yema Largo,Panes,0.25,360,320
2023-10-26,Pan Yema Redondo,Panes,0.25,360,320
2023-10-26,Pan Chapla,Panes,0.25,144,110
2023-10-26,Pan Coliza,Panes,0.25,192,170
2023-10-26,Pan Integral,Panes,0.25,144,110
2023-10-26,Pan Caracol,Panes,0.25,144,110
2023-10-26,Pan Hamburguesa,Panes,0.4,288,240
2023-10-26,Cachito,Panes,0.25,144,110
2023-10-26,Pan Manjar,Panes,0.3,72,68
2023-10-26,Leche,Abarrotes,4.0,5,2
2023-10-26,Jamon,Abarrotes,2.5,6,4
2023-10-26,Café,Abarrotes,2.0,5,2
2023-10-26,Queso,Abarrotes,3.0,4,3
2023-10-26,Alfajores Pequeños,Bocaditos,0.25,200,150
2023-10-26,Alfajores Grandes,Bocaditos,1.0,100,75
2023-10-26,Galletas Pequeñas,Bocaditos,0.25,200,150
2023-10-26,Galletas Grandes,Bocaditos,1.0,300,290
2023-10-26,Cookie,Bocaditos,2.0,100,70
2023-10-26,Orejitas Pequeñas,Bocaditos,0.25,200,150
2023-10-26,Orejas Grandes,Bocaditos,1.0,100,70
2023-10-26,Beso de Moza,Bocaditos,1.0,80,50
2023-10-26,Caramandugas,Bocaditos,0.25,300,250
2023-10-26,Rosquitas,Bocaditos,0.25,300,250
2023-10-27,Pan Chabatta,Panes,0.25,768,720
2023-10-27,Pan Francés,Panes,0.25,648,610
2023-10-27,Pan Yema Largo,Panes,0.25,360,320
2023-10-27,Pan Yema Redondo,Panes,0.25,360,320
2023-10-27,Pan Chapla,Panes,0.25,144,110
2023-10-27,Pan Coliza,Panes,0.25,192,170
2023-10-27,Pan Integral,Panes,0.25,144,110
2023-10-27,Pan Caracol,Panes,0.25,144,110
2023-10-27,Pan Hamburguesa,Panes,0.4,288,240
2023-10-27,Cachito,Panes,0.25,144,110
2023-10-27,Pan Manjar,Panes,0.3,72,68
2023-10-27,Leche,Abarrotes,4.0,5,2
2023-10-27,Jamon,Abarrotes,2.5,6,5
2023-10-27,Café,Abarrotes,2.0,5,2
2023-10-27,Queso,Abarrotes,3.0,4,2
2023-10-27,Alfajores Pequeños,Bocaditos,0.25,200,150
2023-10-27,Alfajores Grandes,Bocaditos,1.0,100,75
2023-10-27,Galletas Pequeñas,Bocaditos,0.25,200,150
2023-10-27,Galletas Grandes,Bocaditos,1.0,300,290
2023-10-27,Cookie,Bocaditos,2.0,100,70
2023-10-27,Orejitas Pequeñas,Bocaditos,0.25,200,150
2023-10-27,Orejas Grandes,Bocaditos,1.0,100,70
2023-10-27,Beso de Moza,Bocaditos,1.0,80,53
2023-10-27,Caramandugas,Bocaditos,0.25,300,250
2023-10-27,Rosquitas,Bocaditos,0.25,300,250
2023-10-28,Pan Chabatta,Panes,0.25,768,737
2023-10-28,Pan Francés,Panes,0.25,648,614
2023-10-28,Pan Yema Largo,Panes,0.25,360,321
2023-10-28,Pan Yema Redondo,Panes,0.25,360,329
2023-10-28,Pan Chapla,Panes,0.25,144,119
2023-10-28,Pan Coliza,Panes,0.25,192,171
2023-10-28,Pan Integral,Panes,0.25,144,116
2023-10-28,Pan Caracol,Panes,0.25,144,115
2023-10-28,Pan Hamburguesa,Panes,0.4,288,241
2023-10-28,Cachito,Panes,0.25,144,118
2023-10-28,Pan Manjar,Panes,0.3,72,71
2023-10-28,Leche,Abarrotes,4.0,5,5
2023-10-28,Jamon,Abarrotes,2.5,6,5
2023-10-28,Café,Abarrotes,2.0,5,2
2023-10-28,Queso,Abarrotes,3.0,4,3
2023-10-28,Alfajores Pequeños,Bocaditos,0.25,200,153
2023-10-28,Alfajores Grandes,Bocaditos,1.0,100,77
2023-10-28,Galletas Pequeñas,Bocaditos,0.25,200,153
2023-10-28,Galletas Grandes,Bocaditos,1.0,300,290
2023-10-28,Cookie,Bocaditos,2.0,100,75
2023-10-28,Orejitas Pequeñas,Bocaditos,0.25,200,157
2023-10-28,Orejas Grandes,Bocaditos,1.0,100,73
2023-10-28,Beso de Moza,Bocaditos,1.0,80,57
2023-10-28,Caramandugas,Bocaditos,0.25,300,251
2023-10-28,Rosquitas,Bocaditos,0.25,300,253
2023-10-29,Pan Chabatta,Panes,0.25,768,729
2023-10-29,Pan Francés,Panes,0.25,648,618
2023-10-29,Pan Yema Largo,Panes,0.25,360,322
2023-10-29,Pan Yema Redondo,Panes,0.25,360,330
2023-10-29,Pan Chapla,Panes,0.25,144,114
2023-10-29,Pan Coliza,Panes,0.25,192,174
2023-10-29,Pan Integral,Panes,0.25,144,117
2023-10-29,Pan Caracol,Panes,0.25,144,112
2023-10-29,Pan Hamburguesa,Panes,0.4,288,246
2023-10-29,Cachito,Panes,0.25,144,113
2023-10-29,Pan Manjar,Panes,0.3,72,71
2023-10-29,Leche,Abarrotes,4.0,5,3
2023-10-29,Jamon,Abarrotes,2.5,6,5
2023-10-29,Café,Abarrotes,2.0,5,2
2023-10-29,Queso,Abarrotes,3.0,4,3
2023-10-29,Alfajores Pequeños,Bocaditos,0.25,200,160
2023-10-29,Alfajores Grandes,Bocaditos,1.0,100,75
2023-10-29,Galletas Pequeñas,Bocaditos,0.25,200,154
2023-10-29,Galletas Grandes,Bocaditos,1.0,300,291
2023-10-29,Cookie,Bocaditos,2.0,100,72
2023-10-29,Orejitas Pequeñas,Bocaditos,0.25,200,159
2023-10-29,Orejas Grandes,Bocaditos,1.0,100,74
2023-10-29,Beso de Moza,Bocaditos,1.0,80,51
2023-10-29,Caramandugas,Bocaditos,0.25,300,255
2023-10-29,Rosquitas,Bocaditos,0.25,300,258
2023-10-30,Pan Chabatta,Panes,0.25,768,720
2023-10-30,Pan Francés,Panes,0.25,648,610
2023-10-30,Pan Yema Largo,Panes,0.25,360,320
2023-10-30,Pan Yema Redondo,Panes,0.25,360,320
2023-10-30,Pan Chapla,Panes,0.25,144,110
2023-10-30,Pan Coliza,Panes,0.25,192,170
2023-10-30,Pan Integral,Panes,0.25,144,110
2023-10-30,Pan Caracol,Panes,0.25,144,110
2023-10-30,Pan Hamburguesa,Panes,0.4,288,240
2023-10-30,Cachito,Panes,0.25,144,110
2023-10-30,Pan Manjar,Panes,0.3,72,68
2023-10-30,Leche,Abarrotes,4.0,5,2
2023-10-30,Jamon,Abarrotes,2.5,6,3
2023-10-30,Café,Abarrotes,2.0,5,3
2023-10-30,Queso,Abarrotes,3.0,4,2
2023-10-30,Alfajores Pequeños,Bocaditos,0.25,200,150
2023-10-30,Alfajores Grandes,Bocaditos,1.0,100,75
2023-10-30,Galletas Pequeñas,Bocaditos,0.25,200,150
2023-10-30,Galletas Grandes,Bocaditos,1.0,300,290
2023-10-30,Cookie,Bocaditos,2.0,100,70
2023-10-30,Orejitas Pequeñas,Bocaditos,0.25,200,150
2023-10-30,Orejas Grandes,Bocaditos,1.0,100,70
2023-10-30,Beso de Moza,Bocaditos,1.0,80,50
2023-10-30,Caramandugas,Bocaditos,0.25,300,250
2023-10-30,Rosquitas,Bocaditos,0.25,300,250
2023-10-31,Pan Chabatta,Panes,0.25,768,720
2023-10-31,Pan Francés,Panes,0.25,648,610
2023-10-31,Pan Yema Largo,Panes,0.25,360,320
2023-10-31,Pan Yema Redondo,Panes,0.25,360,320
2023-10-31,Pan Chapla,Panes,0.25,144,110
2023-10-31,Pan Coliza,Panes,0.25,192,170
2023-10-31,Pan Integral,Panes,0.25,144,110
2023-10-31,Pan Caracol,Panes,0.25,144,110
2023-10-31,Pan Hamburguesa,Panes,0.4,288,240
2023-10-31,Cachito,Panes,0.25,144,110
2023-10-31,Pan Manjar,Panes,0.3,72,68
2023-10-31,Leche,Abarrotes,4.0,5,4
2023-10-31,Jamon,Abarrotes,2.5,6,3
2023-10-31,Café,Abarrotes,2.0,5,2
2023-10-31,Queso,Abarrotes,3.0,4,2
2023-10-31,Alfajores Pequeños,Bocaditos,0.25,200,150
2023-10-31,Alfajores Grandes,Bocaditos,1.0,100,75
2023-10-31,Galletas Pequeñas,Bocaditos,0.25,200,150
2023-10-31,Galletas Grandes,Bocaditos,1.0,300,290
2023-10-31,Cookie,Bocaditos,2.0,100,70
2023-10-31,Orejitas Pequeñas,Bocaditos,0.25,200,150
2023-10-31,Orejas Grandes,Bocaditos,1.0,100,70
2023-10-31,Beso de Moza,Bocaditos,1.0,80,50
2023-10-31,Caramandugas,Bocaditos,0.25,300,250
2023-10-31,Rosquitas,Bocaditos,0.25,300,250
2023-11-01,Pan Chabatta,Panes,0.25,768,720
2023-11-01,Pan Francés,Panes,0.25,648,610
2023-11-01,Pan Yema Largo,Panes,0.25,360,320
2023-11-01,Pan Yema Redondo,Panes,0.25,360,320
2023-11-01,Pan Chapla,Panes,0.25,144,110
2023-11-01,Pan Coliza,Panes,0.25,192,170
2023-11-01,Pan Integral,Panes,0.25,144,110
2023-11-01,Pan Caracol,Panes,0.25,144,110
2023-11-01,Pan Hamburguesa,Panes,0.4,288,240
2023-11-01,Cachito,Panes,0.25,144,110
2023-11-01,Pan Manjar,Panes,0.3,72,68
2023-11-01,Leche,Abarrotes,4.0,5,2
2023-11-01,Jamon,Abarrotes,2.5,6,4
2023-11-01,Café,Abarrotes,2.0,5,2
2023-11-01,Queso,Abarrotes,3.0,4,2
2023-11-01,Alfajores Pequeños,Bocaditos,0.25,200,150
2023-11-01,Alfajores Grandes,Bocaditos,1.0,100,75
2023-11-01,Galletas Pequeñas,Bocaditos,0.25,200,150
2023-11-01,Galletas Grandes,Bocaditos,1.0,300,290
2023-11-01,Cookie,Bocaditos,2.0,100,70
2023-11-01,Orejitas Pequeñas,Bocaditos,0.25,200,150
2023-11-01,Orejas Grandes,Bocaditos,1.0,100,70
2023-11-01,Beso de Moza,Bocaditos,1.0,80,50
2023-11-01,Caramandugas,Bocaditos,0.25,300,250
2023-11-01,Rosquitas,Bocaditos,0.25,300,250
2023-11-02,Pan Chabatta,Panes,0.25,768,720
2023-11-02,Pan Francés,Panes,0.25,648,610
2023-11-02,Pan Yema Largo,Panes,0.25,360,320
2023-11-02,Pan Yema Redondo,Panes,0.25,360,320
2023-11-02,Pan Chapla,Panes,0.25,144,110
2023-11-02,Pan Coliza,Panes,0.25,192,170
2023-11-02,Pan Integral,Panes,0.25,144,110
2023-11-02,Pan Caracol,Panes,0.25,144,110
2023-11-02,Pan Hamburguesa,Panes,0.4,288,240
2023-11-02,Cachito,Panes,0.25,144,110
2023-11-02,Pan Manjar,Panes,0.3,72,68
2023-11-02,Leche,Abarrotes,4.0,5,2
2023-11-02,Jamon,Abarrotes,2.5,6,3
2023-11-02,Café,Abarrotes,2.0,5,2
2023-11-02,Queso,Abarrotes,3.0,4,2
2023-11-02,Alfajores Pequeños,Bocaditos,0.25,200,150
2023-11-02,Alfajores Grandes,Bocaditos,1.0,100,75
2023-11-02,Galletas Pequeñas,Bocaditos,0.25,200,150
2023-11-02,Galletas Grandes,Bocaditos,1.0,300,290
2023-11-02,Cookie,Bocaditos,2.0,100,70
2023-11-02,Orejitas Pequeñas,Bocaditos,0.25,200,150
2023-11-02,Orejas Grandes,Bocaditos,1.0,100,70
2023-11-02,Beso de Moza,Bocaditos,1.0,80,50
2023-11-02,Caramandugas,Bocaditos,0.25,300,250
2023-11-02,Rosquitas,Bocaditos,0.25,300,250
2023-11-03,Pan Chabatta,Panes,0.25,768,720
2023-11-03,Pan Francés,Panes,0.25,648,610
2023-11-03,Pan Yema Largo,Panes,0.25,360,320
2023-11-03,Pan Yema Redondo,Panes,0.25,360,320
2023-11-03,Pan Chapla,Panes,0.25,144,110
2023-11-03,Pan Coliza,Panes,0.25,192,170
2023-11-03,Pan Integral,Panes,0.25,144,110
2023-11-03,Pan Caracol,Panes,0.25,144,110
2023-11-03,Pan Hamburguesa,Panes,0.4,288,240
2023-11-03,Cachito,Panes,0.25,144,110
2023-11-03,Pan Manjar,Panes,0.3,72,68
2023-11-03,Leche,Abarrotes,4.0,5,2
2023-11-03,Jamon,Abarrotes,2.5,6,3
2023-11-03,Café,Abarrotes,2.0,5,2
2023-11-03,Queso,Abarrotes,3.0,4,2
2023-11-03,Alfajores Pequeños,Bocaditos,0.25,200,150
2023-11-03,Alfajores Grandes,Bocaditos,1.0,100,75
2023-11-03,Galletas Pequeñas,Bocaditos,0.25,200,150
2023-11-03,Galletas Grandes,Bocaditos,1.0,300,290
2023-11-03,Cookie,Bocaditos,2.0,100,70
2023-11-03,Orejitas Pequeñas,Bocaditos,0.25,200,150
2023-11-03,Orejas Grandes,Bocaditos,1.0,100,70
2023-11-03,Beso de Moza,Bocaditos,1.0,80,52
2023-11-03,Caramandugas,Bocaditos,0.25,300,250
2023-11-03,Rosquitas,Bocaditos,0.25,300,250
2023-11-04,Pan Chabatta,Panes,0.25,768,740
2023-11-04,Pan Francés,Panes,0.25,648,611
2023-11-04,Pan Yema Largo,Panes,0.25,360,331
2023-11-04,Pan Yema Redondo,Panes,0.25,360,328
2023-11-04,Pan Chapla,Panes,0.25,144,115
2023-11-04,Pan Coliza,Panes,0.25,192,171
2023-11-04,Pan Integral,Panes,0.25,144,113
2023-11-04,Pan Caracol,Panes,0.25,144,110
2023-11-04,Pan Hamburguesa,Panes,0.4,288,241
2023-11-04,Cachito,Panes,0.25,144,119
2023-11-04,Pan Manjar,Panes,0.3,72,70
2023-11-04,Leche,Abarrotes,4.0,5,2
2023-11-04,Jamon,Abarrotes,2.5,6,6
2023-11-04,Café,Abarrotes,2.0,5,3
2023-11-04,Queso,Abarrotes,3.0,4,3
2023-11-04,Alfajores Pequeños,Bocaditos,0.25,200,157
2023-11-04,Alfajores Grandes,Bocaditos,1.0,100,78
2023-11-04,Galletas Pequeñas,Bocaditos,0.25,200,157
2023-11-04,Galletas Grandes,Bocaditos,1.0,300,292
2023-11-04,Cookie,Bocaditos,2.0,100,74
2023-11-04,Orejitas Pequeñas,Bocaditos,0.25,200,151
2023-11-04,Orejas Grandes,Bocaditos,1.0,100,70
2023-11-04,Beso de Moza,Bocaditos,1.0,80,56
2023-11-04,Caramandugas,Bocaditos,0.25,300,259
2023-11-04,Rosquitas,Bocaditos,0.25,300,258
2023-11-05,Pan Chabatta,Panes,0.25,768,733
2023-11-05,Pan Francés,Panes,0.25,648,611
2023-11-05,Pan Yema Largo,Panes,0.25,360,329
2023-11-05,Pan Yema Redondo,Panes,0.25,360,329
2023-11-05,Pan Chapla,Panes,0.25,144,117
2023-11-05,Pan Coliza,Panes,0.25,192,174
2023-11-05,Pan Integral,Panes,0.25,144,119
2023-11-05,Pan Caracol,Panes,0.25,144,116
2023-11-05,Pan Hamburguesa,Panes,0.4,288,245
2023-11-05,Cachito,Panes,0.25,144,114
2023-11-05,Pan Manjar,Panes,0.3,72,68
2023-11-05,Leche,Abarrotes,4.0,5,4
2023-11-05,Jamon,Abarrotes,2.5,6,4
2023-11-05,Café,Abarrotes,2.0,5,2
2023-11-05,Queso,Abarrotes,3.0,4,3
2023-11-05,Alfajores Pequeños,Bocaditos,0.25,200,156
2023-11-05,Alfajores Grandes,Bocaditos,1.0,100,80
2023-11-05,Galletas Pequeñas,Bocaditos,0.25,200,157
2023-11-05,Galletas Grandes,Bocaditos,1.0,300,293
2023-11-05,Cookie,Bocaditos,2.0,100,76
2023-11-05,Orejitas Pequeñas,Bocaditos,0.25,200,154
2023-11-05,Orejas Grandes,Bocaditos,1.0,100,74
2023-11-05,Beso de Moza,Bocaditos,1.0,80,56
2023-11-05,Caramandugas,Bocaditos,0.25,300,257
2023-11-05,Rosquitas,Bocaditos,0.25,300,260
2023-11-06,Pan Chabatta,Panes,0.25,768,720
2023-11-06,Pan Francés,Panes,0.25,648,610
2023-11-06,Pan Yema Largo,Panes,0.25,360,320
2023-11-06,Pan Yema Redondo,Panes,0.25,360,320
2023-11-06,Pan Chapla,Panes,0.25,144,110
2023-11-06,Pan Coliza,Panes,0.25,192,170
2023-11-06,Pan Integral,Panes,0.25,144,110
2023-11-06,Pan Caracol,Panes,0.25,144,110
2023-11-06,Pan Hamburguesa,Panes,0.4,288,240
2023-11-06,Cachito,Panes,0.25,144,110
2023-11-06,Pan Manjar,Panes,0.3,72,68
2023-11-06,Leche,Abarrotes,4.0,5,2
2023-11-06,Jamon,Abarrotes,2.5,6,3
2023-11-06,Café,Abarrotes,2.0,5,2
2023-11-06,Queso,Abarrotes,3.0,4,2
2023-11-06,Alfajores Pequeños,Bocaditos,0.25,200,150
2023-11-06,Alfajores Grandes,Bocaditos,1.0,100,75
2023-11-06,Galletas Pequeñas,Bocaditos,0.25,200,150
2023-11-06,Galletas Grandes,Bocaditos,1.0,300,290
2023-11-06,Cookie,Bocaditos,2.0,100,70
2023-11-06,Orejitas Pequeñas,Bocaditos,0.25,200,150
2023-11-06,Orejas Grandes,Bocaditos,1.0,100,70
2023-11-06,Beso de Moza,Bocaditos,1.0,80,50
2023-11-06,Caramandugas,Bocaditos,0.25,300,250
2023-11-06,Rosquitas,Bocaditos,0.25,300,250
2023-11-07,Pan Chabatta,Panes,0.25,768,720
2023-11-07,Pan Francés,Panes,0.25,648,610
2023-11-07,Pan Yema Largo,Panes,0.25,360,320
2023-11-07,Pan Yema Redondo,Panes,0.25,360,320
2023-11-07,Pan Chapla,Panes,0.25,144,110
2023-11-07,Pan Coliza,Panes,0.25,192,170
2023-11-07,Pan Integral,Panes,0.25,144,110
2023-11-07,Pan Caracol,Panes,0.25,144,110
2023-11-07,Pan Hamburguesa,Panes,0.4,288,240
2023-11-07,Cachito,Panes,0.25,144,110
2023-11-07,Pan Manjar,Panes,0.3,72,68
2023-11-07,Leche,Abarrotes,4.0,5,2
2023-11-07,Jamon,Abarrotes,2.5,6,3
2023-11-07,Café,Abarrotes,2.0,5,2
2023-11-07,Queso,Abarrotes,3.0,4,2
2023-11-07,Alfajores Pequeños,Bocaditos,0.25,200,150
2023-11-07,Alfajores Grandes,Bocaditos,1.0,100,75
2023-11-07,Galletas Pequeñas,Bocaditos,0.25,200,150
2023-11-07,Galletas Grandes,Bocaditos,1.0,300,290
2023-11-07,Cookie,Bocaditos,2.0,100,70
2023-11-07,Orejitas Pequeñas,Bocaditos,0.25,200,150
2023-11-07,Orejas Grandes,Bocaditos,1.0,100,70
2023-11-07,Beso de Moza,Bocaditos,1.0,80,50
2023-11-07,Caramandugas,Bocaditos,0.25,300,250
2023-11-07,Rosquitas,Bocaditos,0.25,300,250
2023-11-08,Pan Chabatta,Panes,0.25,768,720
2023-11-08,Pan Francés,Panes,0.25,648,610
2023-11-08,Pan Yema Largo,Panes,0.25,360,320
2023-11-08,Pan Yema Redondo,Panes,0.25,360,320
2023-11-08,Pan Chapla,Panes,0.25,144,110
2023-11-08,Pan Coliza,Panes,0.25,192,170
2023-11-08,Pan Integral,Panes,0.25,144,110
2023-11-08,Pan Caracol,Panes,0.25,144,110
2023-11-08,Pan Hamburguesa,Panes,0.4,288,240
2023-11-08,Cachito,Panes,0.25,144,110
2023-11-08,Pan Manjar,Panes,0.3,72,68
2023-11-08,Leche,Abarrotes,4.0,5,3
2023-11-08,Jamon,Abarrotes,2.5,6,4
2023-11-08,Café,Abarrotes,2.0,5,4
2023-11-08,Queso,Abarrotes,3.0,4,2
2023-11-08,Alfajores Pequeños,Bocaditos,0.25,200,150
2023-11-08,Alfajores Grandes,Bocaditos,1.0,100,75
2023-11-08,Galletas Pequeñas,Bocaditos,0.25,200,150
2023-11-08,Galletas Grandes,Bocaditos,1.0,300,290
2023-11-08,Cookie,Bocaditos,2.0,100,70
2023-11-08,Orejitas Pequeñas,Bocaditos,0.25,200,150
2023-11-08,Orejas Grandes,Bocaditos,1.0,100,70
2023-11-08,Beso de Moza,Bocaditos,1.0,80,50
2023-11-08,Caramandugas,Bocaditos,0.25,300,250
2023-11-08,Rosquitas,Bocaditos,0.25,300,250
2023-11-09,Pan Chabatta,Panes,0.25,768,720
2023-11-09,Pan Francés,Panes,0.25,648,610
2023-11-09,Pan Yema Largo,Panes,0.25,360,320
2023-11-09,Pan Yema Redondo,Panes,0.25,360,320
2023-11-09,Pan Chapla,Panes,0.25,144,110
2023-11-09,Pan Coliza,Panes,0.25,192,170
2023-11-09,Pan Integral,Panes,0.25,144,110
2023-11-09,Pan Caracol,Panes,0.25,144,110
2023-11-09,Pan Hamburguesa,Panes,0.4,288,240
2023-11-09,Cachito,Panes,0.25,144,110
2023-11-09,Pan Manjar,Panes,0.3,72,68
2023-11-09,Leche,Abarrotes,4.0,5,3
2023-11-09,Jamon,Abarrotes,2.5,6,3
2023-11-09,Café,Abarrotes,2.0,5,3
2023-11-09,Queso,Abarrotes,3.0,4,2
2023-11-09,Alfajores Pequeños,Bocaditos,0.25,200,150
2023-11-09,Alfajores Grandes,Bocaditos,1.0,100,75
2023-11-09,Galletas Pequeñas,Bocaditos,0.25,200,150
2023-11-09,Galletas Grandes,Bocaditos,1.0,300,290
2023-11-09,Cookie,Bocaditos,2.0,100,70
2023-11-09,Orejitas Pequeñas,Bocaditos,0.25,200,150
2023-11-09,Orejas Grandes,Bocaditos,1.0,100,70
2023-11-09,Beso de Moza,Bocaditos,1.0,80,50
2023-11-09,Caramandugas,Bocaditos,0.25,300,250
2023-11-09,Rosquitas,Bocaditos,0.25,300,250
2023-11-10,Pan Chabatta,Panes,0.25,768,720
2023-11-10,Pan Francés,Panes,0.25,648,610
2023-11-10,Pan Yema Largo,Panes,0.25,360,320
2023-11-10,Pan Yema Redondo,Panes,0.25,360,320
2023-11-10,Pan Chapla,Panes,0.25,144,110
2023-11-10,Pan Coliza,Panes,0.25,192,170
2023-11-10,Pan Integral,Panes,0.25,144,110
2023-11-10,Pan Caracol,Panes,0.25,144,110
2023-11-10,Pan Hamburguesa,Panes,0.4,288,240
2023-11-10,Cachito,Panes,0.25,144,110
2023-11-10,Pan Manjar,Panes,0.3,72,68
2023-11-10,Leche,Abarrotes,4.0,5,3
2023-11-10,Jamon,Abarrotes,2.5,6,3
2023-11-10,Café,Abarrotes,2.0,5,2
2023-11-10,Queso,Abarrotes,3.0,4,2
2023-11-10,Alfajores Pequeños,Bocaditos,0.25,200,150
2023-11-10,Alfajores Grandes,Bocaditos,1.0,100,75
2023-11-10,Galletas Pequeñas,Bocaditos,0.25,200,150
2023-11-10,Galletas Grandes,Bocaditos,1.0,300,290
2023-11-10,Cookie,Bocaditos,2.0,100,70
2023-11-10,Orejitas Pequeñas,Bocaditos,0.25,200,150
2023-11-10,Orejas Grandes,Bocaditos,1.0,100,70
2023-11-10,Beso de Moza,Bocaditos,1.0,80,50
2023-11-10,Caramandugas,Bocaditos,0.25,300,250
2023-11-10,Rosquitas,Bocaditos,0.25,300,250
2023-11-11,Pan Chabatta,Panes,0.25,768,723
2023-11-11,Pan Francés,Panes,0.25,648,613
2023-11-11,Pan Yema Largo,Panes,0.25,360,325
2023-11-11,Pan Yema Redondo,Panes,0.25,360,329
2023-11-11,Pan Chapla,Panes,0.25,144,111
2023-11-11,Pan Coliza,Panes,0.25,192,171
2023-11-11,Pan Integral,Panes,0.25,144,113
2023-11-11,Pan Caracol,Panes,0.25,144,115
2023-11-11,Pan Hamburguesa,Panes,0.4,288,240
2023-11-11,Cachito,Panes,0.25,144,114
2023-11-11,Pan Manjar,Panes,0.3,72,69
2023-11-11,Leche,Abarrotes,4.0,5,2
2023-11-11,Jamon,Abarrotes,2.5,6,5
2023-11-11,Café,Abarrotes,2.0,5,3
2023-11-11,Queso,Abarrotes,3.0,4,3
2023-11-11,Alfajores Pequeños,Bocaditos,0.25,200,152
2023-11-11,Alfajores Grandes,Bocaditos,1.0,100,77
2023-11-11,Galletas Pequeñas,Bocaditos,0.25,200,158
2023-11-11,Galletas Grandes,Bocaditos,1.0,300,291
2023-11-11,Cookie,Bocaditos,2.0,100,76
2023-11-11,Orejitas Pequeñas,Bocaditos,0.25,200,156
2023-11-11,Orejas Grandes,Bocaditos,1.0,100,71
2023-11-11,Beso de Moza,Bocaditos,1.0,80,54
2023-11-11,Caramandugas,Bocaditos,0.25,300,253
2023-11-11,Rosquitas,Bocaditos,0.25,300,257
2023-11-12,Pan Chabatta,Panes,0.25,768,724
2023-11-12,Pan Francés,Panes,0.25,648,618
2023-11-12,Pan Yema Largo,Panes,0.25,360,327
2023-11-12,Pan Yema Redondo,Panes,0.25,360,329
2023-11-12,Pan Chapla,Panes,0.25,144,120
2023-11-12,Pan Coliza,Panes,0.25,192,173
2023-11-12,Pan Integral,Panes,0.25,144,120
2023-11-12,Pan Caracol,Panes,0.25,144,114
2023-11-12,Pan Hamburguesa,Panes,0.4,288,249
2023-11-12,Cachito,Panes,0.25,144,111
2023-11-12,Pan Manjar,Panes,0.3,72,70
2023-11-12,Leche,Abarrotes,4.0,5,4
2023-11-12,Jamon,Abarrotes,2.5,6,6
2023-11-12,Café,Abarrotes,2.0,5,2
2023-11-12,Queso,Abarrotes,3.0,4,3
2023-11-12,Alfajores Pequeños,Bocaditos,0.25,200,160
2023-11-12,Alfajores Grandes,Bocaditos,1.0,100,81
2023-11-12,Galletas Pequeñas,Bocaditos,0.25,200,154
2023-11-12,Galletas Grandes,Bocaditos,1.0,300,296
2023-11-12,Cookie,Bocaditos,2.0,100,75
2023-11-12,Orejitas Pequeñas,Bocaditos,0.25,200,154
2023-11-12,Orejas Grandes,Bocaditos,1.0,100,72
2023-11-12,Beso de Moza,Bocaditos,1.0,80,50
2023-11-12,Caramandugas,Bocaditos,0.25,300,254
2023-11-12,Rosquitas,Bocaditos,0.25,300,257
2023-11-13,Pan Chabatta,Panes,0.25,768,720
2023-11-13,Pan Francés,Panes,0.25,648,610
2023-11-13,Pan Yema Largo,Panes,0.25,360,320
2023-11-13,Pan Yema Redondo,Panes,0.25,360,320
2023-11-13,Pan Chapla,Panes,0.25,144,110
2023-11-13,Pan Coliza,Panes,0.25,192,170
2023-11-13,Pan Integral,Panes,0.25,144,110
2023-11-13,Pan Caracol,Panes,0.25,144,110
2023-11-13,Pan Hamburguesa,Panes,0.4,288,240
2023-11-13,Cachito,Panes,0.25,144,110
2023-11-13,Pan Manjar,Panes,0.3,72,68
2023-11-13,Leche,Abarrotes,4.0,5,2
2023-11-13,Jamon,Abarrotes,2.5,6,3
2023-11-13,Café,Abarrotes,2.0,5,2
2023-11-13,Queso,Abarrotes,3.0,4,2
2023-11-13,Alfajores Pequeños,Bocaditos,0.25,200,150
2023-11-13,Alfajores Grandes,Bocaditos,1.0,100,75
2023-11-13,Galletas Pequeñas,Bocaditos,0.25,200,150
2023-11-13,Galletas Grandes,Bocaditos,1.0,300,290
2023-11-13,Cookie,Bocaditos,2.0,100,70
2023-11-13,Orejitas Pequeñas,Bocaditos,0.25,200,150
2023-11-13,Orejas Grandes,Bocaditos,1.0,100,70
2023-11-13,Beso de Moza,Bocaditos,1.0,80,50
2023-11-13,Caramandugas,Bocaditos,0.25,300,250
2023-11-13,Rosquitas,Bocaditos,0.25,300,250
2023-11-14,Pan Chabatta,Panes,0.25,768,720
2023-11-14,Pan Francés,Panes,0.25,648,610
2023-11-14,Pan Yema Largo,Panes,0.25,360,320
2023-11-14,Pan Yema Redondo,Panes,0.25,360,320
2023-11-14,Pan Chapla,Panes,0.25,144,110
2023-11-14,Pan Coliza,Panes,0.25,192,170
2023-11-14,Pan Integral,Panes,0.25,144,110
2023-11-14,Pan Caracol,Panes,0.25,144,110
2023-11-14,Pan Hamburguesa,Panes,0.4,288,240
2023-11-14,Cachito,Panes,0.25,144,110
2023-11-14,Pan Manjar,Panes,0.3,72,68
2023-11-14,Leche,Abarrotes,4.0,5,3
2023-11-14,Jamon,Abarrotes,2.5,6,3
2023-11-14,Café,Abarrotes,2.0,5,3
2023-11-14,Queso,Abarrotes,3.0,4,2
2023-11-14,Alfajores Pequeños,Bocaditos,0.25,200,150
2023-11-14,Alfajores Grandes,Bocaditos,1.0,100,75
2023-11-14,Galletas Pequeñas,Bocaditos,0.25,200,150
2023-11-14,Galletas Grandes,Bocaditos,1.0,300,290
2023-11-14,Cookie,Bocaditos,2.0,100,70
2023-11-14,Orejitas Pequeñas,Bocaditos,0.25,200,150
2023-11-14,Orejas Grandes,Bocaditos,1.0,100,70
2023-11-14,Beso de Moza,Bocaditos,1.0,80,50
2023-11-14,Caramandugas,Bocaditos,0.25,300,250
2023-11-14,Rosquitas,Bocaditos,0.25,300,250
2023-11-15,Pan Chabatta,Panes,0.25,768,720
2023-11-15,Pan Francés,Panes,0.25,648,610
2023-11-15,Pan Yema Largo,Panes,0.25,360,320
2023-11-15,Pan Yema Redondo,Panes,0.25,360,320
2023-11-15,Pan Chapla,Panes,0.25,144,110
2023-11-15,Pan Coliza,Panes,0.25,192,170
2023-11-15,Pan Integral,Panes,0.25,144,110
2023-11-15,Pan Caracol,Panes,0.25,144,110
2023-11-15,Pan Hamburguesa,Panes,0.4,288,240
2023-11-15,Cachito,Panes,0.25,144,110
2023-11-15,Pan Manjar,Panes,0.3,72,68
2023-11-15,Leche,Abarrotes,4.0,5,4
2023-11-15,Jamon,Abarrotes,2.5,6,5
2023-11-15,Café,Abarrotes,2.0,5,2
2023-11-15,Queso,Abarrotes,3.0,4,2
2023-11-15,Alfajores Pequeños,Bocaditos,0.25,200,150
2023-11-15,Alfajores Grandes,Bocaditos,1.0,100,75
2023-11-15,Galletas Pequeñas,Bocaditos,0.25,200,150
2023-11-15,Galletas Grandes,Bocaditos,1.0,300,290
2023-11-15,Cookie,Bocaditos,2.0,100,70
2023-11-15,Orejitas Pequeñas,Bocaditos,0.25,200,150
2023-11-15,Orejas Grandes,Bocaditos,1.0,100,70
2023-11-15,Beso de Moza,Bocaditos,1.0,80,50
2023-11-15,Caramandugas,Bocaditos,0.25,300,250
2023-11-15,Rosquitas,Bocaditos,0.25,300,250
2023-11-16,Pan Chabatta,Panes,0.25,768,720
2023-11-16,Pan Francés,Panes,0.25,648,610
2023-11-16,Pan Yema Largo,Panes,0.25,360,320
2023-11-16,Pan Yema Redondo,Panes,0.25,360,320
2023-11-16,Pan Chapla,Panes,0.25,144,110
2023-11-16,Pan Coliza,Panes,0.25,192,170
2023-11-16,Pan Integral,Panes,0.25,144,110
2023-11-16,Pan Caracol,Panes,0.25,144,110
2023-11-16,Pan Hamburguesa,Panes,0.4,288,240
2023-11-16,Cachito,Panes,0.25,144,110
2023-11-16,Pan Manjar,Panes,0.3,72,68
2023-11-16,Leche,Abarrotes,4.0,5,4
2023-11-16,Jamon,Abarrotes,2.5,6,3
2023-11-16,Café,Abarrotes,2.0,5,4
2023-11-16,Queso,Abarrotes,3.0,4,2
2023-11-16,Alfajores Pequeños,Bocaditos,0.25,200,150
2023-11-16,Alfajores Grandes,Bocaditos,1.0,100,75
2023-11-16,Galletas Pequeñas,Bocaditos,0.25,200,150
2023-11-16,Galletas Grandes,Bocaditos,1.0,300,290
2023-11-16,Cookie,Bocaditos,2.0,100,70
2023-11-16,Orejitas Pequeñas,Bocaditos,0.25,200,150
2023-11-16,Orejas Grandes,Bocaditos,1.0,100,70
2023-11-16,Beso de Moza,Bocaditos,1.0,80,50
2023-11-16,Caramandugas,Bocaditos,0.25,300,250
2023-11-16,Rosquitas,Bocaditos,0.25,300,250
2023-11-17,Pan Chabatta,Panes,0.25,768,720
2023-11-17,Pan Francés,Panes,0.25,648,610
2023-11-17,Pan Yema Largo,Panes,0.25,360,320
2023-11-17,Pan Yema Redondo,Panes,0.25,360,320
2023-11-17,Pan Chapla,Panes,0.25,144,110
2023-11-17,Pan Coliza,Panes,0.25,192,170
2023-11-17,Pan Integral,Panes,0.25,144,110
2023-11-17,Pan Caracol,Panes,0.25,144,110
2023-11-17,Pan Hamburguesa,Panes,0.4,288,240
2023-11-17,Cachito,Panes,0.25,144,110
2023-11-17,Pan Manjar,Panes,0.3,72,68
2023-11-17,Leche,Abarrotes,4.0,5,2
2023-11-17,Jamon,Abarrotes,2.5,6,4
2023-11-17,Café,Abarrotes,2.0,5,3
2023-11-17,Queso,Abarrotes,3.0,4,3
2023-11-17,Alfajores Pequeños,Bocaditos,0.25,200,150
2023-11-17,Alfajores Grandes,Bocaditos,1.0,100,75
2023-11-17,Galletas Pequeñas,Bocaditos,0.25,200,150
2023-11-17,Galletas Grandes,Bocaditos,1.0,300,290
2023-11-17,Cookie,Bocaditos,2.0,100,70
2023-11-17,Orejitas Pequeñas,Bocaditos,0.25,200,150
2023-11-17,Orejas Grandes,Bocaditos,1.0,100,70
2023-11-17,Beso de Moza,Bocaditos,1.0,80,50
2023-11-17,Caramandugas,Bocaditos,0.25,300,250
2023-11-17,Rosquitas,Bocaditos,0.25,300,250
2023-11-18,Pan Chabatta,Panes,0.25,768,726
2023-11-18,Pan Francés,Panes,0.25,648,619
2023-11-18,Pan Yema Largo,Panes,0.25,360,326
2023-11-18,Pan Yema Redondo,Panes,0.25,360,322
2023-11-18,Pan Chapla,Panes,0.25,144,115
2023-11-18,Pan Coliza,Panes,0.25,192,174
2023-11-18,Pan Integral,Panes,0.25,144,119
2023-11-18,Pan Caracol,Panes,0.25,144,116
2023-11-18,Pan Hamburguesa,Panes,0.4,288,243
2023-11-18,Cachito,Panes,0.25,144,115
2023-11-18,Pan Manjar,Panes,0.3,72,69
2023-11-18,Leche,Abarrotes,4.0,5,3
2023-11-18,Jamon,Abarrotes,2.5,6,5
2023-11-18,Café,Abarrotes,2.0,5,3
2023-11-18,Queso,Abarrotes,3.0,4,3
2023-11-18,Alfajores Pequeños,Bocaditos,0.25,200,150
2023-11-18,Alfajores Grandes,Bocaditos,1.0,100,78
2023-11-18,Galletas Pequeñas,Bocaditos,0.25,200,152
2023-11-18,Galletas Grandes,Bocaditos,1.0,300,290
2023-11-18,Cookie,Bocaditos,2.0,100,74
2023-11-18,Orejitas Pequeñas,Bocaditos,0.25,200,154
2023-11-18,Orejas Grandes,Bocaditos,1.0,100,72
2023-11-18,Beso de Moza,Bocaditos,1.0,80,57
2023-11-18,Caramandugas,Bocaditos,0.25,300,250
2023-11-18,Rosquitas,Bocaditos,0.25,300,253
2023-11-19,Pan Chabatta,Panes,0.25,768,723
2023-11-19,Pan Francés,Panes,0.25,648,610
2023-11-19,Pan Yema Largo,Panes,0.25,360,328
2023-11-19,Pan Yema Redondo,Panes,0.25,360,320
2023-11-19,Pan Chapla,Panes,0.25,144,120
2023-11-19,Pan Coliza,Panes,0.25,192,173
2023-11-19,Pan Integral,Panes,0.25,144,119
2023-11-19,Pan Caracol,Panes,0.25,144,113
2023-11-19,Pan Hamburguesa,Panes,0.4,288,249
2023-11-19,Cachito,Panes,0.25,144,112
2023-11-19,Pan Manjar,Panes,0.3,72,70
2023-11-19,Leche,Abarrotes,4.0,5,3
2023-11-19,Jamon,Abarrotes,2.5,6,5
2023-11-19,Café,Abarrotes,2.0,5,4
2023-11-19,Queso,Abarrotes,3.0,4,2
2023-11-19,Alfajores Pequeños,Bocaditos,0.25,200,152
2023-11-19,Alfajores Grandes,Bocaditos,1.0,100,76
2023-11-19,Galletas Pequeñas,Bocaditos,0.25,200,151
2023-11-19,Galletas Grandes,Bocaditos,1.0,300,293
2023-11-19,Cookie,Bocaditos,2.0,100,70
2023-11-19,Orejitas Pequeñas,Bocaditos,0.25,200,155
2023-11-19,Orejas Grandes,Bocaditos,1.0,100,76
2023-11-19,Beso de Moza,Bocaditos,1.0,80,55
2023-11-19,Caramandugas,Bocaditos,0.25,300,257
2023-11-19,Rosquitas,Bocaditos,0.25,300,259
2023-11-20,Pan Chabatta,Panes,0.25,768,720
2023-11-20,Pan Francés,Panes,0.25,648,610
2023-11-20,Pan Yema Largo,Panes,0.25,360,320
2023-11-20,Pan Yema Redondo,Panes,0.25,360,320
2023-11-20,Pan Chapla,Panes,0.25,144,110
2023-11-20,Pan Coliza,Panes,0.25,192,170
2023-11-20,Pan Integral,Panes,0.25,144,110
2023-11-20,Pan Caracol,Panes,0.25,144,110
2023-11-20,Pan Hamburguesa,Panes,0.4,288,240
2023-11-20,Cachito,Panes,0.25,144,110
2023-11-20,Pan Manjar,Panes,0.3,72,68
2023-11-20,Leche,Abarrotes,4.0,5,3
2023-11-20,Jamon,Abarrotes,2.5,6,3
2023-11-20,Café,Abarrotes,2.0,5,2
2023-11-20,Queso,Abarrotes,3.0,4,3
2023-11-20,Alfajores Pequeños,Bocaditos,0.25,200,150
2023-11-20,Alfajores Grandes,Bocaditos,1.0,100,75
2023-11-20,Galletas Pequeñas,Bocaditos,0.25,200,150
2023-11-20,Galletas Grandes,Bocaditos,1.0,300,290
2023-11-20,Cookie,Bocaditos,2.0,100,70
2023-11-20,Orejitas Pequeñas,Bocaditos,0.25,200,150
2023-11-20,Orejas Grandes,Bocaditos,1.0,100,70
2023-11-20,Beso de Moza,Bocaditos,1.0,80,50
2023-11-20,Caramandugas,Bocaditos,0.25,300,250
2023-11-20,Rosquitas,Bocaditos,0.25,300,250
2023-11-21,Pan Chabatta,Panes,0.25,768,720
2023-11-21,Pan Francés,Panes,0.25,648,610
2023-11-21,Pan Yema Largo,Panes,0.25,360,320
2023-11-21,Pan Yema Redondo,Panes,0.25,360,320
2023-11-21,Pan Chapla,Panes,0.25,144,110
2023-11-21,Pan Coliza,Panes,0.25,192,170
2023-11-21,Pan Integral,Panes,0.25,144,110
2023-11-21,Pan Caracol,Panes,0.25,144,110
2023-11-21,Pan Hamburguesa,Panes,0.4,288,240
2023-11-21,Cachito,Panes,0.25,144,110
2023-11-21,Pan Manjar,Panes,0.3,72,68
2023-11-21,Leche,Abarrotes,4.0,5,2
2023-11-21,Jamon,Abarrotes,2.5,6,4
2023-11-21,Café,Abarrotes,2.0,5,3
2023-11-21,Queso,Abarrotes,3.0,4,2
2023-11-21,Alfajores Pequeños,Bocaditos,0.25,200,150
2023-11-21,Alfajores Grandes,Bocaditos,1.0,100,75
2023-11-21,Galletas Pequeñas,Bocaditos,0.25,200,150
2023-11-21,Galletas Grandes,Bocaditos,1.0,300,290
2023-11-21,Cookie,Bocaditos,2.0,100,70
2023-11-21,Orejitas Pequeñas,Bocaditos,0.25,200,150
2023-11-21,Orejas Grandes,Bocaditos,1.0,100,70
2023-11-21,Beso de Moza,Bocaditos,1.0,80,50
2023-11-21,Caramandugas,Bocaditos,0.25,300,250
2023-11-21,Rosquitas,Bocaditos,0.25,300,250
2023-11-22,Pan Chabatta,Panes,0.25,768,720
2023-11-22,Pan Francés,Panes,0.25,648,610
2023-11-22,Pan Yema Largo,Panes,0.25,360,320
2023-11-22,Pan Yema Redondo,Panes,0.25,360,320
2023-11-22,Pan Chapla,Panes,0.25,144,110
2023-11-22,Pan Coliza,Panes,0.25,192,170
2023-11-22,Pan Integral,Panes,0.25,144,110
2023-11-22,Pan Caracol,Panes,0.25,144,110
2023-11-22,Pan Hamburguesa,Panes,0.4,288,240
2023-11-22,Cachito,Panes,0.25,144,110
2023-11-22,Pan Manjar,Panes,0.3,72,68
2023-11-22,Leche,Abarrotes,4.0,5,3
2023-11-22,Jamon,Abarrotes,2.5,6,3
2023-11-22,Café,Abarrotes,2.0,5,3
2023-11-22,Queso,Abarrotes,3.0,4,3
2023-11-22,Alfajores Pequeños,Bocaditos,0.25,200,150
2023-11-22,Alfajores Grandes,Bocaditos,1.0,100,75
2023-11-22,Galletas Pequeñas,Bocaditos,0.25,200,150
2023-11-22,Galletas Grandes,Bocaditos,1.0,300,290
2023-11-22,Cookie,Bocaditos,2.0,100,70
2023-11-22,Orejitas Pequeñas,Bocaditos,0.25,200,150
2023-11-22,Orejas Grandes,Bocaditos,1.0,100,70
2023-11-22,Beso de Moza,Bocaditos,1.0,80,50
2023-11-22,Caramandugas,Bocaditos,0.25,300,250
2023-11-22,Rosquitas,Bocaditos,0.25,300,250
2023-11-23,Pan Chabatta,Panes,0.25,768,720
2023-11-23,Pan Francés,Panes,0.25,648,610
2023-11-23,Pan Yema Largo,Panes,0.25,360,320
2023-11-23,Pan Yema Redondo,Panes,0.25,360,320
2023-11-23,Pan Chapla,Panes,0.25,144,110
2023-11-23,Pan Coliza,Panes,0.25,192,170
2023-11-23,Pan Integral,Panes,0.25,144,110
2023-11-23,Pan Caracol,Panes,0.25,144,110
2023-11-23,Pan Hamburguesa,Panes,0.4,288,240
2023-11-23,Cachito,Panes,0.25,144,110
2023-11-23,Pan Manjar,Panes,0.3,72,68
2023-11-23,Leche,Abarrotes,4.0,5,2
2023-11-23,Jamon,Abarrotes,2.5,6,3
2023-11-23,Café,Abarrotes,2.0,5,3
2023-11-23,Queso,Abarrotes,3.0,4,3
2023-11-23,Alfajores Pequeños,Bocaditos,0.25,200,150
2023-11-23,Alfajores Grandes,Bocaditos,1.0,100,75
2023-11-23,Galletas Pequeñas,Bocaditos,0.25,200,150
2023-11-23,Galletas Grandes,Bocaditos,1.0,300,290
2023-11-23,Cookie,Bocaditos,2.0,100,70
2023-11-23,Orejitas Pequeñas,Bocaditos,0.25,200,150
2023-11-23,Orejas Grandes,Bocaditos,1.0,100,70
2023-11-23,Beso de Moza,Bocaditos,1.0,80,50
2023-11-23,Caramandugas,Bocaditos,0.25,300,250
2023-11-23,Rosquitas,Bocaditos,0.25,300,250
2023-11-24,Pan Chabatta,Panes,0.25,768,720
2023-11-24,Pan Francés,Panes,0.25,648,610
2023-11-24,Pan Yema Largo,Panes,0.25,360,320
2023-11-24,Pan Yema Redondo,Panes,0.25,360,320
2023-11-24,Pan Chapla,Panes,0.25,144,110
2023-11-24,Pan Coliza,Panes,0.25,192,170
2023-11-24,Pan Integral,Panes,0.25,144,110
2023-11-24,Pan Caracol,Panes,0.25,144,110
2023-11-24,Pan Hamburguesa,Panes,0.4,288,240
2023-11-24,Cachito,Panes,0.25,144,110
2023-11-24,Pan Manjar,Panes,0.3,72,68
2023-11-24,Leche,Abarrotes,4.0,5,2
2023-11-24,Jamon,Abarrotes,2.5,6,3
2023-11-24,Café,Abarrotes,2.0,5,2
2023-11-24,Queso,Abarrotes,3.0,4,2
2023-11-24,Alfajores Pequeños,Bocaditos,0.25,200,150
2023-11-24,Alfajores Grandes,Bocaditos,1.0,100,75
2023-11-24,Galletas Pequeñas,Bocaditos,0.25,200,150
2023-11-24,Galletas Grandes,Bocaditos,1.0,300,290
2023-11-24,Cookie,Bocaditos,2.0,100,70
2023-11-24,Orejitas Pequeñas,Bocaditos,0.25,200,150
2023-11-24,Orejas Grandes,Bocaditos,1.0,100,70
2023-11-24,Beso de Moza,Bocaditos,1.0,80,55
2023-11-24,Caramandugas,Bocaditos,0.25,300,250
2023-11-24,Rosquitas,Bocaditos,0.25,300,250
2023-11-25,Pan Chabatta,Panes,0.25,768,728
2023-11-25,Pan Francés,Panes,0.25,648,614
2023-11-25,Pan Yema Largo,Panes,0.25,360,327
2023-11-25,Pan Yema Redondo,Panes,0.25,360,321
2023-11-25,Pan Chapla,Panes,0.25,144,112
2023-11-25,Pan Coliza,Panes,0.25,192,175
2023-11-25,Pan Integral,Panes,0.25,144,117
2023-11-25,Pan Caracol,Panes,0.25,144,118
2023-11-25,Pan Hamburguesa,Panes,0.4,288,248
2023-11-25,Cachito,Panes,0.25,144,116
2023-11-25,Pan Manjar,Panes,0.3,72,68
2023-11-25,Leche,Abarrotes,4.0,5,2
2023-11-25,Jamon,Abarrotes,2.5,6,5
2023-11-25,Café,Abarrotes,2.0,5,2
2023-11-25,Queso,Abarrotes,3.0,4,3
2023-11-25,Alfajores Pequeños,Bocaditos,0.25,200,156
2023-11-25,Alfajores Grandes,Bocaditos,1.0,100,80
2023-11-25,Galletas Pequeñas,Bocaditos,0.25,200,154
2023-11-25,Galletas Grandes,Bocaditos,1.0,300,293
2023-11-25,Cookie,Bocaditos,2.0,100,74
2023-11-25,Orejitas Pequeñas,Bocaditos,0.25,200,155
2023-11-25,Orejas Grandes,Bocaditos,1.0,100,76
2023-11-25,Beso de Moza,Bocaditos,1.0,80,56
2023-11-25,Caramandugas,Bocaditos,0.25,300,255
2023-11-25,Rosquitas,Bocaditos,0.25,300,256
2023-11-26,Pan Chabatta,Panes,0.25,768,724
2023-11-26,Pan Francés,Panes,0.25,648,616
2023-11-26,Pan Yema Largo,Panes,0.25,360,330
2023-11-26,Pan Yema Redondo,Panes,0.25,360,320
2023-11-26,Pan Chapla,Panes,0.25,144,113
2023-11-26,Pan Coliza,Panes,0.25,192,174
2023-11-26,Pan Integral,Panes,0.25,144,112
2023-11-26,Pan Caracol,Panes,0.25,144,117
2023-11-26,Pan Hamburguesa,Panes,0.4,288,248
2023-11-26,Cachito,Panes,0.25,144,116
2023-11-26,Pan Manjar,Panes,0.3,72,70
2023-11-26,Leche,Abarrotes,4.0,5,2
2023-11-26,Jamon,Abarrotes,2.5,6,3
2023-11-26,Café,Abarrotes,2.0,5,3
2023-11-26,Queso,Abarrotes,3.0,4,2
2023-11-26,Alfajores Pequeños,Bocaditos,0.25,200,158
2023-11-26,Alfajores Grandes,Bocaditos,1.0,100,78
2023-11-26,Galletas Pequeñas,Bocaditos,0.25,200,150
2023-11-26,Galletas Grandes,Bocaditos,1.0,300,290
2023-11-26,Cookie,Bocaditos,2.0,100,71
2023-11-26,Orejitas Pequeñas,Bocaditos,0.25,200,151
2023-11-26,Orejas Grandes,Bocaditos,1.0,100,73
2023-11-26,Beso de Moza,Bocaditos,1.0,80,56
2023-11-26,Caramandugas,Bocaditos,0.25,300,251
2023-11-26,Rosquitas,Bocaditos,0.25,300,258
2023-11-27,Pan Chabatta,Panes,0.25,768,720
2023-11-27,Pan Francés,Panes,0.25,648,610
2023-11-27,Pan Yema Largo,Panes,0.25,360,320
2023-11-27,Pan Yema Redondo,Panes,0.25,360,320
2023-11-27,Pan Chapla,Panes,0.25,144,110
2023-11-27,Pan Coliza,Panes,0.25,192,170
2023-11-27,Pan Integral,Panes,0.25,144,110
2023-11-27,Pan Caracol,Panes,0.25,144,110
2023-11-27,Pan Hamburguesa,Panes,0.4,288,240
2023-11-27,Cachito,Panes,0.25,144,110
2023-11-27,Pan Manjar,Panes,0.3,72,68
2023-11-27,Leche,Abarrotes,4.0,5,2
2023-11-27,Jamon,Abarrotes,2.5,6,3
2023-11-27,Café,Abarrotes,2.0,5,2
2023-11-27,Queso,Abarrotes,3.0,4,3
2023-11-27,Alfajores Pequeños,Bocaditos,0.25,200,150
2023-11-27,Alfajores Grandes,Bocaditos,1.0,100,75
2023-11-27,Galletas Pequeñas,Bocaditos,0.25,200,150
2023-11-27,Galletas Grandes,Bocaditos,1.0,300,290
2023-11-27,Cookie,Bocaditos,2.0,100,70
2023-11-27,Orejitas Pequeñas,Bocaditos,0.25,200,150
2023-11-27,Orejas Grandes,Bocaditos,1.0,100,70
2023-11-27,Beso de Moza,Bocaditos,1.0,80,50
2023-11-27,Caramandugas,Bocaditos,0.25,300,250
2023-11-27,Rosquitas,Bocaditos,0.25,300,250
2023-11-28,Pan Chabatta,Panes,0.25,768,720
2023-11-28,Pan Francés,Panes,0.25,648,610
2023-11-28,Pan Yema Largo,Panes,0.25,360,320
2023-11-28,Pan Yema Redondo,Panes,0.25,360,320
2023-11-28,Pan Chapla,Panes,0.25,144,110
2023-11-28,Pan Coliza,Panes,0.25,192,170
2023-11-28,Pan Integral,Panes,0.25,144,110
2023-11-28,Pan Caracol,Panes,0.25,144,110
2023-11-28,Pan Hamburguesa,Panes,0.4,288,240
2023-11-28,Cachito,Panes,0.25,144,110
2023-11-28,Pan Manjar,Panes,0.3,72,68
2023-11-28,Leche,Abarrotes,4.0,5,3
2023-11-28,Jamon,Abarrotes,2.5,6,3
2023-11-28,Café,Abarrotes,2.0,5,2
2023-11-28,Queso,Abarrotes,3.0,4,2
2023-11-28,Alfajores Pequeños,Bocaditos,0.25,200,150
2023-11-28,Alfajores Grandes,Bocaditos,1.0,100,75
2023-11-28,Galletas Pequeñas,Bocaditos,0.25,200,150
2023-11-28,Galletas Grandes,Bocaditos,1.0,300,290
2023-11-28,Cookie,Bocaditos,2.0,100,70
2023-11-28,Orejitas Pequeñas,Bocaditos,0.25,200,150
2023-11-28,Orejas Grandes,Bocaditos,1.0,100,70
2023-11-28,Beso de Moza,Bocaditos,1.0,80,50
2023-11-28,Caramandugas,Bocaditos,0.25,300,250
2023-11-28,Rosquitas,Bocaditos,0.25,300,250
2023-11-29,Pan Chabatta,Panes,0.25,768,720
2023-11-29,Pan Francés,Panes,0.25,648,610
2023-11-29,Pan Yema Largo,Panes,0.25,360,320
2023-11-29,Pan Yema Redondo,Panes,0.25,360,320
2023-11-29,Pan Chapla,Panes,0.25,144,110
2023-11-29,Pan Coliza,Panes,0.25,192,170
2023-11-29,Pan Integral,Panes,0.25,144,110
2023-11-29,Pan Caracol,Panes,0.25,144,110
2023-11-29,Pan Hamburguesa,Panes,0.4,288,240
2023-11-29,Cachito,Panes,0.25,144,110
2023-11-29,Pan Manjar,Panes,0.3,72,68
2023-11-29,Leche,Abarrotes,4.0,5,4
2023-11-29,Jamon,Abarrotes,2.5,6,3
2023-11-29,Café,Abarrotes,2.0,5,2
2023-11-29,Queso,Abarrotes,3.0,4,3
2023-11-29,Alfajores Pequeños,Bocaditos,0.25,200,150
2023-11-29,Alfajores Grandes,Bocaditos,1.0,100,75
2023-11-29,Galletas Pequeñas,Bocaditos,0.25,200,150
2023-11-29,Galletas Grandes,Bocaditos,1.0,300,290
2023-11-29,Cookie,Bocaditos,2.0,100,70
2023-11-29,Orejitas Pequeñas,Bocaditos,0.25,200,150
2023-11-29,Orejas Grandes,Bocaditos,1.0,100,70
2023-11-29,Beso de Moza,Bocaditos,1.0,80,50
2023-11-29,Caramandugas,Bocaditos,0.25,300,250
2023-11-29,Rosquitas,Bocaditos,0.25,300,250
2023-11-30,Pan Chabatta,Panes,0.25,768,720
2023-11-30,Pan Francés,Panes,0.25,648,610
2023-11-30,Pan Yema Largo,Panes,0.25,360,320
2023-11-30,Pan Yema Redondo,Panes,0.25,360,320
2023-11-30,Pan Chapla,Panes,0.25,144,110
2023-11-30,Pan Coliza,Panes,0.25,192,170
2023-11-30,Pan Integral,Panes,0.25,144,110
2023-11-30,Pan Caracol,Panes,0.25,144,110
2023-11-30,Pan Hamburguesa,Panes,0.4,288,240
2023-11-30,Cachito,Panes,0.25,144,110
2023-11-30,Pan Manjar,Panes,0.3,72,68
2023-11-30,Leche,Abarrotes,4.0,5,2
2023-11-30,Jamon,Abarrotes,2.5,6,3
2023-11-30,Café,Abarrotes,2.0,5,3
2023-11-30,Queso,Abarrotes,3.0,4,2
2023-11-30,Alfajores Pequeños,Bocaditos,0.25,200,150
2023-11-30,Alfajores Grandes,Bocaditos,1.0,100,75
2023-11-30,Galletas Pequeñas,Bocaditos,0.25,200,150
2023-11-30,Galletas Grandes,Bocaditos,1.0,300,290
2023-11-30,Cookie,Bocaditos,2.0,100,70
2023-11-30,Orejitas Pequeñas,Bocaditos,0.25,200,150
2023-11-30,Orejas Grandes,Bocaditos,1.0,100,70
2023-11-30,Beso de Moza,Bocaditos,1.0,80,50
2023-11-30,Caramandugas,Bocaditos,0.25,300,250
2023-11-30,Rosquitas,Bocaditos,0.25,300,250
2023-12-01,Pan Chabatta,Panes,0.25,768,720
2023-12-01,Pan Francés,Panes,0.25,648,610
2023-12-01,Pan Yema Largo,Panes,0.25,360,320
2023-12-01,Pan Yema Redondo,Panes,0.25,360,320
2023-12-01,Pan Chapla,Panes,0.25,144,110
2023-12-01,Pan Coliza,Panes,0.25,192,170
2023-12-01,Pan Integral,Panes,0.25,144,110
2023-12-01,Pan Caracol,Panes,0.25,144,110
2023-12-01,Pan Hamburguesa,Panes,0.4,288,240
2023-12-01,Cachito,Panes,0.25,144,110
2023-12-01,Pan Manjar,Panes,0.3,72,68
2023-12-01,Leche,Abarrotes,4.0,5,2
2023-12-01,Jamon,Abarrotes,2.5,6,5
2023-12-01,Café,Abarrotes,2.0,5,3
2023-12-01,Queso,Abarrotes,3.0,4,2
2023-12-01,Alfajores Pequeños,Bocaditos,0.25,200,150
2023-12-01,Alfajores Grandes,Bocaditos,1.0,100,75
2023-12-01,Galletas Pequeñas,Bocaditos,0.25,200,150
2023-12-01,Galletas Grandes,Bocaditos,1.0,300,290
2023-12-01,Cookie,Bocaditos,2.0,100,70
2023-12-01,Orejitas Pequeñas,Bocaditos,0.25,200,150
2023-12-01,Orejas Grandes,Bocaditos,1.0,100,70
2023-12-01,Beso de Moza,Bocaditos,1.0,80,52
2023-12-01,Caramandugas,Bocaditos,0.25,300,250
2023-12-01,Rosquitas,Bocaditos,0.25,300,250
2023-12-02,Pan Chabatta,Panes,0.25,768,731
2023-12-02,Pan Francés,Panes,0.25,648,613
2023-12-02,Pan Yema Largo,Panes,0.25,360,325
2023-12-02,Pan Yema Redondo,Panes,0.25,360,323
2023-12-02,Pan Chapla,Panes,0.25,144,111
2023-12-02,Pan Coliza,Panes,0.25,192,170
2023-12-02,Pan Integral,Panes,0.25,144,116
2023-12-02,Pan Caracol,Panes,0.25,144,118
2023-12-02,Pan Hamburguesa,Panes,0.4,288,246
2023-12-02,Cachito,Panes,0.25,144,114
2023-12-02,Pan Manjar,Panes,0.3,72,69
2023-12-02,Leche,Abarrotes,4.0,5,3
2023-12-02,Jamon,Abarrotes,2.5,6,4
2023-12-02,Café,Abarrotes,2.0,5,4
2023-12-02,Queso,Abarrotes,3.0,4,4
2023-12-02,Alfajores Pequeños,Bocaditos,0.25,200,160
2023-12-02,Alfajores Grandes,Bocaditos,1.0,100,79
2023-12-02,Galletas Pequeñas,Bocaditos,0.25,200,153
2023-12-02,Galletas Grandes,Bocaditos,1.0,300,292
2023-12-02,Cookie,Bocaditos,2.0,100,74
2023-12-02,Orejitas Pequeñas,Bocaditos,0.25,200,154
2023-12-02,Orejas Grandes,Bocaditos,1.0,100,71
2023-12-02,Beso de Moza,Bocaditos,1.0,80,51
2023-12-02,Caramandugas,Bocaditos,0.25,300,258
2023-12-02,Rosquitas,Bocaditos,0.25,300,259
2023-12-03,Pan Chabatta,Panes,0.25,768,732
2023-12-03,Pan Francés,Panes,0.25,648,615
2023-12-03,Pan Yema Largo,Panes,0.25,360,329
2023-12-03,Pan Yema Redondo,Panes,0.25,360,331
2023-12-03,Pan Chapla,Panes,0.25,144,111
2023-12-03,Pan Coliza,Panes,0.25,192,175
2023-12-03,Pan Integral,Panes,0.25,144,116
2023-12-03,Pan Caracol,Panes,0.25,144,115
2023-12-03,Pan Hamburguesa,Panes,0.4,288,242
2023-12-03,Cachito,Panes,0.25,144,118
2023-12-03,Pan Manjar,Panes,0.3,72,70
2023-12-03,Leche,Abarrotes,4.0,5,5
2023-12-03,Jamon,Abarrotes,2.5,6,3
2023-12-03,Café,Abarrotes,2.0,5,2
2023-12-03,Queso,Abarrotes,3.0,4,2
2023-12-03,Alfajores Pequeños,Bocaditos,0.25,200,152
2023-12-03,Alfajores Grandes,Bocaditos,1.0,100,78
2023-12-03,Galletas Pequeñas,Bocaditos,0.25,200,152
2023-12-03,Galletas Grandes,Bocaditos,1.0,300,293
2023-12-03,Cookie,Bocaditos,2.0,100,72
2023-12-03,Orejitas Pequeñas,Bocaditos,0.25,200,153
2023-12-03,Orejas Grandes,Bocaditos,1.0,100,74
2023-12-03,Beso de Moza,Bocaditos,1.0,80,52
2023-12-03,Caramandugas,Bocaditos,0.25,300,251
2023-12-03,Rosquitas,Bocaditos,0.25,300,258
2023-12-04,Pan Chabatta,Panes,0.25,768,720
2023-12-04,Pan Francés,Panes,0.25,648,610
2023-12-04,Pan Yema Largo,Panes,0.25,360,320
2023-12-04,Pan Yema Redondo,Panes,0.25,360,320
2023-12-04,Pan Chapla,Panes,0.25,144,110
2023-12-04,Pan Coliza,Panes,0.25,192,170
2023-12-04,Pan Integral,Panes,0.25,144,110
2023-12-04,Pan Caracol,Panes,0.25,144,110
2023-12-04,Pan Hamburguesa,Panes,0.4,288,240
2023-12-04,Cachito,Panes,0.25,144,110
2023-12-04,Pan Manjar,Panes,0.3,72,68
2023-12-04,Leche,Abarrotes,4.0,5,2
2023-12-04,Jamon,Abarrotes,2.5,6,3
2023-12-04,Café,Abarrotes,2.0,5,2
2023-12-04,Queso,Abarrotes,3.0,4,2
2023-12-04,Alfajores Pequeños,Bocaditos,0.25,200,150
2023-12-04,Alfajores Grandes,Bocaditos,1.0,100,75
2023-12-04,Galletas Pequeñas,Bocaditos,0.25,200,150
2023-12-04,Galletas Grandes,Bocaditos,1.0,300,290
2023-12-04,Cookie,Bocaditos,2.0,100,70
2023-12-04,Orejitas Pequeñas,Bocaditos,0.25,200,150
2023-12-04,Orejas Grandes,Bocaditos,1.0,100,70
2023-12-04,Beso de Moza,Bocaditos,1.0,80,50
2023-12-04,Caramandugas,Bocaditos,0.25,300,250
2023-12-04,Rosquitas,Bocaditos,0.25,300,250
2023-12-05,Pan Chabatta,Panes,0.25,768,720
2023-12-05,Pan Francés,Panes,0.25,648,610
2023-12-05,Pan Yema Largo,Panes,0.25,360,320
2023-12-05,Pan Yema Redondo,Panes,0.25,360,320
2023-12-05,Pan Chapla,Panes,0.25,144,110
2023-12-05,Pan Coliza,Panes,0.25,192,170
2023-12-05,Pan Integral,Panes,0.25,144,110
2023-12-05,Pan Caracol,Panes,0.25,144,110
2023-12-05,Pan Hamburguesa,Panes,0.4,288,240
2023-12-05,Cachito,Panes,0.25,144,110
2023-12-05,Pan Manjar,Panes,0.3,72,68
2023-12-05,Leche,Abarrotes,4.0,5,2
2023-12-05,Jamon,Abarrotes,2.5,6,3
2023-12-05,Café,Abarrotes,2.0,5,2
2023-12-05,Queso,Abarrotes,3.0,4,2
2023-12-05,Alfajores Pequeños,Bocaditos,0.25,200,150
2023-12-05,Alfajores Grandes,Bocaditos,1.0,100,75
2023-12-05,Galletas Pequeñas,Bocaditos,0.25,200,150
2023-12-05,Galletas Grandes,Bocaditos,1.0,300,290
2023-12-05,Cookie,Bocaditos,2.0,100,70
2023-12-05,Orejitas Pequeñas,Bocaditos,0.25,200,150
2023-12-05,Orejas Grandes,Bocaditos,1.0,100,70
2023-12-05,Beso de Moza,Bocaditos,1.0,80,50
2023-12-05,Caramandugas,Bocaditos,0.25,300,250
2023-12-05,Rosquitas,Bocaditos,0.25,300,250
2023-12-06,Pan Chabatta,Panes,0.25,768,720
2023-12-06,Pan Francés,Panes,0.25,648,610
2023-12-06,Pan Yema Largo,Panes,0.25,360,320
2023-12-06,Pan Yema Redondo,Panes,0.25,360,320
2023-12-06,Pan Chapla,Panes,0.25,144,110
2023-12-06,Pan Coliza,Panes,0.25,192,170
2023-12-06,Pan Integral,Panes,0.25,144,110
2023-12-06,Pan Caracol,Panes,0.25,144,110
2023-12-06,Pan Hamburguesa,Panes,0.4,288,240
2023-12-06,Cachito,Panes,0.25,144,110
2023-12-06,Pan Manjar,Panes,0.3,72,68
2023-12-06,Leche,Abarrotes,4.0,5,2
2023-12-06,Jamon,Abarrotes,2.5,6,4
2023-12-06,Café,Abarrotes,2.0,5,2
2023-12-06,Queso,Abarrotes,3.0,4,2
2023-12-06,Alfajores Pequeños,Bocaditos,0.25,200,150
2023-12-06,Alfajores Grandes,Bocaditos,1.0,100,75
2023-12-06,Galletas Pequeñas,Bocaditos,0.25,200,150
2023-12-06,Galletas Grandes,Bocaditos,1.0,300,290
2023-12-06,Cookie,Bocaditos,2.0,100,70
2023-12-06,Orejitas Pequeñas,Bocaditos,0.25,200,150
2023-12-06,Orejas Grandes,Bocaditos,1.0,100,70
2023-12-06,Beso de Moza,Bocaditos,1.0,80,50
2023-12-06,Caramandugas,Bocaditos,0.25,300,250
2023-12-06,Rosquitas,Bocaditos,0.25,300,250
2023-12-07,Pan Chabatta,Panes,0.25,768,720
2023-12-07,Pan Francés,Panes,0.25,648,610
2023-12-07,Pan Yema Largo,Panes,0.25,360,320
2023-12-07,Pan Yema Redondo,Panes,0.25,360,320
2023-12-07,Pan Chapla,Panes,0.25,144,110
2023-12-07,Pan Coliza,Panes,0.25,192,170
2023-12-07,Pan Integral,Panes,0.25,144,110
2023-12-07,Pan Caracol,Panes,0.25,144,110
2023-12-07,Pan Hamburguesa,Panes,0.4,288,240
2023-12-07,Cachito,Panes,0.25,144,110
2023-12-07,Pan Manjar,Panes,0.3,72,68
2023-12-07,Leche,Abarrotes,4.0,5,3
2023-12-07,Jamon,Abarrotes,2.5,6,4
2023-12-07,Café,Abarrotes,2.0,5,4
2023-12-07,Queso,Abarrotes,3.0,4,2
2023-12-07,Alfajores Pequeños,Bocaditos,0.25,200,150
2023-12-07,Alfajores Grandes,Bocaditos,1.0,100,75
2023-12-07,Galletas Pequeñas,Bocaditos,0.25,200,150
2023-12-07,Galletas Grandes,Bocaditos,1.0,300,290
2023-12-07,Cookie,Bocaditos,2.0,100,70
2023-12-07,Orejitas Pequeñas,Bocaditos,0.25,200,150
2023-12-07,Orejas Grandes,Bocaditos,1.0,100,70
2023-12-07,Beso de Moza,Bocaditos,1.0,80,50
2023-12-07,Caramandugas,Bocaditos,0.25,300,250
2023-12-07,Rosquitas,Bocaditos,0.25,300,250
2023-12-08,Pan Chabatta,Panes,0.25,768,720
2023-12-08,Pan Francés,Panes,0.25,648,610
2023-12-08,Pan Yema Largo,Panes,0.25,360,320
2023-12-08,Pan Yema Redondo,Panes,0.25,360,320
2023-12-08,Pan Chapla,Panes,0.25,144,110
2023-12-08,Pan Coliza,Panes,0.25,192,170
2023-12-08,Pan Integral,Panes,0.25,144,110
2023-12-08,Pan Caracol,Panes,0.25,144,110
2023-12-08,Pan Hamburguesa,Panes,0.4,288,240
2023-12-08,Cachito,Panes,0.25,144,110
2023-12-08,Pan Manjar,Panes,0.3,72,68
2023-12-08,Leche,Abarrotes,4.0,5,2
2023-12-08,Jamon,Abarrotes,2.5,6,3
2023-12-08,Café,Abarrotes,2.0,5,3
2023-12-08,Queso,Abarrotes,3.0,4,2
2023-12-08,Alfajores Pequeños,Bocaditos,0.25,200,150
2023-12-08,Alfajores Grandes,Bocaditos,1.0,100,75
2023-12-08,Galletas Pequeñas,Bocaditos,0.25,200,150
2023-12-08,Galletas Grandes,Bocaditos,1.0,300,290
2023-12-08,Cookie,Bocaditos,2.0,100,70
2023-12-08,Orejitas Pequeñas,Bocaditos,0.25,200,150
2023-12-08,Orejas Grandes,Bocaditos,1.0,100,70
2023-12-08,Beso de Moza,Bocaditos,1.0,80,53
2023-12-08,Caramandugas,Bocaditos,0.25,300,250
2023-12-08,Rosquitas,Bocaditos,0.25,300,250
2023-12-09,Pan Chabatta,Panes,0.25,768,729
2023-12-09,Pan Francés,Panes,0.25,648,610
2023-12-09,Pan Yema Largo,Panes,0.25,360,322
2023-12-09,Pan Yema Redondo,Panes,0.25,360,323
2023-12-09,Pan Chapla,Panes,0.25,144,112
2023-12-09,Pan Coliza,Panes,0.25,192,172
2023-12-09,Pan Integral,Panes,0.25,144,112
2023-12-09,Pan Caracol,Panes,0.25,144,118
2023-12-09,Pan Hamburguesa,Panes,0.4,288,248
2023-12-09,Cachito,Panes,0.25,144,115
2023-12-09,Pan Manjar,Panes,0.3,72,68
2023-12-09,Leche,Abarrotes,4.0,5,4
2023-12-09,Jamon,Abarrotes,2.5,6,4
2023-12-09,Café,Abarrotes,2.0,5,2
2023-12-09,Queso,Abarrotes,3.0,4,2
2023-12-09,Alfajores Pequeños,Bocaditos,0.25,200,157
2023-12-09,Alfajores Grandes,Bocaditos,1.0,100,75
2023-12-09,Galletas Pequeñas,Bocaditos,0.25,200,151
2023-12-09,Galletas Grandes,Bocaditos,1.0,300,294
2023-12-09,Cookie,Bocaditos,2.0,100,72
2023-12-09,Orejitas Pequeñas,Bocaditos,0.25,200,151
2023-12-09,Orejas Grandes,Bocaditos,1.0,100,75
2023-12-09,Beso de Moza,Bocaditos,1.0,80,53
2023-12-09,Caramandugas,Bocaditos,0.25,300,257
2023-12-09,Rosquitas,Bocaditos,0.25,300,251
2023-12-10,Pan Chabatta,Panes,0.25,768,733
2023-12-10,Pan Francés,Panes,0.25,648,614
2023-12-10,Pan Yema Largo,Panes,0.25,360,320
2023-12-10,Pan Yema Redondo,Panes,0.25,360,320
2023-12-10,Pan Chapla,Panes,0.25,144,118
2023-12-10,Pan Coliza,Panes,0.25,192,170
2023-12-10,Pan Integral,Panes,0.25,144,113
2023-12-10,Pan Caracol,Panes,0.25,144,110
2023-12-10,Pan Hamburguesa,Panes,0.4,288,249
2023-12-10,Cachito,Panes,0.25,144,115
2023-12-10,Pan Manjar,Panes,0.3,72,70
2023-12-10,Leche,Abarrotes,4.0,5,4
2023-12-10,Jamon,Abarrotes,2.5,6,3
2023-12-10,Café,Abarrotes,2.0,5,4
2023-12-10,Queso,Abarrotes,3.0,4,2
2023-12-10,Alfajores Pequeños,Bocaditos,0.25,200,153
2023-12-10,Alfajores Grandes,Bocaditos,1.0,100,78
2023-12-10,Galletas Pequeñas,Bocaditos,0.25,200,152
2023-12-10,Galletas Grandes,Bocaditos,1.0,300,295
2023-12-10,Cookie,Bocaditos,2.0,100,73
2023-12-10,Orejitas Pequeñas,Bocaditos,0.25,200,158
2023-12-10,Orejas Grandes,Bocaditos,1.0,100,75
2023-12-10,Beso de Moza,Bocaditos,1.0,80,57
2023-12-10,Caramandugas,Bocaditos,0.25,300,260
2023-12-10,Rosquitas,Bocaditos,0.25,300,252
2023-12-11,Pan Chabatta,Panes,0.25,768,720
2023-12-11,Pan Francés,Panes,0.25,648,610
2023-12-11,Pan Yema Largo,Panes,0.25,360,320
2023-12-11,Pan Yema Redondo,Panes,0.25,360,320
2023-12-11,Pan Chapla,Panes,0.25,144,110
2023-12-11,Pan Coliza,Panes,0.25,192,170
2023-12-11,Pan Integral,Panes,0.25,144,110
2023-12-11,Pan Caracol,Panes,0.25,144,110
2023-12-11,Pan Hamburguesa,Panes,0.4,288,240
2023-12-11,Cachito,Panes,0.25,144,110
2023-12-11,Pan Manjar,Panes,0.3,72,68
2023-12-11,Leche,Abarrotes,4.0,5,2
2023-12-11,Jamon,Abarrotes,2.5,6,3
2023-12-11,Café,Abarrotes,2.0,5,2
2023-12-11,Queso,Abarrotes,3.0,4,3
2023-12-11,Alfajores Pequeños,Bocaditos,0.25,200,150
2023-12-11,Alfajores Grandes,Bocaditos,1.0,100,75
2023-12-11,Galletas Pequeñas,Bocaditos,0.25,200,150
2023-12-11,Galletas Grandes,Bocaditos,1.0,300,290
2023-12-11,Cookie,Bocaditos,2.0,100,70
2023-12-11,Orejitas Pequeñas,Bocaditos,0.25,200,150
2023-12-11,Orejas Grandes,Bocaditos,1.0,100,70
2023-12-11,Beso de Moza,Bocaditos,1.0,80,50
2023-12-11,Caramandugas,Bocaditos,0.25,300,250
2023-12-11,Rosquitas,Bocaditos,0.25,300,250
2023-12-12,Pan Chabatta,Panes,0.25,768,720
2023-12-12,Pan Francés,Panes,0.25,648,610
2023-12-12,Pan Yema Largo,Panes,0.25,360,320
2023-12-12,Pan Yema Redondo,Panes,0.25,360,320
2023-12-12,Pan Chapla,Panes,0.25,144,110
2023-12-12,Pan Coliza,Panes,0.25,192,170
2023-12-12,Pan Integral,Panes,0.25,144,110
2023-12-12,Pan Caracol,Panes,0.25,144,110
2023-12-12,Pan Hamburguesa,Panes,0.4,288,240
2023-12-12,Cachito,Panes,0.25,144,110
2023-12-12,Pan Manjar,Panes,0.3,72,68
2023-12-12,Leche,Abarrotes,4.0,5,3
2023-12-12,Jamon,Abarrotes,2.5,6,4
2023-12-12,Café,Abarrotes,2.0,5,2
2023-12-12,Queso,Abarrotes,3.0,4,3
2023-12-12,Alfajores Pequeños,Bocaditos,0.25,200,150
2023-12-12,Alfajores Grandes,Bocaditos,1.0,100,75
2023-12-12,Galletas Pequeñas,Bocaditos,0.25,200,150
2023-12-12,Galletas Grandes,Bocaditos,1.0,300,290
2023-12-12,Cookie,Bocaditos,2.0,100,70
2023-12-12,Orejitas Pequeñas,Bocaditos,0.25,200,150
2023-12-12,Orejas Grandes,Bocaditos,1.0,100,70
2023-12-12,Beso de Moza,Bocaditos,1.0,80,50
2023-12-12,Caramandugas,Bocaditos,0.25,300,250
2023-12-12,Rosquitas,Bocaditos,0.25,300,250
2023-12-13,Pan Chabatta,Panes,0.25,768,720
2023-12-13,Pan Francés,Panes,0.25,648,610
2023-12-13,Pan Yema Largo,Panes,0.25,360,320
2023-12-13,Pan Yema Redondo,Panes,0.25,360,320
2023-12-13,Pan Chapla,Panes,0.25,144,110
2023-12-13,Pan Coliza,Panes,0.25,192,170
2023-12-13,Pan Integral,Panes,0.25,144,110
2023-12-13,Pan Caracol,Panes,0.25,144,110
2023-12-13,Pan Hamburguesa,Panes,0.4,288,240
2023-12-13,Cachito,Panes,0.25,144,110
2023-12-13,Pan Manjar,Panes,0.3,72,68
2023-12-13,Leche,Abarrotes,4.0,5,2
2023-12-13,Jamon,Abarrotes,2.5,6,3
2023-12-13,Café,Abarrotes,2.0,5,4
2023-12-13,Queso,Abarrotes,3.0,4,2
2023-12-13,Alfajores Pequeños,Bocaditos,0.25,200,150
2023-12-13,Alfajores Grandes,Bocaditos,1.0,100,75
2023-12-13,Galletas Pequeñas,Bocaditos,0.25,200,150
2023-12-13,Galletas Grandes,Bocaditos,1.0,300,290
2023-12-13,Cookie,Bocaditos,2.0,100,70
2023-12-13,Orejitas Pequeñas,Bocaditos,0.25,200,150
2023-12-13,Orejas Grandes,Bocaditos,1.0,100,70
2023-12-13,Beso de Moza,Bocaditos,1.0,80,50
2023-12-13,Caramandugas,Bocaditos,0.25,300,250
2023-12-13,Rosquitas,Bocaditos,0.25,300,250
2023-12-14,Pan Chabatta,Panes,0.25,768,720
2023-12-14,Pan Francés,Panes,0.25,648,610
2023-12-14,Pan Yema Largo,Panes,0.25,360,320
2023-12-14,Pan Yema Redondo,Panes,0.25,360,320
2023-12-14,Pan Chapla,Panes,0.25,144,110
2023-12-14,Pan Coliza,Panes,0.25,192,170
2023-12-14,Pan Integral,Panes,0.25,144,110
2023-12-14,Pan Caracol,Panes,0.25,144,110
2023-12-14,Pan Hamburguesa,Panes,0.4,288,240
2023-12-14,Cachito,Panes,0.25,144,110
2023-12-14,Pan Manjar,Panes,0.3,72,68
2023-12-14,Leche,Abarrotes,4.0,5,4
2023-12-14,Jamon,Abarrotes,2.5,6,4
2023-12-14,Café,Abarrotes,2.0,5,3
2023-12-14,Queso,Abarrotes,3.0,4,2
2023-12-14,Alfajores Pequeños,Bocaditos,0.25,200,150
2023-12-14,Alfajores Grandes,Bocaditos,1.0,100,75
2023-12-14,Galletas Pequeñas,Bocaditos,0.25,200,150
2023-12-14,Galletas Grandes,Bocaditos,1.0,300,290
2023-12-14,Cookie,Bocaditos,2.0,100,70
2023-12-14,Orejitas Pequeñas,Bocaditos,0.25,200,150
2023-12-14,Orejas Grandes,Bocaditos,1.0,100,70
2023-12-14,Beso de Moza,Bocaditos,1.0,80,50
2023-12-14,Caramandugas,Bocaditos,0.25,300,250
2023-12-14,Rosquitas,Bocaditos,0.25,300,250
2023-12-15,Pan Chabatta,Panes,0.25,768,720
2023-12-15,Pan Francés,Panes,0.25,648,610
2023-12-15,Pan Yema Largo,Panes,0.25,360,320
2023-12-15,Pan Yema Redondo,Panes,0.25,360,320
2023-12-15,Pan Chapla,Panes,0.25,144,110
2023-12-15,Pan Coliza,Panes,0.25,192,170
2023-12-15,Pan Integral,Panes,0.25,144,110
2023-12-15,Pan Caracol,Panes,0.25,144,110
2023-12-15,Pan Hamburguesa,Panes,0.4,288,240
2023-12-15,Cachito,Panes,0.25,144,110
2023-12-15,Pan Manjar,Panes,0.3,72,68
2023-12-15,Leche,Abarrotes,4.0,5,2
2023-12-15,Jamon,Abarrotes,2.5,6,3
2023-12-15,Café,Abarrotes,2.0,5,2
2023-12-15,Queso,Abarrotes,3.0,4,2
2023-12-15,Alfajores Pequeños,Bocaditos,0.25,200,150
2023-12-15,Alfajores Grandes,Bocaditos,1.0,100,75
2023-12-15,Galletas Pequeñas,Bocaditos,0.25,200,150
2023-12-15,Galletas Grandes,Bocaditos,1.0,300,290
2023-12-15,Cookie,Bocaditos,2.0,100,70
2023-12-15,Orejitas Pequeñas,Bocaditos,0.25,200,150
2023-12-15,Orejas Grandes,Bocaditos,1.0,100,70
2023-12-15,Beso de Moza,Bocaditos,1.0,80,50
2023-12-15,Caramandugas,Bocaditos,0.25,300,250
2023-12-15,Rosquitas,Bocaditos,0.25,300,250
2023-12-16,Pan Chabatta,Panes,0.25,768,736
2023-12-16,Pan Francés,Panes,0.25,648,610
2023-12-16,Pan Yema Largo,Panes,0.25,360,324
2023-12-16,Pan Yema Redondo,Panes,0.25,360,320
2023-12-16,Pan Chapla,Panes,0.25,144,116
2023-12-16,Pan Coliza,Panes,0.25,192,173
2023-12-16,Pan Integral,Panes,0.25,144,119
2023-12-16,Pan Caracol,Panes,0.25,144,119
2023-12-16,Pan Hamburguesa,Panes,0.4,288,242
2023-12-16,Cachito,Panes,0.25,144,113
2023-12-16,Pan Manjar,Panes,0.3,72,69
2023-12-16,Leche,Abarrotes,4.0,5,2
2023-12-16,Jamon,Abarrotes,2.5,6,4
2023-12-16,Café,Abarrotes,2.0,5,2
2023-12-16,Queso,Abarrotes,3.0,4,2
2023-12-16,Alfajores Pequeños,Bocaditos,0.25,200,156
2023-12-16,Alfajores Grandes,Bocaditos,1.0,100,79
2023-12-16,Galletas Pequeñas,Bocaditos,0.25,200,153
2023-12-16,Galletas Grandes,Bocaditos,1.0,300,292
2023-12-16,Cookie,Bocaditos,2.0,100,71
2023-12-16,Orejitas Pequeñas,Bocaditos,0.25,200,159
2023-12-16,Orejas Grandes,Bocaditos,1.0,100,72
2023-12-16,Beso de Moza,Bocaditos,1.0,80,53
2023-12-16,Caramandugas,Bocaditos,0.25,300,259
2023-12-16,Rosquitas,Bocaditos,0.25,300,250
2023-12-17,Pan Chabatta,Panes,0.25,768,739
2023-12-17,Pan Francés,Panes,0.25,648,612
2023-12-17,Pan Yema Largo,Panes,0.25,360,320
2023-12-17,Pan Yema Redondo,Panes,0.25,360,331
2023-12-17,Pan Chapla,Panes,0.25,144,117
2023-12-17,Pan Coliza,Panes,0.25,192,170
2023-12-17,Pan Integral,Panes,0.25,144,119
2023-12-17,Pan Caracol,Panes,0.25,144,114
2023-12-17,Pan Hamburguesa,Panes,0.4,288,240
2023-12-17,Cachito,Panes,0.25,144,115
2023-12-17,Pan Manjar,Panes,0.3,72,68
2023-12-17,Leche,Abarrotes,4.0,5,4
2023-12-17,Jamon,Abarrotes,2.5,6,4
2023-12-17,Café,Abarrotes,2.0,5,2
2023-12-17,Queso,Abarrotes,3.0,4,3
2023-12-17,Alfajores Pequeños,Bocaditos,0.25,200,157
2023-12-17,Alfajores Grandes,Bocaditos,1.0,100,77
2023-12-17,Galletas Pequeñas,Bocaditos,0.25,200,155
2023-12-17,Galletas Grandes,Bocaditos,1.0,300,294
2023-12-17,Cookie,Bocaditos,2.0,100,73
2023-12-17,Orejitas Pequeñas,Bocaditos,0.25,200,153
2023-12-17,Orejas Grandes,Bocaditos,1.0,100,74
2023-12-17,Beso de Moza,Bocaditos,1.0,80,52
2023-12-17,Caramandugas,Bocaditos,0.25,300,253
2023-12-17,Rosquitas,Bocaditos,0.25,300,260
2023-12-18,Pan Chabatta,Panes,0.25,768,720
2023-12-18,Pan Francés,Panes,0.25,648,610
2023-12-18,Pan Yema Largo,Panes,0.25,360,320
2023-12-18,Pan Yema Redondo,Panes,0.25,360,320
2023-12-18,Pan Chapla,Panes,0.25,144,110
2023-12-18,Pan Coliza,Panes,0.25,192,170
2023-12-18,Pan Integral,Panes,0.25,144,110
2023-12-18,Pan Caracol,Panes,0.25,144,110
2023-12-18,Pan Hamburguesa,Panes,0.4,288,240
2023-12-18,Cachito,Panes,0.25,144,110
2023-12-18,Pan Manjar,Panes,0.3,72,68
2023-12-18,Leche,Abarrotes,4.0,5,2
2023-12-18,Jamon,Abarrotes,2.5,6,3
2023-12-18,Café,Abarrotes,2.0,5,2
2023-12-18,Queso,Abarrotes,3.0,4,2
2023-12-18,Alfajores Pequeños,Bocaditos,0.25,200,150
2023-12-18,Alfajores Grandes,Bocaditos,1.0,100,75
2023-12-18,Galletas Pequeñas,Bocaditos,0.25,200,150
2023-12-18,Galletas Grandes,Bocaditos,1.0,300,290
2023-12-18,Cookie,Bocaditos,2.0,100,70
2023-12-18,Orejitas Pequeñas,Bocaditos,0.25,200,150
2023-12-18,Orejas Grandes,Bocaditos,1.0,100,70
2023-12-18,Beso de Moza,Bocaditos,1.0,80,50
2023-12-18,Caramandugas,Bocaditos,0.25,300,250
2023-12-18,Rosquitas,Bocaditos,0.25,300,250
2023-12-19,Pan Chabatta,Panes,0.25,768,720
2023-12-19,Pan Francés,Panes,0.25,648,610
2023-12-19,Pan Yema Largo,Panes,0.25,360,320
2023-12-19,Pan Yema Redondo,Panes,0.25,360,320
2023-12-19,Pan Chapla,Panes,0.25,144,110
2023-12-19,Pan Coliza,Panes,0.25,192,170
2023-12-19,Pan Integral,Panes,0.25,144,110
2023-12-19,Pan Caracol,Panes,0.25,144,110
2023-12-19,Pan Hamburguesa,Panes,0.4,288,240
2023-12-19,Cachito,Panes,0.25,144,110
2023-12-19,Pan Manjar,Panes,0.3,72,68
2023-12-19,Leche,Abarrotes,4.0,5,3
2023-12-19,Jamon,Abarrotes,2.5,6,3
2023-12-19,Café,Abarrotes,2.0,5,2
2023-12-19,Queso,Abarrotes,3.0,4,2
2023-12-19,Alfajores Pequeños,Bocaditos,0.25,200,150
2023-12-19,Alfajores Grandes,Bocaditos,1.0,100,75
2023-12-19,Galletas Pequeñas,Bocaditos,0.25,200,150
2023-12-19,Galletas Grandes,Bocaditos,1.0,300,290
2023-12-19,Cookie,Bocaditos,2.0,100,70
2023-12-19,Orejitas Pequeñas,Bocaditos,0.25,200,150
2023-12-19,Orejas Grandes,Bocaditos,1.0,100,70
2023-12-19,Beso de Moza,Bocaditos,1.0,80,50
2023-12-19,Caramandugas,Bocaditos,0.25,300,250
2023-12-19,Rosquitas,Bocaditos,0.25,300,250
2023-12-20,Pan Chabatta,Panes,0.25,768,720
2023-12-20,Pan Francés,Panes,0.25,648,610
2023-12-20,Pan Yema Largo,Panes,0.25,360,320
2023-12-20,Pan Yema Redondo,Panes,0.25,360,320
2023-12-20,Pan Chapla,Panes,0.25,144,110
2023-12-20,Pan Coliza,Panes,0.25,192,170
2023-12-20,Pan Integral,Panes,0.25,144,110
2023-12-20,Pan Caracol,Panes,0.25,144,110
2023-12-20,Pan Hamburguesa,Panes,0.4,288,240
2023-12-20,Cachito,Panes,0.25,144,110
2023-12-20,Pan Manjar,Panes,0.3,72,68
2023-12-20,Leche,Abarrotes,4.0,5,2
2023-12-20,Jamon,Abarrotes,2.5,6,3
2023-12-20,Café,Abarrotes,2.0,5,2
2023-12-20,Queso,Abarrotes,3.0,4,2
2023-12-20,Alfajores Pequeños,Bocaditos,0.25,200,150
2023-12-20,Alfajores Grandes,Bocaditos,1.0,100,75
2023-12-20,Galletas Pequeñas,Bocaditos,0.25,200,150
2023-12-20,Galletas Grandes,Bocaditos,1.0,300,290
2023-12-20,Cookie,Bocaditos,2.0,100,70
2023-12-20,Orejitas Pequeñas,Bocaditos,0.25,200,150
2023-12-20,Orejas Grandes,Bocaditos,1.0,100,70
2023-12-20,Beso de Moza,Bocaditos,1.0,80,50
2023-12-20,Caramandugas,Bocaditos,0.25,300,250
2023-12-20,Rosquitas,Bocaditos,0.25,300,250
2023-12-21,Pan Chabatta,Panes,0.25,768,720
2023-12-21,Pan Francés,Panes,0.25,648,610
2023-12-21,Pan Yema Largo,Panes,0.25,360,320
2023-12-21,Pan Yema Redondo,Panes,0.25,360,320
2023-12-21,Pan Chapla,Panes,0.25,144,110
2023-12-21,Pan Coliza,Panes,0.25,192,170
2023-12-21,Pan Integral,Panes,0.25,144,110
2023-12-21,Pan Caracol,Panes,0.25,144,110
2023-12-21,Pan Hamburguesa,Panes,0.4,288,240
2023-12-21,Cachito,Panes,0.25,144,110
2023-12-21,Pan Manjar,Panes,0.3,72,68
2023-12-21,Leche,Abarrotes,4.0,5,2
2023-12-21,Jamon,Abarrotes,2.5,6,3
2023-12-21,Café,Abarrotes,2.0,5,2
2023-12-21,Queso,Abarrotes,3.0,4,3
2023-12-21,Alfajores Pequeños,Bocaditos,0.25,200,150
2023-12-21,Alfajores Grandes,Bocaditos,1.0,100,75
2023-12-21,Galletas Pequeñas,Bocaditos,0.25,200,150
2023-12-21,Galletas Grandes,Bocaditos,1.0,300,290
2023-12-21,Cookie,Bocaditos,2.0,100,70
2023-12-21,Orejitas Pequeñas,Bocaditos,0.25,200,150
2023-12-21,Orejas Grandes,Bocaditos,1.0,100,70
2023-12-21,Beso de Moza,Bocaditos,1.0,80,50
2023-12-21,Caramandugas,Bocaditos,0.25,300,250
2023-12-21,Rosquitas,Bocaditos,0.25,300,250
2023-12-22,Pan Chabatta,Panes,0.25,768,720
2023-12-22,Pan Francés,Panes,0.25,648,610
2023-12-22,Pan Yema Largo,Panes,0.25,360,320
2023-12-22,Pan Yema Redondo,Panes,0.25,360,320
2023-12-22,Pan Chapla,Panes,0.25,144,110
2023-12-22,Pan Coliza,Panes,0.25,192,170
2023-12-22,Pan Integral,Panes,0.25,144,110
2023-12-22,Pan Caracol,Panes,0.25,144,110
2023-12-22,Pan Hamburguesa,Panes,0.4,288,240
2023-12-22,Cachito,Panes,0.25,144,110
2023-12-22,Pan Manjar,Panes,0.3,72,68
2023-12-22,Leche,Abarrotes,4.0,5,4
2023-12-22,Jamon,Abarrotes,2.5,6,3
2023-12-22,Café,Abarrotes,2.0,5,2
2023-12-22,Queso,Abarrotes,3.0,4,2
2023-12-22,Alfajores Pequeños,Bocaditos,0.25,200,150
2023-12-22,Alfajores Grandes,Bocaditos,1.0,100,75
2023-12-22,Galletas Pequeñas,Bocaditos,0.25,200,150
2023-12-22,Galletas Grandes,Bocaditos,1.0,300,290
2023-12-22,Cookie,Bocaditos,2.0,100,70
2023-12-22,Orejitas Pequeñas,Bocaditos,0.25,200,150
2023-12-22,Orejas Grandes,Bocaditos,1.0,100,70
2023-12-22,Beso de Moza,Bocaditos,1.0,80,50
2023-12-22,Caramandugas,Bocaditos,0.25,300,250
2023-12-22,Rosquitas,Bocaditos,0.25,300,250
2023-12-23,Pan Chabatta,Panes,0.25,768,736
2023-12-23,Pan Francés,Panes,0.25,648,613
2023-12-23,Pan Yema Largo,Panes,0.25,360,327
2023-12-23,Pan Yema Redondo,Panes,0.25,360,320
2023-12-23,Pan Chapla,Panes,0.25,144,116
2023-12-23,Pan Coliza,Panes,0.25,192,176
2023-12-23,Pan Integral,Panes,0.25,144,115
2023-12-23,Pan Caracol,Panes,0.25,144,112
2023-12-23,Pan Hamburguesa,Panes,0.4,288,249
2023-12-23,Cachito,Panes,0.25,144,111
2023-12-23,Pan Manjar,Panes,0.3,72,69
2023-12-23,Leche,Abarrotes,4.0,5,2
2023-12-23,Jamon,Abarrotes,2.5,6,4
2023-12-23,Café,Abarrotes,2.0,5,3
2023-12-23,Queso,Abarrotes,3.0,4,3
2023-12-23,Alfajores Pequeños,Bocaditos,0.25,200,159
2023-12-23,Alfajores Grandes,Bocaditos,1.0,100,76
2023-12-23,Galletas Pequeñas,Bocaditos,0.25,200,152
2023-12-23,Galletas Grandes,Bocaditos,1.0,300,292
2023-12-23,Cookie,Bocaditos,2.0,100,73
2023-12-23,Orejitas Pequeñas,Bocaditos,0.25,200,153
2023-12-23,Orejas Grandes,Bocaditos,1.0,100,74
2023-12-23,Beso de Moza,Bocaditos,1.0,80,50
2023-12-23,Caramandugas,Bocaditos,0.25,300,251
2023-12-23,Rosquitas,Bocaditos,0.25,300,259
2023-12-24,Pan Chabatta,Panes,0.25,768,735
2023-12-24,Pan Francés,Panes,0.25,648,614
2023-12-24,Pan Yema Largo,Panes,0.25,360,327
2023-12-24,Pan Yema Redondo,Panes,0.25,360,325
2023-12-24,Pan Chapla,Panes,0.25,144,111
2023-12-24,Pan Coliza,Panes,0.25,192,171
2023-12-24,Pan Integral,Panes,0.25,144,114
2023-12-24,Pan Caracol,Panes,0.25,144,119
2023-12-24,Pan Hamburguesa,Panes,0.4,288,242
2023-12-24,Cachito,Panes,0.25,144,116
2023-12-24,Pan Manjar,Panes,0.3,72,68
2023-12-24,Leche,Abarrotes,4.0,5,3
2023-12-24,Jamon,Abarrotes,2.5,6,4
2023-12-24,Café,Abarrotes,2.0,5,2
2023-12-24,Queso,Abarrotes,3.0,4,2
2023-12-24,Alfajores Pequeños,Bocaditos,0.25,200,152
2023-12-24,Alfajores Grandes,Bocaditos,1.0,100,76
2023-12-24,Galletas Pequeñas,Bocaditos,0.25,200,158
2023-12-24,Galletas Grandes,Bocaditos,1.0,300,290
2023-12-24,Cookie,Bocaditos,2.0,100,74
2023-12-24,Orejitas Pequeñas,Bocaditos,0.25,200,160
2023-12-24,Orejas Grandes,Bocaditos,1.0,100,70
2023-12-24,Beso de Moza,Bocaditos,1.0,80,54
2023-12-24,Caramandugas,Bocaditos,0.25,300,258
2023-12-24,Rosquitas,Bocaditos,0.25,300,257
2023-12-25,Pan Chabatta,Panes,0.25,768,720
2023-12-25,Pan Francés,Panes,0.25,648,610
2023-12-25,Pan Yema Largo,Panes,0.25,360,320
2023-12-25,Pan Yema Redondo,Panes,0.25,360,320
2023-12-25,Pan Chapla,Panes,0.25,144,110
2023-12-25,Pan Coliza,Panes,0.25,192,170
2023-12-25,Pan Integral,Panes,0.25,144,110
2023-12-25,Pan Caracol,Panes,0.25,144,110
2023-12-25,Pan Hamburguesa,Panes,0.4,288,240
2023-12-25,Cachito,Panes,0.25,144,110
2023-12-25,Pan Manjar,Panes,0.3,72,68
2023-12-25,Leche,Abarrotes,4.0,5,2
2023-12-25,Jamon,Abarrotes,2.5,6,3
2023-12-25,Café,Abarrotes,2.0,5,2
2023-12-25,Queso,Abarrotes,3.0,4,2
2023-12-25,Alfajores Pequeños,Bocaditos,0.25,200,150
2023-12-25,Alfajores Grandes,Bocaditos,1.0,100,75
2023-12-25,Galletas Pequeñas,Bocaditos,0.25,200,150
2023-12-25,Galletas Grandes,Bocaditos,1.0,300,290
2023-12-25,Cookie,Bocaditos,2.0,100,70
2023-12-25,Orejitas Pequeñas,Bocaditos,0.25,200,150
2023-12-25,Orejas Grandes,Bocaditos,1.0,100,70
2023-12-25,Beso de Moza,Bocaditos,1.0,80,50
2023-12-25,Caramandugas,Bocaditos,0.25,300,250
2023-12-25,Rosquitas,Bocaditos,0.25,300,250
2023-12-26,Pan Chabatta,Panes,0.25,768,720
2023-12-26,Pan Francés,Panes,0.25,648,610
2023-12-26,Pan Yema Largo,Panes,0.25,360,320
2023-12-26,Pan Yema Redondo,Panes,0.25,360,320
2023-12-26,Pan Chapla,Panes,0.25,144,110
2023-12-26,Pan Coliza,Panes,0.25,192,170
2023-12-26,Pan Integral,Panes,0.25,144,110
2023-12-26,Pan Caracol,Panes,0.25,144,110
2023-12-26,Pan Hamburguesa,Panes,0.4,288,240
2023-12-26,Cachito,Panes,0.25,144,110
2023-12-26,Pan Manjar,Panes,0.3,72,68
2023-12-26,Leche,Abarrotes,4.0,5,3
2023-12-26,Jamon,Abarrotes,2.5,6,3
2023-12-26,Café,Abarrotes,2.0,5,3
2023-12-26,Queso,Abarrotes,3.0,4,2
2023-12-26,Alfajores Pequeños,Bocaditos,0.25,200,150
2023-12-26,Alfajores Grandes,Bocaditos,1.0,100,75
2023-12-26,Galletas Pequeñas,Bocaditos,0.25,200,150
2023-12-26,Galletas Grandes,Bocaditos,1.0,300,290
2023-12-26,Cookie,Bocaditos,2.0,100,70
2023-12-26,Orejitas Pequeñas,Bocaditos,0.25,200,150
2023-12-26,Orejas Grandes,Bocaditos,1.0,100,70
2023-12-26,Beso de Moza,Bocaditos,1.0,80,50
2023-12-26,Caramandugas,Bocaditos,0.25,300,250
2023-12-26,Rosquitas,Bocaditos,0.25,300,250
2023-12-27,Pan Chabatta,Panes,0.25,768,720
2023-12-27,Pan Francés,Panes,0.25,648,610
2023-12-27,Pan Yema Largo,Panes,0.25,360,320
2023-12-27,Pan Yema Redondo,Panes,0.25,360,320
2023-12-27,Pan Chapla,Panes,0.25,144,110
2023-12-27,Pan Coliza,Panes,0.25,192,170
2023-12-27,Pan Integral,Panes,0.25,144,110
2023-12-27,Pan Caracol,Panes,0.25,144,110
2023-12-27,Pan Hamburguesa,Panes,0.4,288,240
2023-12-27,Cachito,Panes,0.25,144,110
2023-12-27,Pan Manjar,Panes,0.3,72,68
2023-12-27,Leche,Abarrotes,4.0,5,4
2023-12-27,Jamon,Abarrotes,2.5,6,3
2023-12-27,Café,Abarrotes,2.0,5,2
2023-12-27,Queso,Abarrotes,3.0,4,2
2023-12-27,Alfajores Pequeños,Bocaditos,0.25,200,150
2023-12-27,Alfajores Grandes,Bocaditos,1.0,100,75
2023-12-27,Galletas Pequeñas,Bocaditos,0.25,200,150
2023-12-27,Galletas Grandes,Bocaditos,1.0,300,290
2023-12-27,Cookie,Bocaditos,2.0,100,70
2023-12-27,Orejitas Pequeñas,Bocaditos,0.25,200,150
2023-12-27,Orejas Grandes,Bocaditos,1.0,100,70
2023-12-27,Beso de Moza,Bocaditos,1.0,80,50
2023-12-27,Caramandugas,Bocaditos,0.25,300,250
2023-12-27,Rosquitas,Bocaditos,0.25,300,250
2023-12-28,Pan Chabatta,Panes,0.25,768,720
2023-12-28,Pan Francés,Panes,0.25,648,610
2023-12-28,Pan Yema Largo,Panes,0.25,360,320
2023-12-28,Pan Yema Redondo,Panes,0.25,360,320
2023-12-28,Pan Chapla,Panes,0.25,144,110
2023-12-28,Pan Coliza,Panes,0.25,192,170
2023-12-28,Pan Integral,Panes,0.25,144,110
2023-12-28,Pan Caracol,Panes,0.25,144,110
2023-12-28,Pan Hamburguesa,Panes,0.4,288,240
2023-12-28,Cachito,Panes,0.25,144,110
2023-12-28,Pan Manjar,Panes,0.3,72,68
2023-12-28,Leche,Abarrotes,4.0,5,3
2023-12-28,Jamon,Abarrotes,2.5,6,4
2023-12-28,Café,Abarrotes,2.0,5,3
2023-12-28,Queso,Abarrotes,3.0,4,2
2023-12-28,Alfajores Pequeños,Bocaditos,0.25,200,150
2023-12-28,Alfajores Grandes,Bocaditos,1.0,100,75
2023-12-28,Galletas Pequeñas,Bocaditos,0.25,200,150
2023-12-28,Galletas Grandes,Bocaditos,1.0,300,290
2023-12-28,Cookie,Bocaditos,2.0,100,70
2023-12-28,Orejitas Pequeñas,Bocaditos,0.25,200,150
2023-12-28,Orejas Grandes,Bocaditos,1.0,100,70
2023-12-28,Beso de Moza,Bocaditos,1.0,80,50
2023-12-28,Caramandugas,Bocaditos,0.25,300,250
2023-12-28,Rosquitas,Bocaditos,0.25,300,250
2023-12-29,Pan Chabatta,Panes,0.25,768,720
2023-12-29,Pan Francés,Panes,0.25,648,610
2023-12-29,Pan Yema Largo,Panes,0.25,360,320
2023-12-29,Pan Yema Redondo,Panes,0.25,360,320
2023-12-29,Pan Chapla,Panes,0.25,144,110
2023-12-29,Pan Coliza,Panes,0.25,192,170
2023-12-29,Pan Integral,Panes,0.25,144,110
2023-12-29,Pan Caracol,Panes,0.25,144,110
2023-12-29,Pan Hamburguesa,Panes,0.4,288,240
2023-12-29,Cachito,Panes,0.25,144,110
2023-12-29,Pan Manjar,Panes,0.3,72,68
2023-12-29,Leche,Abarrotes,4.0,5,2
2023-12-29,Jamon,Abarrotes,2.5,6,3
2023-12-29,Café,Abarrotes,2.0,5,2
2023-12-29,Queso,Abarrotes,3.0,4,2
2023-12-29,Alfajores Pequeños,Bocaditos,0.25,200,150
2023-12-29,Alfajores Grandes,Bocaditos,1.0,100,75
2023-12-29,Galletas Pequeñas,Bocaditos,0.25,200,150
2023-12-29,Galletas Grandes,Bocaditos,1.0,300,290
2023-12-29,Cookie,Bocaditos,2.0,100,70
2023-12-29,Orejitas Pequeñas,Bocaditos,0.25,200,150
2023-12-29,Orejas Grandes,Bocaditos,1.0,100,70
2023-12-29,Beso de Moza,Bocaditos,1.0,80,50
2023-12-29,Caramandugas,Bocaditos,0.25,300,250
2023-12-29,Rosquitas,Bocaditos,0.25,300,250
2023-12-30,Pan Chabatta,Panes,0.25,768,720
2023-12-30,Pan Francés,Panes,0.25,648,617
2023-12-30,Pan Yema Largo,Panes,0.25,360,329
2023-12-30,Pan Yema Redondo,Panes,0.25,360,327
2023-12-30,Pan Chapla,Panes,0.25,144,113
2023-12-30,Pan Coliza,Panes,0.25,192,174
2023-12-30,Pan Integral,Panes,0.25,144,120
2023-12-30,Pan Caracol,Panes,0.25,144,110
2023-12-30,Pan Hamburguesa,Panes,0.4,288,251
2023-12-30,Cachito,Panes,0.25,144,117
2023-12-30,Pan Manjar,Panes,0.3,72,70
2023-12-30,Leche,Abarrotes,4.0,5,2
2023-12-30,Jamon,Abarrotes,2.5,6,5
2023-12-30,Café,Abarrotes,2.0,5,4
2023-12-30,Queso,Abarrotes,3.0,4,2
2023-12-30,Alfajores Pequeños,Bocaditos,0.25,200,157
2023-12-30,Alfajores Grandes,Bocaditos,1.0,100,77
2023-12-30,Galletas Pequeñas,Bocaditos,0.25,200,156
2023-12-30,Galletas Grandes,Bocaditos,1.0,300,295
2023-12-30,Cookie,Bocaditos,2.0,100,72
2023-12-30,Orejitas Pequeñas,Bocaditos,0.25,200,152
2023-12-30,Orejas Grandes,Bocaditos,1.0,100,73
2023-12-30,Beso de Moza,Bocaditos,1.0,80,54
2023-12-30,Caramandugas,Bocaditos,0.25,300,253
2023-12-30,Rosquitas,Bocaditos,0.25,300,253
2023-12-31,Pan Chabatta,Panes,0.25,768,728
2023-12-31,Pan Francés,Panes,0.25,648,610
2023-12-31,Pan Yema Largo,Panes,0.25,360,324
2023-12-31,Pan Yema Redondo,Panes,0.25,360,329
2023-12-31,Pan Chapla,Panes,0.25,144,115
2023-12-31,Pan Coliza,Panes,0.25,192,172
2023-12-31,Pan Integral,Panes,0.25,144,115
2023-12-31,Pan Caracol,Panes,0.25,144,111
2023-12-31,Pan Hamburguesa,Panes,0.4,288,246
2023-12-31,Cachito,Panes,0.25,144,113
2023-12-31,Pan Manjar,Panes,0.3,72,68
2023-12-31,Leche,Abarrotes,4.0,5,4
2023-12-31,Jamon,Abarrotes,2.5,6,4
2023-12-31,Café,Abarrotes,2.0,5,3
2023-12-31,Queso,Abarrotes,3.0,4,3
2023-12-31,Alfajores Pequeños,Bocaditos,0.25,200,154
2023-12-31,Alfajores Grandes,Bocaditos,1.0,100,79
2023-12-31,Galletas Pequeñas,Bocaditos,0.25,200,155
2023-12-31,Galletas Grandes,Bocaditos,1.0,300,293
2023-12-31,Cookie,Bocaditos,2.0,100,73
2023-12-31,Orejitas Pequeñas,Bocaditos,0.25,200,155
2023-12-31,Orejas Grandes,Bocaditos,1.0,100,73
2023-12-31,Beso de Moza,Bocaditos,1.0,80,59
2023-12-31,Caramandugas,Bocaditos,0.25,300,258
2023-12-31,Rosquitas,Bocaditos,0.25,300,254
2024-01-01,Pan Chabatta,Panes,0.25,768,720
2024-01-01,Pan Francés,Panes,0.25,648,610
2024-01-01,Pan Yema Largo,Panes,0.25,360,320
2024-01-01,Pan Yema Redondo,Panes,0.25,360,320
2024-01-01,Pan Chapla,Panes,0.25,144,110
2024-01-01,Pan Coliza,Panes,0.25,192,170
2024-01-01,Pan Integral,Panes,0.25,144,110
2024-01-01,Pan Caracol,Panes,0.25,144,110
2024-01-01,Pan Hamburguesa,Panes,0.4,288,240
2024-01-01,Cachito,Panes,0.25,144,110
2024-01-01,Pan Manjar,Panes,0.3,72,68
2024-01-01,Leche,Abarrotes,4.0,5,2
2024-01-01,Jamon,Abarrotes,2.5,6,3
2024-01-01,Café,Abarrotes,2.0,5,2
2024-01-01,Queso,Abarrotes,3.0,4,2
2024-01-01,Alfajores Pequeños,Bocaditos,0.25,200,150
2024-01-01,Alfajores Grandes,Bocaditos,1.0,100,75
2024-01-01,Galletas Pequeñas,Bocaditos,0.25,200,150
2024-01-01,Galletas Grandes,Bocaditos,1.0,300,290
2024-01-01,Cookie,Bocaditos,2.0,100,70
2024-01-01,Orejitas Pequeñas,Bocaditos,0.25,200,150
2024-01-01,Orejas Grandes,Bocaditos,1.0,100,70
2024-01-01,Beso de Moza,Bocaditos,1.0,80,50
2024-01-01,Caramandugas,Bocaditos,0.25,300,250
2024-01-01,Rosquitas,Bocaditos,0.25,300,250
2024-01-02,Pan Chabatta,Panes,0.25,768,720
2024-01-02,Pan Francés,Panes,0.25,648,610
2024-01-02,Pan Yema Largo,Panes,0.25,360,320
2024-01-02,Pan Yema Redondo,Panes,0.25,360,320
2024-01-02,Pan Chapla,Panes,0.25,144,110
2024-01-02,Pan Coliza,Panes,0.25,192,170
2024-01-02,Pan Integral,Panes,0.25,144,110
2024-01-02,Pan Caracol,Panes,0.25,144,110
2024-01-02,Pan Hamburguesa,Panes,0.4,288,240
2024-01-02,Cachito,Panes,0.25,144,110
2024-01-02,Pan Manjar,Panes,0.3,72,68
2024-01-02,Leche,Abarrotes,4.0,5,4
2024-01-02,Jamon,Abarrotes,2.5,6,3
2024-01-02,Café,Abarrotes,2.0,5,2
2024-01-02,Queso,Abarrotes,3.0,4,3
2024-01-02,Alfajores Pequeños,Bocaditos,0.25,200,150
2024-01-02,Alfajores Grandes,Bocaditos,1.0,100,75
2024-01-02,Galletas Pequeñas,Bocaditos,0.25,200,150
2024-01-02,Galletas Grandes,Bocaditos,1.0,300,290
2024-01-02,Cookie,Bocaditos,2.0,100,70
2024-01-02,Orejitas Pequeñas,Bocaditos,0.25,200,150
2024-01-02,Orejas Grandes,Bocaditos,1.0,100,70
2024-01-02,Beso de Moza,Bocaditos,1.0,80,50
2024-01-02,Caramandugas,Bocaditos,0.25,300,250
2024-01-02,Rosquitas,Bocaditos,0.25,300,250
2024-01-03,Pan Chabatta,Panes,0.25,768,720
2024-01-03,Pan Francés,Panes,0.25,648,610
2024-01-03,Pan Yema Largo,Panes,0.25,360,320
2024-01-03,Pan Yema Redondo,Panes,0.25,360,320
2024-01-03,Pan Chapla,Panes,0.25,144,110
2024-01-03,Pan Coliza,Panes,0.25,192,170
2024-01-03,Pan Integral,Panes,0.25,144,110
2024-01-03,Pan Caracol,Panes,0.25,144,110
2024-01-03,Pan Hamburguesa,Panes,0.4,288,240
2024-01-03,Cachito,Panes,0.25,144,110
2024-01-03,Pan Manjar,Panes,0.3,72,68
2024-01-03,Leche,Abarrotes,4.0,5,4
2024-01-03,Jamon,Abarrotes,2.5,6,3
2024-01-03,Café,Abarrotes,2.0,5,2
2024-01-03,Queso,Abarrotes,3.0,4,2
2024-01-03,Alfajores Pequeños,Bocaditos,0.25,200,150
2024-01-03,Alfajores Grandes,Bocaditos,1.0,100,75
2024-01-03,Galletas Pequeñas,Bocaditos,0.25,200,150
2024-01-03,Galletas Grandes,Bocaditos,1.0,300,290
2024-01-03,Cookie,Bocaditos,2.0,100,70
2024-01-03,Orejitas Pequeñas,Bocaditos,0.25,200,150
2024-01-03,Orejas Grandes,Bocaditos,1.0,100,70
2024-01-03,Beso de Moza,Bocaditos,1.0,80,50
2024-01-03,Caramandugas,Bocaditos,0.25,300,250
2024-01-03,Rosquitas,Bocaditos,0.25,300,250
2024-01-04,Pan Chabatta,Panes,0.25,768,720
2024-01-04,Pan Francés,Panes,0.25,648,610
2024-01-04,Pan Yema Largo,Panes,0.25,360,320
2024-01-04,Pan Yema Redondo,Panes,0.25,360,320
2024-01-04,Pan Chapla,Panes,0.25,144,110
2024-01-04,Pan Coliza,Panes,0.25,192,170
2024-01-04,Pan Integral,Panes,0.25,144,110
2024-01-04,Pan Caracol,Panes,0.25,144,110
2024-01-04,Pan Hamburguesa,Panes,0.4,288,240
2024-01-04,Cachito,Panes,0.25,144,110
2024-01-04,Pan Manjar,Panes,0.3,72,68
2024-01-04,Leche,Abarrotes,4.0,5,2
2024-01-04,Jamon,Abarrotes,2.5,6,3
2024-01-04,Café,Abarrotes,2.0,5,2
2024-01-04,Queso,Abarrotes,3.0,4,3
2024-01-04,Alfajores Pequeños,Bocaditos,0.25,200,150
2024-01-04,Alfajores Grandes,Bocaditos,1.0,100,75
2024-01-04,Galletas Pequeñas,Bocaditos,0.25,200,150
2024-01-04,Galletas Grandes,Bocaditos,1.0,300,290
2024-01-04,Cookie,Bocaditos,2.0,100,70
2024-01-04,Orejitas Pequeñas,Bocaditos,0.25,200,150
2024-01-04,Orejas Grandes,Bocaditos,1.0,100,70
2024-01-04,Beso de Moza,Bocaditos,1.0,80,50
2024-01-04,Caramandugas,Bocaditos,0.25,300,250
2024-01-04,Rosquitas,Bocaditos,0.25,300,250
2024-01-05,Pan Chabatta,Panes,0.25,768,720
2024-01-05,Pan Francés,Panes,0.25,648,610
2024-01-05,Pan Yema Largo,Panes,0.25,360,320
2024-01-05,Pan Yema Redondo,Panes,0.25,360,320
2024-01-05,Pan Chapla,Panes,0.25,144,110
2024-01-05,Pan Coliza,Panes,0.25,192,170
2024-01-05,Pan Integral,Panes,0.25,144,110
2024-01-05,Pan Caracol,Panes,0.25,144,110
2024-01-05,Pan Hamburguesa,Panes,0.4,288,240
2024-01-05,Cachito,Panes,0.25,144,110
2024-01-05,Pan Manjar,Panes,0.3,72,68
2024-01-05,Leche,Abarrotes,4.0,5,2
2024-01-05,Jamon,Abarrotes,2.5,6,3
2024-01-05,Café,Abarrotes,2.0,5,2
2024-01-05,Queso,Abarrotes,3.0,4,2
2024-01-05,Alfajores Pequeños,Bocaditos,0.25,200,150
2024-01-05,Alfajores Grandes,Bocaditos,1.0,100,75
2024-01-05,Galletas Pequeñas,Bocaditos,0.25,200,150
2024-01-05,Galletas Grandes,Bocaditos,1.0,300,290
2024-01-05,Cookie,Bocaditos,2.0,100,70
2024-01-05,Orejitas Pequeñas,Bocaditos,0.25,200,150
2024-01-05,Orejas Grandes,Bocaditos,1.0,100,70
2024-01-05,Beso de Moza,Bocaditos,1.0,80,50
2024-01-05,Caramandugas,Bocaditos,0.25,300,250
2024-01-05,Rosquitas,Bocaditos,0.25,300,250
2024-01-06,Pan Chabatta,Panes,0.25,768,739
2024-01-06,Pan Francés,Panes,0.25,648,611
2024-01-06,Pan Yema Largo,Panes,0.25,360,328
2024-01-06,Pan Yema Redondo,Panes,0.25,360,329
2024-01-06,Pan Chapla,Panes,0.25,144,114
2024-01-06,Pan Coliza,Panes,0.25,192,172
2024-01-06,Pan Integral,Panes,0.25,144,117
2024-01-06,Pan Caracol,Panes,0.25,144,114
2024-01-06,Pan Hamburguesa,Panes,0.4,288,248
2024-01-06,Cachito,Panes,0.25,144,111
2024-01-06,Pan Manjar,Panes,0.3,72,70
2024-01-06,Leche,Abarrotes,4.0,5,3
2024-01-06,Jamon,Abarrotes,2.5,6,3
2024-01-06,Café,Abarrotes,2.0,5,3
2024-01-06,Queso,Abarrotes,3.0,4,3
2024-01-06,Alfajores Pequeños,Bocaditos,0.25,200,157
2024-01-06,Alfajores Grandes,Bocaditos,1.0,100,81
2024-01-06,Galletas Pequeñas,Bocaditos,0.25,200,156
2024-01-06,Galletas Grandes,Bocaditos,1.0,300,294
2024-01-06,Cookie,Bocaditos,2.0,100,70
2024-01-06,Orejitas Pequeñas,Bocaditos,0.25,200,161
2024-01-06,Orejas Grandes,Bocaditos,1.0,100,74
2024-01-06,Beso de Moza,Bocaditos,1.0,80,51
2024-01-06,Caramandugas,Bocaditos,0.25,300,259
2024-01-06,Rosquitas,Bocaditos,0.25,300,253
2024-01-07,Pan Chabatta,Panes,0.25,768,726
2024-01-07,Pan Francés,Panes,0.25,648,613
2024-01-07,Pan Yema Largo,Panes,0.25,360,328
2024-01-07,Pan Yema Redondo,Panes,0.25,360,322
2024-01-07,Pan Chapla,Panes,0.25,144,111
2024-01-07,Pan Coliza,Panes,0.25,192,171
2024-01-07,Pan Integral,Panes,0.25,144,120
2024-01-07,Pan Caracol,Panes,0.25,144,120
2024-01-07,Pan Hamburguesa,Panes,0.4,288,247
2024-01-07,Cachito,Panes,0.25,144,113
2024-01-07,Pan Manjar,Panes,0.3,72,69
2024-01-07,Leche,Abarrotes,4.0,5,3
2024-01-07,Jamon,Abarrotes,2.5,6,3
2024-01-07,Café,Abarrotes,2.0,5,3
2024-01-07,Queso,Abarrotes,3.0,4,3
2024-01-07,Alfajores Pequeños,Bocaditos,0.25,200,155
2024-01-07,Alfajores Grandes,Bocaditos,1.0,100,77
2024-01-07,Galletas Pequeñas,Bocaditos,0.25,200,152
2024-01-07,Galletas Grandes,Bocaditos,1.0,300,290
2024-01-07,Cookie,Bocaditos,2.0,100,72
2024-01-07,Orejitas Pequeñas,Bocaditos,0.25,200,153
2024-01-07,Orejas Grandes,Bocaditos,1.0,100,76
2024-01-07,Beso de Moza,Bocaditos,1.0,80,60
2024-01-07,Caramandugas,Bocaditos,0.25,300,251
2024-01-07,Rosquitas,Bocaditos,0.25,300,257
2024-01-08,Pan Chabatta,Panes,0.25,768,720
2024-01-08,Pan Francés,Panes,0.25,648,610
2024-01-08,Pan Yema Largo,Panes,0.25,360,320
2024-01-08,Pan Yema Redondo,Panes,0.25,360,320
2024-01-08,Pan Chapla,Panes,0.25,144,110
2024-01-08,Pan Coliza,Panes,0.25,192,170
2024-01-08,Pan Integral,Panes,0.25,144,110
2024-01-08,Pan Caracol,Panes,0.25,144,110
2024-01-08,Pan Hamburguesa,Panes,0.4,288,240
2024-01-08,Cachito,Panes,0.25,144,110
2024-01-08,Pan Manjar,Panes,0.3,72,68
2024-01-08,Leche,Abarrotes,4.0,5,2
2024-01-08,Jamon,Abarrotes,2.5,6,3
2024-01-08,Café,Abarrotes,2.0,5,2
2024-01-08,Queso,Abarrotes,3.0,4,2
2024-01-08,Alfajores Pequeños,Bocaditos,0.25,200,150
2024-01-08,Alfajores Grandes,Bocaditos,1.0,100,75
2024-01-08,Galletas Pequeñas,Bocaditos,0.25,200,150
2024-01-08,Galletas Grandes,Bocaditos,1.0,300,290
2024-01-08,Cookie,Bocaditos,2.0,100,70
2024-01-08,Orejitas Pequeñas,Bocaditos,0.25,200,150
2024-01-08,Orejas Grandes,Bocaditos,1.0,100,70
2024-01-08,Beso de Moza,Bocaditos,1.0,80,50
2024-01-08,Caramandugas,Bocaditos,0.25,300,250
2024-01-08,Rosquitas,Bocaditos,0.25,300,250
2024-01-09,Pan Chabatta,Panes,0.25,768,720
2024-01-09,Pan Francés,Panes,0.25,648,610
2024-01-09,Pan Yema Largo,Panes,0.25,360,320
2024-01-09,Pan Yema Redondo,Panes,0.25,360,320
2024-01-09,Pan Chapla,Panes,0.25,144,110
2024-01-09,Pan Coliza,Panes,0.25,192,170
2024-01-09,Pan Integral,Panes,0.25,144,110
2024-01-09,Pan Caracol,Panes,0.25,144,110
2024-01-09,Pan Hamburguesa,Panes,0.4,288,240
2024-01-09,Cachito,Panes,0.25,144,110
2024-01-09,Pan Manjar,Panes,0.3,72,68
2024-01-09,Leche,Abarrotes,4.0,5,2
2024-01-09,Jamon,Abarrotes,2.5,6,5
2024-01-09,Café,Abarrotes,2.0,5,2
2024-01-09,Queso,Abarrotes,3.0,4,2
2024-01-09,Alfajores Pequeños,Bocaditos,0.25,200,150
2024-01-09,Alfajores Grandes,Bocaditos,1.0,100,75
2024-01-09,Galletas Pequeñas,Bocaditos,0.25,200,150
2024-01-09,Galletas Grandes,Bocaditos,1.0,300,290
2024-01-09,Cookie,Bocaditos,2.0,100,70
2024-01-09,Orejitas Pequeñas,Bocaditos,0.25,200,150
2024-01-09,Orejas Grandes,Bocaditos,1.0,100,70
2024-01-09,Beso de Moza,Bocaditos,1.0,80,50
2024-01-09,Caramandugas,Bocaditos,0.25,300,250
2024-01-09,Rosquitas,Bocaditos,0.25,300,250
2024-01-10,Pan Chabatta,Panes,0.25,768,720
2024-01-10,Pan Francés,Panes,0.25,648,610
2024-01-10,Pan Yema Largo,Panes,0.25,360,320
2024-01-10,Pan Yema Redondo,Panes,0.25,360,320
2024-01-10,Pan Chapla,Panes,0.25,144,110
2024-01-10,Pan Coliza,Panes,0.25,192,170
2024-01-10,Pan Integral,Panes,0.25,144,110
2024-01-10,Pan Caracol,Panes,0.25,144,110
2024-01-10,Pan Hamburguesa,Panes,0.4,288,240
2024-01-10,Cachito,Panes,0.25,144,110
2024-01-10,Pan Manjar,Panes,0.3,72,68
2024-01-10,Leche,Abarrotes,4.0,5,2
2024-01-10,Jamon,Abarrotes,2.5,6,4
2024-01-10,Café,Abarrotes,2.0,5,2
2024-01-10,Queso,Abarrotes,3.0,4,2
2024-01-10,Alfajores Pequeños,Bocaditos,0.25,200,150
2024-01-10,Alfajores Grandes,Bocaditos,1.0,100,75
2024-01-10,Galletas Pequeñas,Bocaditos,0.25,200,150
2024-01-10,Galletas Grandes,Bocaditos,1.0,300,290
2024-01-10,Cookie,Bocaditos,2.0,100,70
2024-01-10,Orejitas Pequeñas,Bocaditos,0.25,200,150
2024-01-10,Orejas Grandes,Bocaditos,1.0,100,70
2024-01-10,Beso de Moza,Bocaditos,1.0,80,50
2024-01-10,Caramandugas,Bocaditos,0.25,300,250
2024-01-10,Rosquitas,Bocaditos,0.25,300,250
2024-01-11,Pan Chabatta,Panes,0.25,768,720
2024-01-11,Pan Francés,Panes,0.25,648,610
2024-01-11,Pan Yema Largo,Panes,0.25,360,320
2024-01-11,Pan Yema Redondo,Panes,0.25,360,320
2024-01-11,Pan Chapla,Panes,0.25,144,110
2024-01-11,Pan Coliza,Panes,0.25,192,170
2024-01-11,Pan Integral,Panes,0.25,144,110
2024-01-11,Pan Caracol,Panes,0.25,144,110
2024-01-11,Pan Hamburguesa,Panes,0.4,288,240
2024-01-11,Cachito,Panes,0.25,144,110
2024-01-11,Pan Manjar,Panes,0.3,72,68
2024-01-11,Leche,Abarrotes,4.0,5,2
2024-01-11,Jamon,Abarrotes,2.5,6,4
2024-01-11,Café,Abarrotes,2.0,5,2
2024-01-11,Queso,Abarrotes,3.0,4,2
2024-01-11,Alfajores Pequeños,Bocaditos,0.25,200,150
2024-01-11,Alfajores Grandes,Bocaditos,1.0,100,75
2024-01-11,Galletas Pequeñas,Bocaditos,0.25,200,150
2024-01-11,Galletas Grandes,Bocaditos,1.0,300,290
2024-01-11,Cookie,Bocaditos,2.0,100,70
2024-01-11,Orejitas Pequeñas,Bocaditos,0.25,200,150
2024-01-11,Orejas Grandes,Bocaditos,1.0,100,70
2024-01-11,Beso de Moza,Bocaditos,1.0,80,50
2024-01-11,Caramandugas,Bocaditos,0.25,300,250
2024-01-11,Rosquitas,Bocaditos,0.25,300,250
2024-01-12,Pan Chabatta,Panes,0.25,768,720
2024-01-12,Pan Francés,Panes,0.25,648,610
2024-01-12,Pan Yema Largo,Panes,0.25,360,320
2024-01-12,Pan Yema Redondo,Panes,0.25,360,320
2024-01-12,Pan Chapla,Panes,0.25,144,110
2024-01-12,Pan Coliza,Panes,0.25,192,170
2024-01-12,Pan Integral,Panes,0.25,144,110
2024-01-12,Pan Caracol,Panes,0.25,144,110
2024-01-12,Pan Hamburguesa,Panes,0.4,288,240
2024-01-12,Cachito,Panes,0.25,144,110
2024-01-12,Pan Manjar,Panes,0.3,72,68
2024-01-12,Leche,Abarrotes,4.0,5,2
2024-01-12,Jamon,Abarrotes,2.5,6,3
2024-01-12,Café,Abarrotes,2.0,5,2
2024-01-12,Queso,Abarrotes,3.0,4,2
2024-01-12,Alfajores Pequeños,Bocaditos,0.25,200,150
2024-01-12,Alfajores Grandes,Bocaditos,1.0,100,75
2024-01-12,Galletas Pequeñas,Bocaditos,0.25,200,150
2024-01-12,Galletas Grandes,Bocaditos,1.0,300,290
2024-01-12,Cookie,Bocaditos,2.0,100,70
2024-01-12,Orejitas Pequeñas,Bocaditos,0.25,200,150
2024-01-12,Orejas Grandes,Bocaditos,1.0,100,70
2024-01-12,Beso de Moza,Bocaditos,1.0,80,50
2024-01-12,Caramandugas,Bocaditos,0.25,300,250
2024-01-12,Rosquitas,Bocaditos,0.25,300,250
2024-01-13,Pan Chabatta,Panes,0.25,768,741
2024-01-13,Pan Francés,Panes,0.25,648,615
2024-01-13,Pan Yema Largo,Panes,0.25,360,327
2024-01-13,Pan Yema Redondo,Panes,0.25,360,330
2024-01-13,Pan Chapla,Panes,0.25,144,110
2024-01-13,Pan Coliza,Panes,0.25,192,170
2024-01-13,Pan Integral,Panes,0.25,144,113
2024-01-13,Pan Caracol,Panes,0.25,144,112
2024-01-13,Pan Hamburguesa,Panes,0.4,288,249
2024-01-13,Cachito,Panes,0.25,144,110
2024-01-13,Pan Manjar,Panes,0.3,72,69
2024-01-13,Leche,Abarrotes,4.0,5,3
2024-01-13,Jamon,Abarrotes,2.5,6,5
2024-01-13,Café,Abarrotes,2.0,5,3
2024-01-13,Queso,Abarrotes,3.0,4,3
2024-01-13,Alfajores Pequeños,Bocaditos,0.25,200,157
2024-01-13,Alfajores Grandes,Bocaditos,1.0,100,80
2024-01-13,Galletas Pequeñas,Bocaditos,0.25,200,151
2024-01-13,Galletas Grandes,Bocaditos,1.0,300,290
2024-01-13,Cookie,Bocaditos,2.0,100,72
2024-01-13,Orejitas Pequeñas,Bocaditos,0.25,200,157
2024-01-13,Orejas Grandes,Bocaditos,1.0,100,70
2024-01-13,Beso de Moza,Bocaditos,1.0,80,53
2024-01-13,Caramandugas,Bocaditos,0.25,300,253
2024-01-13,Rosquitas,Bocaditos,0.25,300,256
2024-01-14,Pan Chabatta,Panes,0.25,768,731
2024-01-14,Pan Francés,Panes,0.25,648,615
2024-01-14,Pan Yema Largo,Panes,0.25,360,322
2024-01-14,Pan Yema Redondo,Panes,0.25,360,326
2024-01-14,Pan Chapla,Panes,0.25,144,111
2024-01-14,Pan Coliza,Panes,0.25,192,174
2024-01-14,Pan Integral,Panes,0.25,144,111
2024-01-14,Pan Caracol,Panes,0.25,144,120
2024-01-14,Pan Hamburguesa,Panes,0.4,288,248
2024-01-14,Cachito,Panes,0.25,144,118
2024-01-14,Pan Manjar,Panes,0.3,72,68
2024-01-14,Leche,Abarrotes,4.0,5,2
2024-01-14,Jamon,Abarrotes,2.5,6,4
2024-01-14,Café,Abarrotes,2.0,5,4
2024-01-14,Queso,Abarrotes,3.0,4,3
2024-01-14,Alfajores Pequeños,Bocaditos,0.25,200,160
2024-01-14,Alfajores Grandes,Bocaditos,1.0,100,75
2024-01-14,Galletas Pequeñas,Bocaditos,0.25,200,161
2024-01-14,Galletas Grandes,Bocaditos,1.0,300,294
2024-01-14,Cookie,Bocaditos,2.0,100,71
2024-01-14,Orejitas Pequeñas,Bocaditos,0.25,200,161
2024-01-14,Orejas Grandes,Bocaditos,1.0,100,73
2024-01-14,Beso de Moza,Bocaditos,1.0,80,57
2024-01-14,Caramandugas,Bocaditos,0.25,300,255
2024-01-14,Rosquitas,Bocaditos,0.25,300,257
2024-01-15,Pan Chabatta,Panes,0.25,768,720
2024-01-15,Pan Francés,Panes,0.25,648,610
2024-01-15,Pan Yema Largo,Panes,0.25,360,320
2024-01-15,Pan Yema Redondo,Panes,0.25,360,320
2024-01-15,Pan Chapla,Panes,0.25,144,110
2024-01-15,Pan Coliza,Panes,0.25,192,170
2024-01-15,Pan Integral,Panes,0.25,144,110
2024-01-15,Pan Caracol,Panes,0.25,144,110
2024-01-15,Pan Hamburguesa,Panes,0.4,288,240
2024-01-15,Cachito,Panes,0.25,144,110
2024-01-15,Pan Manjar,Panes,0.3,72,68
2024-01-15,Leche,Abarrotes,4.0,5,2
2024-01-15,Jamon,Abarrotes,2.5,6,3
2024-01-15,Café,Abarrotes,2.0,5,2
2024-01-15,Queso,Abarrotes,3.0,4,3
2024-01-15,Alfajores Pequeños,Bocaditos,0.25,200,150
2024-01-15,Alfajores Grandes,Bocaditos,1.0,100,75
2024-01-15,Galletas Pequeñas,Bocaditos,0.25,200,150
2024-01-15,Galletas Grandes,Bocaditos,1.0,300,290
2024-01-15,Cookie,Bocaditos,2.0,100,70
2024-01-15,Orejitas Pequeñas,Bocaditos,0.25,200,150
2024-01-15,Orejas Grandes,Bocaditos,1.0,100,70
2024-01-15,Beso de Moza,Bocaditos,1.0,80,50
2024-01-15,Caramandugas,Bocaditos,0.25,300,250
2024-01-15,Rosquitas,Bocaditos,0.25,300,250
2024-01-16,Pan Chabatta,Panes,0.25,768,720
2024-01-16,Pan Francés,Panes,0.25,648,610
2024-01-16,Pan Yema Largo,Panes,0.25,360,320
2024-01-16,Pan Yema Redondo,Panes,0.25,360,320
2024-01-16,Pan Chapla,Panes,0.25,144,110
2024-01-16,Pan Coliza,Panes,0.25,192,170
2024-01-16,Pan Integral,Panes,0.25,144,110
2024-01-16,Pan Caracol,Panes,0.25,144,110
2024-01-16,Pan Hamburguesa,Panes,0.4,288,240
2024-01-16,Cachito,Panes,0.25,144,110
2024-01-16,Pan Manjar,Panes,0.3,72,68
2024-01-16,Leche,Abarrotes,4.0,5,2
2024-01-16,Jamon,Abarrotes,2.5,6,3
2024-01-16,Café,Abarrotes,2.0,5,2
2024-01-16,Queso,Abarrotes,3.0,4,2
2024-01-16,Alfajores Pequeños,Bocaditos,0.25,200,150
2024-01-16,Alfajores Grandes,Bocaditos,1.0,100,75
2024-01-16,Galletas Pequeñas,Bocaditos,0.25,200,150
2024-01-16,Galletas Grandes,Bocaditos,1.0,300,290
2024-01-16,Cookie,Bocaditos,2.0,100,70
2024-01-16,Orejitas Pequeñas,Bocaditos,0.25,200,150
2024-01-16,Orejas Grandes,Bocaditos,1.0,100,70
2024-01-16,Beso de Moza,Bocaditos,1.0,80,50
2024-01-16,Caramandugas,Bocaditos,0.25,300,250
2024-01-16,Rosquitas,Bocaditos,0.25,300,250
2024-01-17,Pan Chabatta,Panes,0.25,768,720
2024-01-17,Pan Francés,Panes,0.25,648,610
2024-01-17,Pan Yema Largo,Panes,0.25,360,320
2024-01-17,Pan Yema Redondo,Panes,0.25,360,320
2024-01-17,Pan Chapla,Panes,0.25,144,110
2024-01-17,Pan Coliza,Panes,0.25,192,170
2024-01-17,Pan Integral,Panes,0.25,144,110
2024-01-17,Pan Caracol,Panes,0.25,144,110
2024-01-17,Pan Hamburguesa,Panes,0.4,288,240
2024-01-17,Cachito,Panes,0.25,144,110
2024-01-17,Pan Manjar,Panes,0.3,72,68
2024-01-17,Leche,Abarrotes,4.0,5,3
2024-01-17,Jamon,Abarrotes,2.5,6,3
2024-01-17,Café,Abarrotes,2.0,5,2
2024-01-17,Queso,Abarrotes,3.0,4,3
2024-01-17,Alfajores Pequeños,Bocaditos,0.25,200,150
2024-01-17,Alfajores Grandes,Bocaditos,1.0,100,75
2024-01-17,Galletas Pequeñas,Bocaditos,0.25,200,150
2024-01-17,Galletas Grandes,Bocaditos,1.0,300,290
2024-01-17,Cookie,Bocaditos,2.0,100,70
2024-01-17,Orejitas Pequeñas,Bocaditos,0.25,200,150
2024-01-17,Orejas Grandes,Bocaditos,1.0,100,70
2024-01-17,Beso de Moza,Bocaditos,1.0,80,50
2024-01-17,Caramandugas,Bocaditos,0.25,300,250
2024-01-17,Rosquitas,Bocaditos,0.25,300,250
2024-01-18,Pan Chabatta,Panes,0.25,768,720
2024-01-18,Pan Francés,Panes,0.25,648,610
2024-01-18,Pan Yema Largo,Panes,0.25,360,320
2024-01-18,Pan Yema Redondo,Panes,0.25,360,320
2024-01-18,Pan Chapla,Panes,0.25,144,110
2024-01-18,Pan Coliza,Panes,0.25,192,170
2024-01-18,Pan Integral,Panes,0.25,144,110
2024-01-18,Pan Caracol,Panes,0.25,144,110
2024-01-18,Pan Hamburguesa,Panes,0.4,288,240
2024-01-18,Cachito,Panes,0.25,144,110
2024-01-18,Pan Manjar,Panes,0.3,72,68
2024-01-18,Leche,Abarrotes,4.0,5,2
2024-01-18,Jamon,Abarrotes,2.5,6,3
2024-01-18,Café,Abarrotes,2.0,5,2
2024-01-18,Queso,Abarrotes,3.0,4,2
2024-01-18,Alfajores Pequeños,Bocaditos,0.25,200,150
2024-01-18,Alfajores Grandes,Bocaditos,1.0,100,75
2024-01-18,Galletas Pequeñas,Bocaditos,0.25,200,150
2024-01-18,Galletas Grandes,Bocaditos,1.0,300,290
2024-01-18,Cookie,Bocaditos,2.0,100,70
2024-01-18,Orejitas Pequeñas,Bocaditos,0.25,200,150
2024-01-18,Orejas Grandes,Bocaditos,1.0,100,70
2024-01-18,Beso de Moza,Bocaditos,1.0,80,50
2024-01-18,Caramandugas,Bocaditos,0.25,300,250
2024-01-18,Rosquitas,Bocaditos,0.25,300,250
2024-01-19,Pan Chabatta,Panes,0.25,768,720
2024-01-19,Pan Francés,Panes,0.25,648,610
2024-01-19,Pan Yema Largo,Panes,0.25,360,320
2024-01-19,Pan Yema Redondo,Panes,0.25,360,320
2024-01-19,Pan Chapla,Panes,0.25,144,110
2024-01-19,Pan Coliza,Panes,0.25,192,170
2024-01-19,Pan Integral,Panes,0.25,144,110
2024-01-19,Pan Caracol,Panes,0.25,144,110
2024-01-19,Pan Hamburguesa,Panes,0.4,288,240
2024-01-19,Cachito,Panes,0.25,144,110
2024-01-19,Pan Manjar,Panes,0.3,72,68
2024-01-19,Leche,Abarrotes,4.0,5,2
2024-01-19,Jamon,Abarrotes,2.5,6,3
2024-01-19,Café,Abarrotes,2.0,5,2
2024-01-19,Queso,Abarrotes,3.0,4,2
2024-01-19,Alfajores Pequeños,Bocaditos,0.25,200,150
2024-01-19,Alfajores Grandes,Bocaditos,1.0,100,75
2024-01-19,Galletas Pequeñas,Bocaditos,0.25,200,150
2024-01-19,Galletas Grandes,Bocaditos,1.0,300,290
2024-01-19,Cookie,Bocaditos,2.0,100,70
2024-01-19,Orejitas Pequeñas,Bocaditos,0.25,200,150
2024-01-19,Orejas Grandes,Bocaditos,1.0,100,70
2024-01-19,Beso de Moza,Bocaditos,1.0,80,53
2024-01-19,Caramandugas,Bocaditos,0.25,300,250
2024-01-19,Rosquitas,Bocaditos,0.25,300,250
2024-01-20,Pan Chabatta,Panes,0.25,768,722
2024-01-20,Pan Francés,Panes,0.25,648,610
2024-01-20,Pan Yema Largo,Panes,0.25,360,325
2024-01-20,Pan Yema Redondo,Panes,0.25,360,327
2024-01-20,Pan Chapla,Panes,0.25,144,116
2024-01-20,Pan Coliza,Panes,0.25,192,173
2024-01-20,Pan Integral,Panes,0.25,144,119
2024-01-20,Pan Caracol,Panes,0.25,144,117
2024-01-20,Pan Hamburguesa,Panes,0.4,288,245
2024-01-20,Cachito,Panes,0.25,144,116
2024-01-20,Pan Manjar,Panes,0.3,72,69
2024-01-20,Leche,Abarrotes,4.0,5,5
2024-01-20,Jamon,Abarrotes,2.5,6,4
2024-01-20,Café,Abarrotes,2.0,5,4
2024-01-20,Queso,Abarrotes,3.0,4,3
2024-01-20,Alfajores Pequeños,Bocaditos,0.25,200,157
2024-01-20,Alfajores Grandes,Bocaditos,1.0,100,75
2024-01-20,Galletas Pequeñas,Bocaditos,0.25,200,154
2024-01-20,Galletas Grandes,Bocaditos,1.0,300,291
2024-01-20,Cookie,Bocaditos,2.0,100,71
2024-01-20,Orejitas Pequeñas,Bocaditos,0.25,200,150
2024-01-20,Orejas Grandes,Bocaditos,1.0,100,70
2024-01-20,Beso de Moza,Bocaditos,1.0,80,50
2024-01-20,Caramandugas,Bocaditos,0.25,300,256
2024-01-20,Rosquitas,Bocaditos,0.25,300,255
2024-01-21,Pan Chabatta,Panes,0.25,768,728
2024-01-21,Pan Francés,Panes,0.25,648,618
2024-01-21,Pan Yema Largo,Panes,0.25,360,330
2024-01-21,Pan Yema Redondo,Panes,0.25,360,320
2024-01-21,Pan Chapla,Panes,0.25,144,117
2024-01-21,Pan Coliza,Panes,0.25,192,176
2024-01-21,Pan Integral,Panes,0.25,144,121
2024-01-21,Pan Caracol,Panes,0.25,144,115
2024-01-21,Pan Hamburguesa,Panes,0.4,288,240
2024-01-21,Cachito,Panes,0.25,144,121
2024-01-21,Pan Manjar,Panes,0.3,72,68
2024-01-21,Leche,Abarrotes,4.0,5,4
2024-01-21,Jamon,Abarrotes,2.5,6,5
2024-01-21,Café,Abarrotes,2.0,5,3
2024-01-21,Queso,Abarrotes,3.0,4,3
2024-01-21,Alfajores Pequeños,Bocaditos,0.25,200,159
2024-01-21,Alfajores Grandes,Bocaditos,1.0,100,78
2024-01-21,Galletas Pequeñas,Bocaditos,0.25,200,153
2024-01-21,Galletas Grandes,Bocaditos,1.0,300,290
2024-01-21,Cookie,Bocaditos,2.0,100,71
2024-01-21,Orejitas Pequeñas,Bocaditos,0.25,200,157
2024-01-21,Orejas Grandes,Bocaditos,1.0,100,73
2024-01-21,Beso de Moza,Bocaditos,1.0,80,58
2024-01-21,Caramandugas,Bocaditos,0.25,300,251
2024-01-21,Rosquitas,Bocaditos,0.25,300,253
2024-01-22,Pan Chabatta,Panes,0.25,768,720
2024-01-22,Pan Francés,Panes,0.25,648,610
2024-01-22,Pan Yema Largo,Panes,0.25,360,320
2024-01-22,Pan Yema Redondo,Panes,0.25,360,320
2024-01-22,Pan Chapla,Panes,0.25,144,110
2024-01-22,Pan Coliza,Panes,0.25,192,170
2024-01-22,Pan Integral,Panes,0.25,144,110
2024-01-22,Pan Caracol,Panes,0.25,144,110
2024-01-22,Pan Hamburguesa,Panes,0.4,288,240
2024-01-22,Cachito,Panes,0.25,144,110
2024-01-22,Pan Manjar,Panes,0.3,72,68
2024-01-22,Leche,Abarrotes,4.0,5,2
2024-01-22,Jamon,Abarrotes,2.5,6,4
2024-01-22,Café,Abarrotes,2.0,5,3
2024-01-22,Queso,Abarrotes,3.0,4,3
2024-01-22,Alfajores Pequeños,Bocaditos,0.25,200,150
2024-01-22,Alfajores Grandes,Bocaditos,1.0,100,75
2024-01-22,Galletas Pequeñas,Bocaditos,0.25,200,150
2024-01-22,Galletas Grandes,Bocaditos,1.0,300,290
2024-01-22,Cookie,Bocaditos,2.0,100,70
2024-01-22,Orejitas Pequeñas,Bocaditos,0.25,200,150
2024-01-22,Orejas Grandes,Bocaditos,1.0,100,70
2024-01-22,Beso de Moza,Bocaditos,1.0,80,50
2024-01-22,Caramandugas,Bocaditos,0.25,300,250
2024-01-22,Rosquitas,Bocaditos,0.25,300,250
2024-01-23,Pan Chabatta,Panes,0.25,768,720
2024-01-23,Pan Francés,Panes,0.25,648,610
2024-01-23,Pan Yema Largo,Panes,0.25,360,320
2024-01-23,Pan Yema Redondo,Panes,0.25,360,320
2024-01-23,Pan Chapla,Panes,0.25,144,110
2024-01-23,Pan Coliza,Panes,0.25,192,170
2024-01-23,Pan Integral,Panes,0.25,144,110
2024-01-23,Pan Caracol,Panes,0.25,144,110
2024-01-23,Pan Hamburguesa,Panes,0.4,288,240
2024-01-23,Cachito,Panes,0.25,144,110
2024-01-23,Pan Manjar,Panes,0.3,72,68
2024-01-23,Leche,Abarrotes,4.0,5,2
2024-01-23,Jamon,Abarrotes,2.5,6,3
2024-01-23,Café,Abarrotes,2.0,5,2
2024-01-23,Queso,Abarrotes,3.0,4,2
2024-01-23,Alfajores Pequeños,Bocaditos,0.25,200,150
2024-01-23,Alfajores Grandes,Bocaditos,1.0,100,75
2024-01-23,Galletas Pequeñas,Bocaditos,0.25,200,150
2024-01-23,Galletas Grandes,Bocaditos,1.0,300,290
2024-01-23,Cookie,Bocaditos,2.0,100,70
2024-01-23,Orejitas Pequeñas,Bocaditos,0.25,200,150
2024-01-23,Orejas Grandes,Bocaditos,1.0,100,70
2024-01-23,Beso de Moza,Bocaditos,1.0,80,50
2024-01-23,Caramandugas,Bocaditos,0.25,300,250
2024-01-23,Rosquitas,Bocaditos,0.25,300,250
2024-01-24,Pan Chabatta,Panes,0.25,768,720
2024-01-24,Pan Francés,Panes,0.25,648,610
2024-01-24,Pan Yema Largo,Panes,0.25,360,320
2024-01-24,Pan Yema Redondo,Panes,0.25,360,320
2024-01-24,Pan Chapla,Panes,0.25,144,110
2024-01-24,Pan Coliza,Panes,0.25,192,170
2024-01-24,Pan Integral,Panes,0.25,144,110
2024-01-24,Pan Caracol,Panes,0.25,144,110
2024-01-24,Pan Hamburguesa,Panes,0.4,288,240
2024-01-24,Cachito,Panes,0.25,144,110
2024-01-24,Pan Manjar,Panes,0.3,72,68
2024-01-24,Leche,Abarrotes,4.0,5,2
2024-01-24,Jamon,Abarrotes,2.5,6,3
2024-01-24,Café,Abarrotes,2.0,5,2
2024-01-24,Queso,Abarrotes,3.0,4,3
2024-01-24,Alfajores Pequeños,Bocaditos,0.25,200,150
2024-01-24,Alfajores Grandes,Bocaditos,1.0,100,75
2024-01-24,Galletas Pequeñas,Bocaditos,0.25,200,150
2024-01-24,Galletas Grandes,Bocaditos,1.0,300,290
2024-01-24,Cookie,Bocaditos,2.0,100,70
2024-01-24,Orejitas Pequeñas,Bocaditos,0.25,200,150
2024-01-24,Orejas Grandes,Bocaditos,1.0,100,70
2024-01-24,Beso de Moza,Bocaditos,1.0,80,50
2024-01-24,Caramandugas,Bocaditos,0.25,300,250
2024-01-24,Rosquitas,Bocaditos,0.25,300,250
2024-01-25,Pan Chabatta,Panes,0.25,768,720
2024-01-25,Pan Francés,Panes,0.25,648,610
2024-01-25,Pan Yema Largo,Panes,0.25,360,320
2024-01-25,Pan Yema Redondo,Panes,0.25,360,320
2024-01-25,Pan Chapla,Panes,0.25,144,110
2024-01-25,Pan Coliza,Panes,0.25,192,170
2024-01-25,Pan Integral,Panes,0.25,144,110
2024-01-25,Pan Caracol,Panes,0.25,144,110
2024-01-25,Pan Hamburguesa,Panes,0.4,288,240
2024-01-25,Cachito,Panes,0.25,144,110
2024-01-25,Pan Manjar,Panes,0.3,72,68
2024-01-25,Leche,Abarrotes,4.0,5,4
2024-01-25,Jamon,Abarrotes,2.5,6,3
2024-01-25,Café,Abarrotes,2.0,5,2
2024-01-25,Queso,Abarrotes,3.0,4,2
2024-01-25,Alfajores Pequeños,Bocaditos,0.25,200,150
2024-01-25,Alfajores Grandes,Bocaditos,1.0,100,75
2024-01-25,Galletas Pequeñas,Bocaditos,0.25,200,150
2024-01-25,Galletas Grandes,Bocaditos,1.0,300,290
2024-01-25,Cookie,Bocaditos,2.0,100,70
2024-01-25,Orejitas Pequeñas,Bocaditos,0.25,200,150
2024-01-25,Orejas Grandes,Bocaditos,1.0,100,70
2024-01-25,Beso de Moza,Bocaditos,1.0,80,50
2024-01-25,Caramandugas,Bocaditos,0.25,300,250
2024-01-25,Rosquitas,Bocaditos,0.25,300,250
2024-01-26,Pan Chabatta,Panes,0.25,768,720
2024-01-26,Pan Francés,Panes,0.25,648,610
2024-01-26,Pan Yema Largo,Panes,0.25,360,320
2024-01-26,Pan Yema Redondo,Panes,0.25,360,320
2024-01-26,Pan Chapla,Panes,0.25,144,110
2024-01-26,Pan Coliza,Panes,0.25,192,170
2024-01-26,Pan Integral,Panes,0.25,144,110
2024-01-26,Pan Caracol,Panes,0.25,144,110
2024-01-26,Pan Hamburguesa,Panes,0.4,288,240
2024-01-26,Cachito,Panes,0.25,144,110
2024-01-26,Pan Manjar,Panes,0.3,72,68
2024-01-26,Leche,Abarrotes,4.0,5,2
2024-01-26,Jamon,Abarrotes,2.5,6,4
2024-01-26,Café,Abarrotes,2.0,5,3
2024-01-26,Queso,Abarrotes,3.0,4,2
2024-01-26,Alfajores Pequeños,Bocaditos,0.25,200,150
2024-01-26,Alfajores Grandes,Bocaditos,1.0,100,75
2024-01-26,Galletas Pequeñas,Bocaditos,0.25,200,150
2024-01-26,Galletas Grandes,Bocaditos,1.0,300,290
2024-01-26,Cookie,Bocaditos,2.0,100,70
2024-01-26,Orejitas Pequeñas,Bocaditos,0.25,200,150
2024-01-26,Orejas Grandes,Bocaditos,1.0,100,70
2024-01-26,Beso de Moza,Bocaditos,1.0,80,50
2024-01-26,Caramandugas,Bocaditos,0.25,300,250
2024-01-26,Rosquitas,Bocaditos,0.25,300,250
2024-01-27,Pan Chabatta,Panes,0.25,768,722
2024-01-27,Pan Francés,Panes,0.25,648,618
2024-01-27,Pan Yema Largo,Panes,0.25,360,328
2024-01-27,Pan Yema Redondo,Panes,0.25,360,329
2024-01-27,Pan Chapla,Panes,0.25,144,117
2024-01-27,Pan Coliza,Panes,0.25,192,174
2024-01-27,Pan Integral,Panes,0.25,144,114
2024-01-27,Pan Caracol,Panes,0.25,144,120
2024-01-27,Pan Hamburguesa,Panes,0.4,288,246
2024-01-27,Cachito,Panes,0.25,144,110
2024-01-27,Pan Manjar,Panes,0.3,72,68
2024-01-27,Leche,Abarrotes,4.0,5,3
2024-01-27,Jamon,Abarrotes,2.5,6,5
2024-01-27,Café,Abarrotes,2.0,5,5
2024-01-27,Queso,Abarrotes,3.0,4,3
2024-01-27,Alfajores Pequeños,Bocaditos,0.25,200,157
2024-01-27,Alfajores Grandes,Bocaditos,1.0,100,76
2024-01-27,Galletas Pequeñas,Bocaditos,0.25,200,152
2024-01-27,Galletas Grandes,Bocaditos,1.0,300,290
2024-01-27,Cookie,Bocaditos,2.0,100,71
2024-01-27,Orejitas Pequeñas,Bocaditos,0.25,200,153
2024-01-27,Orejas Grandes,Bocaditos,1.0,100,71
2024-01-27,Beso de Moza,Bocaditos,1.0,80,55
2024-01-27,Caramandugas,Bocaditos,0.25,300,254
2024-01-27,Rosquitas,Bocaditos,0.25,300,254
2024-01-28,Pan Chabatta,Panes,0.25,768,722
2024-01-28,Pan Francés,Panes,0.25,648,616
2024-01-28,Pan Yema Largo,Panes,0.25,360,327
2024-01-28,Pan Yema Redondo,Panes,0.25,360,323
2024-01-28,Pan Chapla,Panes,0.25,144,121
2024-01-28,Pan Coliza,Panes,0.25,192,172
2024-01-28,Pan Integral,Panes,0.25,144,110
2024-01-28,Pan Caracol,Panes,0.25,144,113
2024-01-28,Pan Hamburguesa,Panes,0.4,288,246
2024-01-28,Cachito,Panes,0.25,144,113
2024-01-28,Pan Manjar,Panes,0.3,72,68
2024-01-28,Leche,Abarrotes,4.0,5,2
2024-01-28,Jamon,Abarrotes,2.5,6,4
2024-01-28,Café,Abarrotes,2.0,5,2
2024-01-28,Queso,Abarrotes,3.0,4,2
2024-01-28,Alfajores Pequeños,Bocaditos,0.25,200,152
2024-01-28,Alfajores Grandes,Bocaditos,1.0,100,77
2024-01-28,Galletas Pequeñas,Bocaditos,0.25,200,153
2024-01-28,Galletas Grandes,Bocaditos,1.0,300,294
2024-01-28,Cookie,Bocaditos,2.0,100,72
2024-01-28,Orejitas Pequeñas,Bocaditos,0.25,200,157
2024-01-28,Orejas Grandes,Bocaditos,1.0,100,72
2024-01-28,Beso de Moza,Bocaditos,1.0,80,59
2024-01-28,Caramandugas,Bocaditos,0.25,300,257
2024-01-28,Rosquitas,Bocaditos,0.25,300,251
2024-01-29,Pan Chabatta,Panes,0.25,768,720
2024-01-29,Pan Francés,Panes,0.25,648,610
2024-01-29,Pan Yema Largo,Panes,0.25,360,320
2024-01-29,Pan Yema Redondo,Panes,0.25,360,320
2024-01-29,Pan Chapla,Panes,0.25,144,110
2024-01-29,Pan Coliza,Panes,0.25,192,170
2024-01-29,Pan Integral,Panes,0.25,144,110
2024-01-29,Pan Caracol,Panes,0.25,144,110
2024-01-29,Pan Hamburguesa,Panes,0.4,288,240
2024-01-29,Cachito,Panes,0.25,144,110
2024-01-29,Pan Manjar,Panes,0.3,72,68
2024-01-29,Leche,Abarrotes,4.0,5,2
2024-01-29,Jamon,Abarrotes,2.5,6,4
2024-01-29,Café,Abarrotes,2.0,5,2
2024-01-29,Queso,Abarrotes,3.0,4,2
2024-01-29,Alfajores Pequeños,Bocaditos,0.25,200,150
2024-01-29,Alfajores Grandes,Bocaditos,1.0,100,75
2024-01-29,Galletas Pequeñas,Bocaditos,0.25,200,150
2024-01-29,Galletas Grandes,Bocaditos,1.0,300,290
2024-01-29,Cookie,Bocaditos,2.0,100,70
2024-01-29,Orejitas Pequeñas,Bocaditos,0.25,200,150
2024-01-29,Orejas Grandes,Bocaditos,1.0,100,70
2024-01-29,Beso de Moza,Bocaditos,1.0,80,50
2024-01-29,Caramandugas,Bocaditos,0.25,300,250
2024-01-29,Rosquitas,Bocaditos,0.25,300,250
2024-01-30,Pan Chabatta,Panes,0.25,768,720
2024-01-30,Pan Francés,Panes,0.25,648,610
2024-01-30,Pan Yema Largo,Panes,0.25,360,320
2024-01-30,Pan Yema Redondo,Panes,0.25,360,320
2024-01-30,Pan Chapla,Panes,0.25,144,110
2024-01-30,Pan Coliza,Panes,0.25,192,170
2024-01-30,Pan Integral,Panes,0.25,144,110
2024-01-30,Pan Caracol,Panes,0.25,144,110
2024-01-30,Pan Hamburguesa,Panes,0.4,288,240
2024-01-30,Cachito,Panes,0.25,144,110
2024-01-30,Pan Manjar,Panes,0.3,72,68
2024-01-30,Leche,Abarrotes,4.0,5,2
2024-01-30,Jamon,Abarrotes,2.5,6,3
2024-01-30,Café,Abarrotes,2.0,5,2
2024-01-30,Queso,Abarrotes,3.0,4,2
2024-01-30,Alfajores Pequeños,Bocaditos,0.25,200,150
2024-01-30,Alfajores Grandes,Bocaditos,1.0,100,75
2024-01-30,Galletas Pequeñas,Bocaditos,0.25,200,150
2024-01-30,Galletas Grandes,Bocaditos,1.0,300,290
2024-01-30,Cookie,Bocaditos,2.0,100,70
2024-01-30,Orejitas Pequeñas,Bocaditos,0.25,200,150
2024-01-30,Orejas Grandes,Bocaditos,1.0,100,70
2024-01-30,Beso de Moza,Bocaditos,1.0,80,50
2024-01-30,Caramandugas,Bocaditos,0.25,300,250
2024-01-30,Rosquitas,Bocaditos,0.25,300,250
2024-01-31,Pan Chabatta,Panes,0.25,768,720
2024-01-31,Pan Francés,Panes,0.25,648,610
2024-01-31,Pan Yema Largo,Panes,0.25,360,320
2024-01-31,Pan Yema Redondo,Panes,0.25,360,320
2024-01-31,Pan Chapla,Panes,0.25,144,110
2024-01-31,Pan Coliza,Panes,0.25,192,170
2024-01-31,Pan Integral,Panes,0.25,144,110
2024-01-31,Pan Caracol,Panes,0.25,144,110
2024-01-31,Pan Hamburguesa,Panes,0.4,288,240
2024-01-31,Cachito,Panes,0.25,144,110
2024-01-31,Pan Manjar,Panes,0.3,72,68
2024-01-31,Leche,Abarrotes,4.0,5,2
2024-01-31,Jamon,Abarrotes,2.5,6,3
2024-01-31,Café,Abarrotes,2.0,5,4
2024-01-31,Queso,Abarrotes,3.0,4,2
2024-01-31,Alfajores Pequeños,Bocaditos,0.25,200,150
2024-01-31,Alfajores Grandes,Bocaditos,1.0,100,75
2024-01-31,Galletas Pequeñas,Bocaditos,0.25,200,150
2024-01-31,Galletas Grandes,Bocaditos,1.0,300,290
2024-01-31,Cookie,Bocaditos,2.0,100,70
2024-01-31,Orejitas Pequeñas,Bocaditos,0.25,200,150
2024-01-31,Orejas Grandes,Bocaditos,1.0,100,70
2024-01-31,Beso de Moza,Bocaditos,1.0,80,50
2024-01-31,Caramandugas,Bocaditos,0.25,300,250
2024-01-31,Rosquitas,Bocaditos,0.25,300,250
2024-02-01,Pan Chabatta,Panes,0.25,768,720
2024-02-01,Pan Francés,Panes,0.25,648,610
2024-02-01,Pan Yema Largo,Panes,0.25,360,320
2024-02-01,Pan Yema Redondo,Panes,0.25,360,320
2024-02-01,Pan Chapla,Panes,0.25,144,110
2024-02-01,Pan Coliza,Panes,0.25,192,170
2024-02-01,Pan Integral,Panes,0.25,144,110
2024-02-01,Pan Caracol,Panes,0.25,144,110
2024-02-01,Pan Hamburguesa,Panes,0.4,288,240
2024-02-01,Cachito,Panes,0.25,144,110
2024-02-01,Pan Manjar,Panes,0.3,72,68
2024-02-01,Leche,Abarrotes,4.0,5,2
2024-02-01,Jamon,Abarrotes,2.5,6,3
2024-02-01,Café,Abarrotes,2.0,5,2
2024-02-01,Queso,Abarrotes,3.0,4,2
2024-02-01,Alfajores Pequeños,Bocaditos,0.25,200,150
2024-02-01,Alfajores Grandes,Bocaditos,1.0,100,75
2024-02-01,Galletas Pequeñas,Bocaditos,0.25,200,150
2024-02-01,Galletas Grandes,Bocaditos,1.0,300,290
2024-02-01,Cookie,Bocaditos,2.0,100,70
2024-02-01,Orejitas Pequeñas,Bocaditos,0.25,200,150
2024-02-01,Orejas Grandes,Bocaditos,1.0,100,70
2024-02-01,Beso de Moza,Bocaditos,1.0,80,50
2024-02-01,Caramandugas,Bocaditos,0.25,300,250
2024-02-01,Rosquitas,Bocaditos,0.25,300,250
2024-02-02,Pan Chabatta,Panes,0.25,768,720
2024-02-02,Pan Francés,Panes,0.25,648,610
2024-02-02,Pan Yema Largo,Panes,0.25,360,320
2024-02-02,Pan Yema Redondo,Panes,0.25,360,320
2024-02-02,Pan Chapla,Panes,0.25,144,110
2024-02-02,Pan Coliza,Panes,0.25,192,170
2024-02-02,Pan Integral,Panes,0.25,144,110
2024-02-02,Pan Caracol,Panes,0.25,144,110
2024-02-02,Pan Hamburguesa,Panes,0.4,288,240
2024-02-02,Cachito,Panes,0.25,144,110
2024-02-02,Pan Manjar,Panes,0.3,72,68
2024-02-02,Leche,Abarrotes,4.0,5,2
2024-02-02,Jamon,Abarrotes,2.5,6,3
2024-02-02,Café,Abarrotes,2.0,5,3
2024-02-02,Queso,Abarrotes,3.0,4,2
2024-02-02,Alfajores Pequeños,Bocaditos,0.25,200,150
2024-02-02,Alfajores Grandes,Bocaditos,1.0,100,75
2024-02-02,Galletas Pequeñas,Bocaditos,0.25,200,150
2024-02-02,Galletas Grandes,Bocaditos,1.0,300,290
2024-02-02,Cookie,Bocaditos,2.0,100,70
2024-02-02,Orejitas Pequeñas,Bocaditos,0.25,200,150
2024-02-02,Orejas Grandes,Bocaditos,1.0,100,70
2024-02-02,Beso de Moza,Bocaditos,1.0,80,50
2024-02-02,Caramandugas,Bocaditos,0.25,300,250
2024-02-02,Rosquitas,Bocaditos,0.25,300,250
2024-02-03,Pan Chabatta,Panes,0.25,768,725
2024-02-03,Pan Francés,Panes,0.25,648,619
2024-02-03,Pan Yema Largo,Panes,0.25,360,324
2024-02-03,Pan Yema Redondo,Panes,0.25,360,328
2024-02-03,Pan Chapla,Panes,0.25,144,118
2024-02-03,Pan Coliza,Panes,0.25,192,172
2024-02-03,Pan Integral,Panes,0.25,144,115
2024-02-03,Pan Caracol,Panes,0.25,144,116
2024-02-03,Pan Hamburguesa,Panes,0.4,288,246
2024-02-03,Cachito,Panes,0.25,144,111
2024-02-03,Pan Manjar,Panes,0.3,72,70
2024-02-03,Leche,Abarrotes,4.0,5,3
2024-02-03,Jamon,Abarrotes,2.5,6,3
2024-02-03,Café,Abarrotes,2.0,5,3
2024-02-03,Queso,Abarrotes,3.0,4,3
2024-02-03,Alfajores Pequeños,Bocaditos,0.25,200,151
2024-02-03,Alfajores Grandes,Bocaditos,1.0,100,78
2024-02-03,Galletas Pequeñas,Bocaditos,0.25,200,154
2024-02-03,Galletas Grandes,Bocaditos,1.0,300,294
2024-02-03,Cookie,Bocaditos,2.0,100,70
2024-02-03,Orejitas Pequeñas,Bocaditos,0.25,200,154
2024-02-03,Orejas Grandes,Bocaditos,1.0,100,72
2024-02-03,Beso de Moza,Bocaditos,1.0,80,60
2024-02-03,Caramandugas,Bocaditos,0.25,300,256
2024-02-03,Rosquitas,Bocaditos,0.25,300,250
2024-02-04,Pan Chabatta,Panes,0.25,768,721
2024-02-04,Pan Francés,Panes,0.25,648,614
2024-02-04,Pan Yema Largo,Panes,0.25,360,330
2024-02-04,Pan Yema Redondo,Panes,0.25,360,326
2024-02-04,Pan Chapla,Panes,0.25,144,110
2024-02-04,Pan Coliza,Panes,0.25,192,175
2024-02-04,Pan Integral,Panes,0.25,144,115
2024-02-04,Pan Caracol,Panes,0.25,144,121
2024-02-04,Pan Hamburguesa,Panes,0.4,288,240
2024-02-04,Cachito,Panes,0.25,144,117
2024-02-04,Pan Manjar,Panes,0.3,72,69
2024-02-04,Leche,Abarrotes,4.0,5,3
2024-02-04,Jamon,Abarrotes,2.5,6,4
2024-02-04,Café,Abarrotes,2.0,5,3
2024-02-04,Queso,Abarrotes,3.0,4,2
2024-02-04,Alfajores Pequeños,Bocaditos,0.25,200,154
2024-02-04,Alfajores Grandes,Bocaditos,1.0,100,79
2024-02-04,Galletas Pequeñas,Bocaditos,0.25,200,154
2024-02-04,Galletas Grandes,Bocaditos,1.0,300,292
2024-02-04,Cookie,Bocaditos,2.0,100,72
2024-02-04,Orejitas Pequeñas,Bocaditos,0.25,200,159
2024-02-04,Orejas Grandes,Bocaditos,1.0,100,75
2024-02-04,Beso de Moza,Bocaditos,1.0,80,51
2024-02-04,Caramandugas,Bocaditos,0.25,300,251
2024-02-04,Rosquitas,Bocaditos,0.25,300,251
2024-02-05,Pan Chabatta,Panes,0.25,768,720
2024-02-05,Pan Francés,Panes,0.25,648,610
2024-02-05,Pan Yema Largo,Panes,0.25,360,320
2024-02-05,Pan Yema Redondo,Panes,0.25,360,320
2024-02-05,Pan Chapla,Panes,0.25,144,110
2024-02-05,Pan Coliza,Panes,0.25,192,170
2024-02-05,Pan Integral,Panes,0.25,144,110
2024-02-05,Pan Caracol,Panes,0.25,144,110
2024-02-05,Pan Hamburguesa,Panes,0.4,288,240
2024-02-05,Cachito,Panes,0.25,144,110
2024-02-05,Pan Manjar,Panes,0.3,72,68
2024-02-05,Leche,Abarrotes,4.0,5,3
2024-02-05,Jamon,Abarrotes,2.5,6,3
2024-02-05,Café,Abarrotes,2.0,5,2
2024-02-05,Queso,Abarrotes,3.0,4,2
2024-02-05,Alfajores Pequeños,Bocaditos,0.25,200,150
2024-02-05,Alfajores Grandes,Bocaditos,1.0,100,75
2024-02-05,Galletas Pequeñas,Bocaditos,0.25,200,150
2024-02-05,Galletas Grandes,Bocaditos,1.0,300,290
2024-02-05,Cookie,Bocaditos,2.0,100,70
2024-02-05,Orejitas Pequeñas,Bocaditos,0.25,200,150
2024-02-05,Orejas Grandes,Bocaditos,1.0,100,70
2024-02-05,Beso de Moza,Bocaditos,1.0,80,50
2024-02-05,Caramandugas,Bocaditos,0.25,300,250
2024-02-05,Rosquitas,Bocaditos,0.25,300,250
2024-02-06,Pan Chabatta,Panes,0.25,768,720
2024-02-06,Pan Francés,Panes,0.25,648,610
2024-02-06,Pan Yema Largo,Panes,0.25,360,320
2024-02-06,Pan Yema Redondo,Panes,0.25,360,320
2024-02-06,Pan Chapla,Panes,0.25,144,110
2024-02-06,Pan Coliza,Panes,0.25,192,170
2024-02-06,Pan Integral,Panes,0.25,144,110
2024-02-06,Pan Caracol,Panes,0.25,144,110
2024-02-06,Pan Hamburguesa,Panes,0.4,288,240
2024-02-06,Cachito,Panes,0.25,144,110
2024-02-06,Pan Manjar,Panes,0.3,72,68
2024-02-06,Leche,Abarrotes,4.0,5,2
2024-02-06,Jamon,Abarrotes,2.5,6,3
2024-02-06,Café,Abarrotes,2.0,5,2
2024-02-06,Queso,Abarrotes,3.0,4,2
2024-02-06,Alfajores Pequeños,Bocaditos,0.25,200,150
2024-02-06,Alfajores Grandes,Bocaditos,1.0,100,75
2024-02-06,Galletas Pequeñas,Bocaditos,0.25,200,150
2024-02-06,Galletas Grandes,Bocaditos,1.0,300,290
2024-02-06,Cookie,Bocaditos,2.0,100,70
2024-02-06,Orejitas Pequeñas,Bocaditos,0.25,200,150
2024-02-06,Orejas Grandes,Bocaditos,1.0,100,70
2024-02-06,Beso de Moza,Bocaditos,1.0,80,50
2024-02-06,Caramandugas,Bocaditos,0.25,300,250
2024-02-06,Rosquitas,Bocaditos,0.25,300,250
2024-02-07,Pan Chabatta,Panes,0.25,768,720
2024-02-07,Pan Francés,Panes,0.25,648,610
2024-02-07,Pan Yema Largo,Panes,0.25,360,320
2024-02-07,Pan Yema Redondo,Panes,0.25,360,320
2024-02-07,Pan Chapla,Panes,0.25,144,110
2024-02-07,Pan Coliza,Panes,0.25,192,170
2024-02-07,Pan Integral,Panes,0.25,144,110
2024-02-07,Pan Caracol,Panes,0.25,144,110
2024-02-07,Pan Hamburguesa,Panes,0.4,288,240
2024-02-07,Cachito,Panes,0.25,144,110
2024-02-07,Pan Manjar,Panes,0.3,72,68
2024-02-07,Leche,Abarrotes,4.0,5,3
2024-02-07,Jamon,Abarrotes,2.5,6,3
2024-02-07,Café,Abarrotes,2.0,5,3
2024-02-07,Queso,Abarrotes,3.0,4,2
2024-02-07,Alfajores Pequeños,Bocaditos,0.25,200,150
2024-02-07,Alfajores Grandes,Bocaditos,1.0,100,75
2024-02-07,Galletas Pequeñas,Bocaditos,0.25,200,150
2024-02-07,Galletas Grandes,Bocaditos,1.0,300,290
2024-02-07,Cookie,Bocaditos,2.0,100,70
2024-02-07,Orejitas Pequeñas,Bocaditos,0.25,200,150
2024-02-07,Orejas Grandes,Bocaditos,1.0,100,70
2024-02-07,Beso de Moza,Bocaditos,1.0,80,50
2024-02-07,Caramandugas,Bocaditos,0.25,300,250
2024-02-07,Rosquitas,Bocaditos,0.25,300,250
2024-02-08,Pan Chabatta,Panes,0.25,768,720
2024-02-08,Pan Francés,Panes,0.25,648,610
2024-02-08,Pan Yema Largo,Panes,0.25,360,320
2024-02-08,Pan Yema Redondo,Panes,0.25,360,320
2024-02-08,Pan Chapla,Panes,0.25,144,110
2024-02-08,Pan Coliza,Panes,0.25,192,170
2024-02-08,Pan Integral,Panes,0.25,144,110
2024-02-08,Pan Caracol,Panes,0.25,144,110
2024-02-08,Pan Hamburguesa,Panes,0.4,288,240
2024-02-08,Cachito,Panes,0.25,144,110
2024-02-08,Pan Manjar,Panes,0.3,72,68
2024-02-08,Leche,Abarrotes,4.0,5,2
2024-02-08,Jamon,Abarrotes,2.5,6,3
2024-02-08,Café,Abarrotes,2.0,5,2
2024-02-08,Queso,Abarrotes,3.0,4,2
2024-02-08,Alfajores Pequeños,Bocaditos,0.25,200,150
2024-02-08,Alfajores Grandes,Bocaditos,1.0,100,75
2024-02-08,Galletas Pequeñas,Bocaditos,0.25,200,150
2024-02-08,Galletas Grandes,Bocaditos,1.0,300,290
2024-02-08,Cookie,Bocaditos,2.0,100,70
2024-02-08,Orejitas Pequeñas,Bocaditos,0.25,200,150
2024-02-08,Orejas Grandes,Bocaditos,1.0,100,70
2024-02-08,Beso de Moza,Bocaditos,1.0,80,50
2024-02-08,Caramandugas,Bocaditos,0.25,300,250
2024-02-08,Rosquitas,Bocaditos,0.25,300,250
2024-02-09,Pan Chabatta,Panes,0.25,768,720
2024-02-09,Pan Francés,Panes,0.25,648,610
2024-02-09,Pan Yema Largo,Panes,0.25,360,320
2024-02-09,Pan Yema Redondo,Panes,0.25,360,320
2024-02-09,Pan Chapla,Panes,0.25,144,110
2024-02-09,Pan Coliza,Panes,0.25,192,170
2024-02-09,Pan Integral,Panes,0.25,144,110
2024-02-09,Pan Caracol,Panes,0.25,144,110
2024-02-09,Pan Hamburguesa,Panes,0.4,288,240
2024-02-09,Cachito,Panes,0.25,144,110
2024-02-09,Pan Manjar,Panes,0.3,72,68
2024-02-09,Leche,Abarrotes,4.0,5,2
2024-02-09,Jamon,Abarrotes,2.5,6,3
2024-02-09,Café,Abarrotes,2.0,5,2
2024-02-09,Queso,Abarrotes,3.0,4,2
2024-02-09,Alfajores Pequeños,Bocaditos,0.25,200,150
2024-02-09,Alfajores Grandes,Bocaditos,1.0,100,75
2024-02-09,Galletas Pequeñas,Bocaditos,0.25,200,150
2024-02-09,Galletas Grandes,Bocaditos,1.0,300,290
2024-02-09,Cookie,Bocaditos,2.0,100,70
2024-02-09,Orejitas Pequeñas,Bocaditos,0.25,200,150
2024-02-09,Orejas Grandes,Bocaditos,1.0,100,70
2024-02-09,Beso de Moza,Bocaditos,1.0,80,53
2024-02-09,Caramandugas,Bocaditos,0.25,300,250
2024-02-09,Rosquitas,Bocaditos,0.25,300,250
2024-02-10,Pan Chabatta,Panes,0.25,768,723
2024-02-10,Pan Francés,Panes,0.25,648,613
2024-02-10,Pan Yema Largo,Panes,0.25,360,321
2024-02-10,Pan Yema Redondo,Panes,0.25,360,325
2024-02-10,Pan Chapla,Panes,0.25,144,116
2024-02-10,Pan Coliza,Panes,0.25,192,171
2024-02-10,Pan Integral,Panes,0.25,144,112
2024-02-10,Pan Caracol,Panes,0.25,144,117
2024-02-10,Pan Hamburguesa,Panes,0.4,288,241
2024-02-10,Cachito,Panes,0.25,144,110
2024-02-10,Pan Manjar,Panes,0.3,72,69
2024-02-10,Leche,Abarrotes,4.0,5,3
2024-02-10,Jamon,Abarrotes,2.5,6,5
2024-02-10,Café,Abarrotes,2.0,5,5
2024-02-10,Queso,Abarrotes,3.0,4,3
2024-02-10,Alfajores Pequeños,Bocaditos,0.25,200,151
2024-02-10,Alfajores Grandes,Bocaditos,1.0,100,78
2024-02-10,Galletas Pequeñas,Bocaditos,0.25,200,157
2024-02-10,Galletas Grandes,Bocaditos,1.0,300,293
2024-02-10,Cookie,Bocaditos,2.0,100,73
2024-02-10,Orejitas Pequeñas,Bocaditos,0.25,200,159
2024-02-10,Orejas Grandes,Bocaditos,1.0,100,71
2024-02-10,Beso de Moza,Bocaditos,1.0,80,54
2024-02-10,Caramandugas,Bocaditos,0.25,300,259
2024-02-10,Rosquitas,Bocaditos,0.25,300,259
2024-02-11,Pan Chabatta,Panes,0.25,768,725
2024-02-11,Pan Francés,Panes,0.25,648,610
2024-02-11,Pan Yema Largo,Panes,0.25,360,327
2024-02-11,Pan Yema Redondo,Panes,0.25,360,328
2024-02-11,Pan Chapla,Panes,0.25,144,115
2024-02-11,Pan Coliza,Panes,0.25,192,171
2024-02-11,Pan Integral,Panes,0.25,144,111
2024-02-11,Pan Caracol,Panes,0.25,144,113
2024-02-11,Pan Hamburguesa,Panes,0.4,288,243
2024-02-11,Cachito,Panes,0.25,144,110
2024-02-11,Pan Manjar,Panes,0.3,72,69
2024-02-11,Leche,Abarrotes,4.0,5,3
2024-02-11,Jamon,Abarrotes,2.5,6,4
2024-02-11,Café,Abarrotes,2.0,5,2
2024-02-11,Queso,Abarrotes,3.0,4,3
2024-02-11,Alfajores Pequeños,Bocaditos,0.25,200,156
2024-02-11,Alfajores Grandes,Bocaditos,1.0,100,77
2024-02-11,Galletas Pequeñas,Bocaditos,0.25,200,154
2024-02-11,Galletas Grandes,Bocaditos,1.0,300,290
2024-02-11,Cookie,Bocaditos,2.0,100,71
2024-02-11,Orejitas Pequeñas,Bocaditos,0.25,200,156
2024-02-11,Orejas Grandes,Bocaditos,1.0,100,72
2024-02-11,Beso de Moza,Bocaditos,1.0,80,59
2024-02-11,Caramandugas,Bocaditos,0.25,300,260
2024-02-11,Rosquitas,Bocaditos,0.25,300,255
2024-02-12,Pan Chabatta,Panes,0.25,768,720
2024-02-12,Pan Francés,Panes,0.25,648,610
2024-02-12,Pan Yema Largo,Panes,0.25,360,320
2024-02-12,Pan Yema Redondo,Panes,0.25,360,320
2024-02-12,Pan Chapla,Panes,0.25,144,110
2024-02-12,Pan Coliza,Panes,0.25,192,170
2024-02-12,Pan Integral,Panes,0.25,144,110
2024-02-12,Pan Caracol,Panes,0.25,144,110
2024-02-12,Pan Hamburguesa,Panes,0.4,288,240
2024-02-12,Cachito,Panes,0.25,144,110
2024-02-12,Pan Manjar,Panes,0.3,72,68
2024-02-12,Leche,Abarrotes,4.0,5,2
2024-02-12,Jamon,Abarrotes,2.5,6,3
2024-02-12,Café,Abarrotes,2.0,5,2
2024-02-12,Queso,Abarrotes,3.0,4,2
2024-02-12,Alfajores Pequeños,Bocaditos,0.25,200,150
2024-02-12,Alfajores Grandes,Bocaditos,1.0,100,75
2024-02-12,Galletas Pequeñas,Bocaditos,0.25,200,150
2024-02-12,Galletas Grandes,Bocaditos,1.0,300,290
2024-02-12,Cookie,Bocaditos,2.0,100,70
2024-02-12,Orejitas Pequeñas,Bocaditos,0.25,200,150
2024-02-12,Orejas Grandes,Bocaditos,1.0,100,70
2024-02-12,Beso de Moza,Bocaditos,1.0,80,50
2024-02-12,Caramandugas,Bocaditos,0.25,300,250
2024-02-12,Rosquitas,Bocaditos,0.25,300,250
2024-02-13,Pan Chabatta,Panes,0.25,768,720
2024-02-13,Pan Francés,Panes,0.25,648,610
2024-02-13,Pan Yema Largo,Panes,0.25,360,320
2024-02-13,Pan Yema Redondo,Panes,0.25,360,320
2024-02-13,Pan Chapla,Panes,0.25,144,110
2024-02-13,Pan Coliza,Panes,0.25,192,170
2024-02-13,Pan Integral,Panes,0.25,144,110
2024-02-13,Pan Caracol,Panes,0.25,144,110
2024-02-13,Pan Hamburguesa,Panes,0.4,288,240
2024-02-13,Cachito,Panes,0.25,144,110
2024-02-13,Pan Manjar,Panes,0.3,72,68
2024-02-13,Leche,Abarrotes,4.0,5,4
2024-02-13,Jamon,Abarrotes,2.5,6,3
2024-02-13,Café,Abarrotes,2.0,5,3
2024-02-13,Queso,Abarrotes,3.0,4,2
2024-02-13,Alfajores Pequeños,Bocaditos,0.25,200,150
2024-02-13,Alfajores Grandes,Bocaditos,1.0,100,75
2024-02-13,Galletas Pequeñas,Bocaditos,0.25,200,150
2024-02-13,Galletas Grandes,Bocaditos,1.0,300,290
2024-02-13,Cookie,Bocaditos,2.0,100,70
2024-02-13,Orejitas Pequeñas,Bocaditos,0.25,200,150
2024-02-13,Orejas Grandes,Bocaditos,1.0,100,70
2024-02-13,Beso de Moza,Bocaditos,1.0,80,50
2024-02-13,Caramandugas,Bocaditos,0.25,300,250
2024-02-13,Rosquitas,Bocaditos,0.25,300,250
2024-02-14,Pan Chabatta,Panes,0.25,768,720
2024-02-14,Pan Francés,Panes,0.25,648,610
2024-02-14,Pan Yema Largo,Panes,0.25,360,320
2024-02-14,Pan Yema Redondo,Panes,0.25,360,320
2024-02-14,Pan Chapla,Panes,0.25,144,110
2024-02-14,Pan Coliza,Panes,0.25,192,170
2024-02-14,Pan Integral,Panes,0.25,144,110
2024-02-14,Pan Caracol,Panes,0.25,144,110
2024-02-14,Pan Hamburguesa,Panes,0.4,288,240
2024-02-14,Cachito,Panes,0.25,144,110
2024-02-14,Pan Manjar,Panes,0.3,72,68
2024-02-14,Leche,Abarrotes,4.0,5,2
2024-02-14,Jamon,Abarrotes,2.5,6,4
2024-02-14,Café,Abarrotes,2.0,5,3
2024-02-14,Queso,Abarrotes,3.0,4,2
2024-02-14,Alfajores Pequeños,Bocaditos,0.25,200,150
2024-02-14,Alfajores Grandes,Bocaditos,1.0,100,75
2024-02-14,Galletas Pequeñas,Bocaditos,0.25,200,150
2024-02-14,Galletas Grandes,Bocaditos,1.0,300,290
2024-02-14,Cookie,Bocaditos,2.0,100,70
2024-02-14,Orejitas Pequeñas,Bocaditos,0.25,200,150
2024-02-14,Orejas Grandes,Bocaditos,1.0,100,70
2024-02-14,Beso de Moza,Bocaditos,1.0,80,50
2024-02-14,Caramandugas,Bocaditos,0.25,300,250
2024-02-14,Rosquitas,Bocaditos,0.25,300,250
2024-02-15,Pan Chabatta,Panes,0.25,768,720
2024-02-15,Pan Francés,Panes,0.25,648,610
2024-02-15,Pan Yema Largo,Panes,0.25,360,320
2024-02-15,Pan Yema Redondo,Panes,0.25,360,320
2024-02-15,Pan Chapla,Panes,0.25,144,110
2024-02-15,Pan Coliza,Panes,0.25,192,170
2024-02-15,Pan Integral,Panes,0.25,144,110
2024-02-15,Pan Caracol,Panes,0.25,144,110
2024-02-15,Pan Hamburguesa,Panes,0.4,288,240
2024-02-15,Cachito,Panes,0.25,144,110
2024-02-15,Pan Manjar,Panes,0.3,72,68
2024-02-15,Leche,Abarrotes,4.0,5,2
2024-02-15,Jamon,Abarrotes,2.5,6,3
2024-02-15,Café,Abarrotes,2.0,5,2
2024-02-15,Queso,Abarrotes,3.0,4,2
2024-02-15,Alfajores Pequeños,Bocaditos,0.25,200,150
2024-02-15,Alfajores Grandes,Bocaditos,1.0,100,75
2024-02-15,Galletas Pequeñas,Bocaditos,0.25,200,150
2024-02-15,Galletas Grandes,Bocaditos,1.0,300,290
2024-02-15,Cookie,Bocaditos,2.0,100,70
2024-02-15,Orejitas Pequeñas,Bocaditos,0.25,200,150
2024-02-15,Orejas Grandes,Bocaditos,1.0,100,70
2024-02-15,Beso de Moza,Bocaditos,1.0,80,50
2024-02-15,Caramandugas,Bocaditos,0.25,300,250
2024-02-15,Rosquitas,Bocaditos,0.25,300,250
2024-02-16,Pan Chabatta,Panes,0.25,768,720
2024-02-16,Pan Francés,Panes,0.25,648,610
2024-02-16,Pan Yema Largo,Panes,0.25,360,320
2024-02-16,Pan Yema Redondo,Panes,0.25,360,320
2024-02-16,Pan Chapla,Panes,0.25,144,110
2024-02-16,Pan Coliza,Panes,0.25,192,170
2024-02-16,Pan Integral,Panes,0.25,144,110
2024-02-16,Pan Caracol,Panes,0.25,144,110
2024-02-16,Pan Hamburguesa,Panes,0.4,288,240
2024-02-16,Cachito,Panes,0.25,144,110
2024-02-16,Pan Manjar,Panes,0.3,72,68
2024-02-16,Leche,Abarrotes,4.0,5,2
2024-02-16,Jamon,Abarrotes,2.5,6,5
2024-02-16,Café,Abarrotes,2.0,5,3
2024-02-16,Queso,Abarrotes,3.0,4,2
2024-02-16,Alfajores Pequeños,Bocaditos,0.25,200,150
2024-02-16,Alfajores Grandes,Bocaditos,1.0,100,75
2024-02-16,Galletas Pequeñas,Bocaditos,0.25,200,150
2024-02-16,Galletas Grandes,Bocaditos,1.0,300,290
2024-02-16,Cookie,Bocaditos,2.0,100,70
2024-02-16,Orejitas Pequeñas,Bocaditos,0.25,200,150
2024-02-16,Orejas Grandes,Bocaditos,1.0,100,70
2024-02-16,Beso de Moza,Bocaditos,1.0,80,50
2024-02-16,Caramandugas,Bocaditos,0.25,300,250
2024-02-16,Rosquitas,Bocaditos,0.25,300,250
2024-02-17,Pan Chabatta,Panes,0.25,768,731
2024-02-17,Pan Francés,Panes,0.25,648,613
2024-02-17,Pan Yema Largo,Panes,0.25,360,325
2024-02-17,Pan Yema Redondo,Panes,0.25,360,323
2024-02-17,Pan Chapla,Panes,0.25,144,120
2024-02-17,Pan Coliza,Panes,0.25,192,175
2024-02-17,Pan Integral,Panes,0.25,144,115
2024-02-17,Pan Caracol,Panes,0.25,144,110
2024-02-17,Pan Hamburguesa,Panes,0.4,288,244
2024-02-17,Cachito,Panes,0.25,144,113
2024-02-17,Pan Manjar,Panes,0.3,72,70
2024-02-17,Leche,Abarrotes,4.0,5,3
2024-02-17,Jamon,Abarrotes,2.5,6,6
2024-02-17,Café,Abarrotes,2.0,5,2
2024-02-17,Queso,Abarrotes,3.0,4,2
2024-02-17,Alfajores Pequeños,Bocaditos,0.25,200,150
2024-02-17,Alfajores Grandes,Bocaditos,1.0,100,80
2024-02-17,Galletas Pequeñas,Bocaditos,0.25,200,153
2024-02-17,Galletas Grandes,Bocaditos,1.0,300,290
2024-02-17,Cookie,Bocaditos,2.0,100,75
2024-02-17,Orejitas Pequeñas,Bocaditos,0.25,200,154
2024-02-17,Orejas Grandes,Bocaditos,1.0,100,74
2024-02-17,Beso de Moza,Bocaditos,1.0,80,59
2024-02-17,Caramandugas,Bocaditos,0.25,300,252
2024-02-17,Rosquitas,Bocaditos,0.25,300,251
2024-02-18,Pan Chabatta,Panes,0.25,768,726
2024-02-18,Pan Francés,Panes,0.25,648,617
2024-02-18,Pan Yema Largo,Panes,0.25,360,321
2024-02-18,Pan Yema Redondo,Panes,0.25,360,320
2024-02-18,Pan Chapla,Panes,0.25,144,117
2024-02-18,Pan Coliza,Panes,0.25,192,174
2024-02-18,Pan Integral,Panes,0.25,144,113
2024-02-18,Pan Caracol,Panes,0.25,144,117
2024-02-18,Pan Hamburguesa,Panes,0.4,288,241
2024-02-18,Cachito,Panes,0.25,144,113
2024-02-18,Pan Manjar,Panes,0.3,72,69
2024-02-18,Leche,Abarrotes,4.0,5,5
2024-02-18,Jamon,Abarrotes,2.5,6,4
2024-02-18,Café,Abarrotes,2.0,5,2
2024-02-18,Queso,Abarrotes,3.0,4,3
2024-02-18,Alfajores Pequeños,Bocaditos,0.25,200,159
2024-02-18,Alfajores Grandes,Bocaditos,1.0,100,79
2024-02-18,Galletas Pequeñas,Bocaditos,0.25,200,150
2024-02-18,Galletas Grandes,Bocaditos,1.0,300,292
2024-02-18,Cookie,Bocaditos,2.0,100,74
2024-02-18,Orejitas Pequeñas,Bocaditos,0.25,200,151
2024-02-18,Orejas Grandes,Bocaditos,1.0,100,70
2024-02-18,Beso de Moza,Bocaditos,1.0,80,56
2024-02-18,Caramandugas,Bocaditos,0.25,300,258
2024-02-18,Rosquitas,Bocaditos,0.25,300,254
2024-02-19,Pan Chabatta,Panes,0.25,768,720
2024-02-19,Pan Francés,Panes,0.25,648,610
2024-02-19,Pan Yema Largo,Panes,0.25,360,320
2024-02-19,Pan Yema Redondo,Panes,0.25,360,320
2024-02-19,Pan Chapla,Panes,0.25,144,110
2024-02-19,Pan Coliza,Panes,0.25,192,170
2024-02-19,Pan Integral,Panes,0.25,144,110
2024-02-19,Pan Caracol,Panes,0.25,144,110
2024-02-19,Pan Hamburguesa,Panes,0.4,288,240
2024-02-19,Cachito,Panes,0.25,144,110
2024-02-19,Pan Manjar,Panes,0.3,72,68
2024-02-19,Leche,Abarrotes,4.0,5,2
2024-02-19,Jamon,Abarrotes,2.5,6,3
2024-02-19,Café,Abarrotes,2.0,5,2
2024-02-19,Queso,Abarrotes,3.0,4,2
2024-02-19,Alfajores Pequeños,Bocaditos,0.25,200,150
2024-02-19,Alfajores Grandes,Bocaditos,1.0,100,75
2024-02-19,Galletas Pequeñas,Bocaditos,0.25,200,150
2024-02-19,Galletas Grandes,Bocaditos,1.0,300,290
2024-02-19,Cookie,Bocaditos,2.0,100,70
2024-02-19,Orejitas Pequeñas,Bocaditos,0.25,200,150
2024-02-19,Orejas Grandes,Bocaditos,1.0,100,70
2024-02-19,Beso de Moza,Bocaditos,1.0,80,50
2024-02-19,Caramandugas,Bocaditos,0.25,300,250
2024-02-19,Rosquitas,Bocaditos,0.25,300,250
2024-02-20,Pan Chabatta,Panes,0.25,768,720
2024-02-20,Pan Francés,Panes,0.25,648,610
2024-02-20,Pan Yema Largo,Panes,0.25,360,320
2024-02-20,Pan Yema Redondo,Panes,0.25,360,320
2024-02-20,Pan Chapla,Panes,0.25,144,110
2024-02-20,Pan Coliza,Panes,0.25,192,170
2024-02-20,Pan Integral,Panes,0.25,144,110
2024-02-20,Pan Caracol,Panes,0.25,144,110
2024-02-20,Pan Hamburguesa,Panes,0.4,288,240
2024-02-20,Cachito,Panes,0.25,144,110
2024-02-20,Pan Manjar,Panes,0.3,72,68
2024-02-20,Leche,Abarrotes,4.0,5,2
2024-02-20,Jamon,Abarrotes,2.5,6,5
2024-02-20,Café,Abarrotes,2.0,5,3
2024-02-20,Queso,Abarrotes,3.0,4,2
2024-02-20,Alfajores Pequeños,Bocaditos,0.25,200,150
2024-02-20,Alfajores Grandes,Bocaditos,1.0,100,75
2024-02-20,Galletas Pequeñas,Bocaditos,0.25,200,150
2024-02-20,Galletas Grandes,Bocaditos,1.0,300,290
2024-02-20,Cookie,Bocaditos,2.0,100,70
2024-02-20,Orejitas Pequeñas,Bocaditos,0.25,200,150
2024-02-20,Orejas Grandes,Bocaditos,1.0,100,70
2024-02-20,Beso de Moza,Bocaditos,1.0,80,50
2024-02-20,Caramandugas,Bocaditos,0.25,300,250
2024-02-20,Rosquitas,Bocaditos,0.25,300,250
2024-02-21,Pan Chabatta,Panes,0.25,768,720
2024-02-21,Pan Francés,Panes,0.25,648,610
2024-02-21,Pan Yema Largo,Panes,0.25,360,320
2024-02-21,Pan Yema Redondo,Panes,0.25,360,320
2024-02-21,Pan Chapla,Panes,0.25,144,110
2024-02-21,Pan Coliza,Panes,0.25,192,170
2024-02-21,Pan Integral,Panes,0.25,144,110
2024-02-21,Pan Caracol,Panes,0.25,144,110
2024-02-21,Pan Hamburguesa,Panes,0.4,288,240
2024-02-21,Cachito,Panes,0.25,144,110
2024-02-21,Pan Manjar,Panes,0.3,72,68
2024-02-21,Leche,Abarrotes,4.0,5,3
2024-02-21,Jamon,Abarrotes,2.5,6,3
2024-02-21,Café,Abarrotes,2.0,5,2
2024-02-21,Queso,Abarrotes,3.0,4,2
2024-02-21,Alfajores Pequeños,Bocaditos,0.25,200,150
2024-02-21,Alfajores Grandes,Bocaditos,1.0,100,75
2024-02-21,Galletas Pequeñas,Bocaditos,0.25,200,150
2024-02-21,Galletas Grandes,Bocaditos,1.0,300,290
2024-02-21,Cookie,Bocaditos,2.0,100,70
2024-02-21,Orejitas Pequeñas,Bocaditos,0.25,200,150
2024-02-21,Orejas Grandes,Bocaditos,1.0,100,70
2024-02-21,Beso de Moza,Bocaditos,1.0,80,50
2024-02-21,Caramandugas,Bocaditos,0.25,300,250
2024-02-21,Rosquitas,Bocaditos,0.25,300,250
2024-02-22,Pan Chabatta,Panes,0.25,768,720
2024-02-22,Pan Francés,Panes,0.25,648,610
2024-02-22,Pan Yema Largo,Panes,0.25,360,320
2024-02-22,Pan Yema Redondo,Panes,0.25,360,320
2024-02-22,Pan Chapla,Panes,0.25,144,110
2024-02-22,Pan Coliza,Panes,0.25,192,170
2024-02-22,Pan Integral,Panes,0.25,144,110
2024-02-22,Pan Caracol,Panes,0.25,144,110
2024-02-22,Pan Hamburguesa,Panes,0.4,288,240
2024-02-22,Cachito,Panes,0.25,144,110
2024-02-22,Pan Manjar,Panes,0.3,72,68
2024-02-22,Leche,Abarrotes,4.0,5,4
2024-02-22,Jamon,Abarrotes,2.5,6,5
2024-02-22,Café,Abarrotes,2.0,5,2
2024-02-22,Queso,Abarrotes,3.0,4,2
2024-02-22,Alfajores Pequeños,Bocaditos,0.25,200,150
2024-02-22,Alfajores Grandes,Bocaditos,1.0,100,75
2024-02-22,Galletas Pequeñas,Bocaditos,0.25,200,150
2024-02-22,Galletas Grandes,Bocaditos,1.0,300,290
2024-02-22,Cookie,Bocaditos,2.0,100,70
2024-02-22,Orejitas Pequeñas,Bocaditos,0.25,200,150
2024-02-22,Orejas Grandes,Bocaditos,1.0,100,70
2024-02-22,Beso de Moza,Bocaditos,1.0,80,50
2024-02-22,Caramandugas,Bocaditos,0.25,300,250
2024-02-22,Rosquitas,Bocaditos,0.25,300,250
2024-02-23,Pan Chabatta,Panes,0.25,768,720
2024-02-23,Pan Francés,Panes,0.25,648,610
2024-02-23,Pan Yema Largo,Panes,0.25,360,320
2024-02-23,Pan Yema Redondo,Panes,0.25,360,320
2024-02-23,Pan Chapla,Panes,0.25,144,110
2024-02-23,Pan Coliza,Panes,0.25,192,170
2024-02-23,Pan Integral,Panes,0.25,144,110
2024-02-23,Pan Caracol,Panes,0.25,144,110
2024-02-23,Pan Hamburguesa,Panes,0.4,288,240
2024-02-23,Cachito,Panes,0.25,144,110
2024-02-23,Pan Manjar,Panes,0.3,72,68
2024-02-23,Leche,Abarrotes,4.0,5,2
2024-02-23,Jamon,Abarrotes,2.5,6,4
2024-02-23,Café,Abarrotes,2.0,5,4
2024-02-23,Queso,Abarrotes,3.0,4,2
2024-02-23,Alfajores Pequeños,Bocaditos,0.25,200,150
2024-02-23,Alfajores Grandes,Bocaditos,1.0,100,75
2024-02-23,Galletas Pequeñas,Bocaditos,0.25,200,150
2024-02-23,Galletas Grandes,Bocaditos,1.0,300,290
2024-02-23,Cookie,Bocaditos,2.0,100,70
2024-02-23,Orejitas Pequeñas,Bocaditos,0.25,200,150
2024-02-23,Orejas Grandes,Bocaditos,1.0,100,70
2024-02-23,Beso de Moza,Bocaditos,1.0,80,50
2024-02-23,Caramandugas,Bocaditos,0.25,300,250
2024-02-23,Rosquitas,Bocaditos,0.25,300,250
2024-02-24,Pan Chabatta,Panes,0.25,768,733
2024-02-24,Pan Francés,Panes,0.25,648,610
2024-02-24,Pan Yema Largo,Panes,0.25,360,324
2024-02-24,Pan Yema Redondo,Panes,0.25,360,322
2024-02-24,Pan Chapla,Panes,0.25,144,118
2024-02-24,Pan Coliza,Panes,0.25,192,176
2024-02-24,Pan Integral,Panes,0.25,144,111
2024-02-24,Pan Caracol,Panes,0.25,144,119
2024-02-24,Pan Hamburguesa,Panes,0.4,288,249
2024-02-24,Cachito,Panes,0.25,144,113
2024-02-24,Pan Manjar,Panes,0.3,72,70
2024-02-24,Leche,Abarrotes,4.0,5,3
2024-02-24,Jamon,Abarrotes,2.5,6,4
2024-02-24,Café,Abarrotes,2.0,5,3
2024-02-24,Queso,Abarrotes,3.0,4,2
2024-02-24,Alfajores Pequeños,Bocaditos,0.25,200,151
2024-02-24,Alfajores Grandes,Bocaditos,1.0,100,75
2024-02-24,Galletas Pequeñas,Bocaditos,0.25,200,154
2024-02-24,Galletas Grandes,Bocaditos,1.0,300,294
2024-02-24,Cookie,Bocaditos,2.0,100,71
2024-02-24,Orejitas Pequeñas,Bocaditos,0.25,200,155
2024-02-24,Orejas Grandes,Bocaditos,1.0,100,72
2024-02-24,Beso de Moza,Bocaditos,1.0,80,53
2024-02-24,Caramandugas,Bocaditos,0.25,300,258
2024-02-24,Rosquitas,Bocaditos,0.25,300,252
2024-02-25,Pan Chabatta,Panes,0.25,768,724
2024-02-25,Pan Francés,Panes,0.25,648,613
2024-02-25,Pan Yema Largo,Panes,0.25,360,329
2024-02-25,Pan Yema Redondo,Panes,0.25,360,330
2024-02-25,Pan Chapla,Panes,0.25,144,119
2024-02-25,Pan Coliza,Panes,0.25,192,171
2024-02-25,Pan Integral,Panes,0.25,144,111
2024-02-25,Pan Caracol,Panes,0.25,144,116
2024-02-25,Pan Hamburguesa,Panes,0.4,288,249
2024-02-25,Cachito,Panes,0.25,144,120
2024-02-25,Pan Manjar,Panes,0.3,72,69
2024-02-25,Leche,Abarrotes,4.0,5,4
2024-02-25,Jamon,Abarrotes,2.5,6,4
2024-02-25,Café,Abarrotes,2.0,5,4
2024-02-25,Queso,Abarrotes,3.0,4,3
2024-02-25,Alfajores Pequeños,Bocaditos,0.25,200,152
2024-02-25,Alfajores Grandes,Bocaditos,1.0,100,80
2024-02-25,Galletas Pequeñas,Bocaditos,0.25,200,154
2024-02-25,Galletas Grandes,Bocaditos,1.0,300,294
2024-02-25,Cookie,Bocaditos,2.0,100,72
2024-02-25,Orejitas Pequeñas,Bocaditos,0.25,200,157
2024-02-25,Orejas Grandes,Bocaditos,1.0,100,74
2024-02-25,Beso de Moza,Bocaditos,1.0,80,54
2024-02-25,Caramandugas,Bocaditos,0.25,300,254
2024-02-25,Rosquitas,Bocaditos,0.25,300,250
2024-02-26,Pan Chabatta,Panes,0.25,768,720
2024-02-26,Pan Francés,Panes,0.25,648,610
2024-02-26,Pan Yema Largo,Panes,0.25,360,320
2024-02-26,Pan Yema Redondo,Panes,0.25,360,320
2024-02-26,Pan Chapla,Panes,0.25,144,110
2024-02-26,Pan Coliza,Panes,0.25,192,170
2024-02-26,Pan Integral,Panes,0.25,144,110
2024-02-26,Pan Caracol,Panes,0.25,144,110
2024-02-26,Pan Hamburguesa,Panes,0.4,288,240
2024-02-26,Cachito,Panes,0.25,144,110
2024-02-26,Pan Manjar,Panes,0.3,72,68
2024-02-26,Leche,Abarrotes,4.0,5,2
2024-02-26,Jamon,Abarrotes,2.5,6,3
2024-02-26,Café,Abarrotes,2.0,5,2
2024-02-26,Queso,Abarrotes,3.0,4,3
2024-02-26,Alfajores Pequeños,Bocaditos,0.25,200,150
2024-02-26,Alfajores Grandes,Bocaditos,1.0,100,75
2024-02-26,Galletas Pequeñas,Bocaditos,0.25,200,150
2024-02-26,Galletas Grandes,Bocaditos,1.0,300,290
2024-02-26,Cookie,Bocaditos,2.0,100,70
2024-02-26,Orejitas Pequeñas,Bocaditos,0.25,200,150
2024-02-26,Orejas Grandes,Bocaditos,1.0,100,70
2024-02-26,Beso de Moza,Bocaditos,1.0,80,50
2024-02-26,Caramandugas,Bocaditos,0.25,300,250
2024-02-26,Rosquitas,Bocaditos,0.25,300,250
2024-02-27,Pan Chabatta,Panes,0.25,768,720
2024-02-27,Pan Francés,Panes,0.25,648,610
2024-02-27,Pan Yema Largo,Panes,0.25,360,320
2024-02-27,Pan Yema Redondo,Panes,0.25,360,320
2024-02-27,Pan Chapla,Panes,0.25,144,110
2024-02-27,Pan Coliza,Panes,0.25,192,170
2024-02-27,Pan Integral,Panes,0.25,144,110
2024-02-27,Pan Caracol,Panes,0.25,144,110
2024-02-27,Pan Hamburguesa,Panes,0.4,288,240
2024-02-27,Cachito,Panes,0.25,144,110
2024-02-27,Pan Manjar,Panes,0.3,72,68
2024-02-27,Leche,Abarrotes,4.0,5,2
2024-02-27,Jamon,Abarrotes,2.5,6,3
2024-02-27,Café,Abarrotes,2.0,5,3
2024-02-27,Queso,Abarrotes,3.0,4,2
2024-02-27,Alfajores Pequeños,Bocaditos,0.25,200,150
2024-02-27,Alfajores Grandes,Bocaditos,1.0,100,75
2024-02-27,Galletas Pequeñas,Bocaditos,0.25,200,150
2024-02-27,Galletas Grandes,Bocaditos,1.0,300,290
2024-02-27,Cookie,Bocaditos,2.0,100,70
2024-02-27,Orejitas Pequeñas,Bocaditos,0.25,200,150
2024-02-27,Orejas Grandes,Bocaditos,1.0,100,70
2024-02-27,Beso de Moza,Bocaditos,1.0,80,50
2024-02-27,Caramandugas,Bocaditos,0.25,300,250
2024-02-27,Rosquitas,Bocaditos,0.25,300,250
2024-02-28,Pan Chabatta,Panes,0.25,768,720
2024-02-28,Pan Francés,Panes,0.25,648,610
2024-02-28,Pan Yema Largo,Panes,0.25,360,320
2024-02-28,Pan Yema Redondo,Panes,0.25,360,320
2024-02-28,Pan Chapla,Panes,0.25,144,110
2024-02-28,Pan Coliza,Panes,0.25,192,170
2024-02-28,Pan Integral,Panes,0.25,144,110
2024-02-28,Pan Caracol,Panes,0.25,144,110
2024-02-28,Pan Hamburguesa,Panes,0.4,288,240
2024-02-28,Cachito,Panes,0.25,144,110
2024-02-28,Pan Manjar,Panes,0.3,72,68
2024-02-28,Leche,Abarrotes,4.0,5,2
2024-02-28,Jamon,Abarrotes,2.5,6,3
2024-02-28,Café,Abarrotes,2.0,5,3
2024-02-28,Queso,Abarrotes,3.0,4,2
2024-02-28,Alfajores Pequeños,Bocaditos,0.25,200,150
2024-02-28,Alfajores Grandes,Bocaditos,1.0,100,75
2024-02-28,Galletas Pequeñas,Bocaditos,0.25,200,150
2024-02-28,Galletas Grandes,Bocaditos,1.0,300,290
2024-02-28,Cookie,Bocaditos,2.0,100,70
2024-02-28,Orejitas Pequeñas,Bocaditos,0.25,200,150
2024-02-28,Orejas Grandes,Bocaditos,1.0,100,70
2024-02-28,Beso de Moza,Bocaditos,1.0,80,50
2024-02-28,Caramandugas,Bocaditos,0.25,300,250
2024-02-28,Rosquitas,Bocaditos,0.25,300,250
2024-02-29,Pan Chabatta,Panes,0.25,768,720
2024-02-29,Pan Francés,Panes,0.25,648,610
2024-02-29,Pan Yema Largo,Panes,0.25,360,320
2024-02-29,Pan Yema Redondo,Panes,0.25,360,320
2024-02-29,Pan Chapla,Panes,0.25,144,110
2024-02-29,Pan Coliza,Panes,0.25,192,170
2024-02-29,Pan Integral,Panes,0.25,144,110
2024-02-29,Pan Caracol,Panes,0.25,144,110
2024-02-29,Pan Hamburguesa,Panes,0.4,288,240
2024-02-29,Cachito,Panes,0.25,144,110
2024-02-29,Pan Manjar,Panes,0.3,72,68
2024-02-29,Leche,Abarrotes,4.0,5,2
2024-02-29,Jamon,Abarrotes,2.5,6,4
2024-02-29,Café,Abarrotes,2.0,5,2
2024-02-29,Queso,Abarrotes,3.0,4,2
2024-02-29,Alfajores Pequeños,Bocaditos,0.25,200,150
2024-02-29,Alfajores Grandes,Bocaditos,1.0,100,75
2024-02-29,Galletas Pequeñas,Bocaditos,0.25,200,150
2024-02-29,Galletas Grandes,Bocaditos,1.0,300,290
2024-02-29,Cookie,Bocaditos,2.0,100,70
2024-02-29,Orejitas Pequeñas,Bocaditos,0.25,200,150
2024-02-29,Orejas Grandes,Bocaditos,1.0,100,70
2024-02-29,Beso de Moza,Bocaditos,1.0,80,50
2024-02-29,Caramandugas,Bocaditos,0.25,300,250
2024-02-29,Rosquitas,Bocaditos,0.25,300,250
2024-03-01,Pan Chabatta,Panes,0.25,768,720
2024-03-01,Pan Francés,Panes,0.25,648,610
2024-03-01,Pan Yema Largo,Panes,0.25,360,320
2024-03-01,Pan Yema Redondo,Panes,0.25,360,320
2024-03-01,Pan Chapla,Panes,0.25,144,110
2024-03-01,Pan Coliza,Panes,0.25,192,170
2024-03-01,Pan Integral,Panes,0.25,144,110
2024-03-01,Pan Caracol,Panes,0.25,144,110
2024-03-01,Pan Hamburguesa,Panes,0.4,288,240
2024-03-01,Cachito,Panes,0.25,144,110
2024-03-01,Pan Manjar,Panes,0.3,72,68
2024-03-01,Leche,Abarrotes,4.0,5,2
2024-03-01,Jamon,Abarrotes,2.5,6,4
2024-03-01,Café,Abarrotes,2.0,5,3
2024-03-01,Queso,Abarrotes,3.0,4,3
2024-03-01,Alfajores Pequeños,Bocaditos,0.25,200,150
2024-03-01,Alfajores Grandes,Bocaditos,1.0,100,75
2024-03-01,Galletas Pequeñas,Bocaditos,0.25,200,150
2024-03-01,Galletas Grandes,Bocaditos,1.0,300,290
2024-03-01,Cookie,Bocaditos,2.0,100,70
2024-03-01,Orejitas Pequeñas,Bocaditos,0.25,200,150
2024-03-01,Orejas Grandes,Bocaditos,1.0,100,70
2024-03-01,Beso de Moza,Bocaditos,1.0,80,50
2024-03-01,Caramandugas,Bocaditos,0.25,300,250
2024-03-01,Rosquitas,Bocaditos,0.25,300,250
2024-03-02,Pan Chabatta,Panes,0.25,768,735
2024-03-02,Pan Francés,Panes,0.25,648,611
2024-03-02,Pan Yema Largo,Panes,0.25,360,328
2024-03-02,Pan Yema Redondo,Panes,0.25,360,322
2024-03-02,Pan Chapla,Panes,0.25,144,118
2024-03-02,Pan Coliza,Panes,0.25,192,173
2024-03-02,Pan Integral,Panes,0.25,144,115
2024-03-02,Pan Caracol,Panes,0.25,144,110
2024-03-02,Pan Hamburguesa,Panes,0.4,288,248
2024-03-02,Cachito,Panes,0.25,144,118
2024-03-02,Pan Manjar,Panes,0.3,72,69
2024-03-02,Leche,Abarrotes,4.0,5,2
2024-03-02,Jamon,Abarrotes,2.5,6,4
2024-03-02,Café,Abarrotes,2.0,5,3
2024-03-02,Queso,Abarrotes,3.0,4,2
2024-03-02,Alfajores Pequeños,Bocaditos,0.25,200,153
2024-03-02,Alfajores Grandes,Bocaditos,1.0,100,77
2024-03-02,Galletas Pequeñas,Bocaditos,0.25,200,154
2024-03-02,Galletas Grandes,Bocaditos,1.0,300,292
2024-03-02,Cookie,Bocaditos,2.0,100,70
2024-03-02,Orejitas Pequeñas,Bocaditos,0.25,200,153
2024-03-02,Orejas Grandes,Bocaditos,1.0,100,73
2024-03-02,Beso de Moza,Bocaditos,1.0,80,57
2024-03-02,Caramandugas,Bocaditos,0.25,300,258
2024-03-02,Rosquitas,Bocaditos,0.25,300,255
2024-03-03,Pan Chabatta,Panes,0.25,768,727
2024-03-03,Pan Francés,Panes,0.25,648,620
2024-03-03,Pan Yema Largo,Panes,0.25,360,321
2024-03-03,Pan Yema Redondo,Panes,0.25,360,324
2024-03-03,Pan Chapla,Panes,0.25,144,114
2024-03-03,Pan Coliza,Panes,0.25,192,176
2024-03-03,Pan Integral,Panes,0.25,144,112
2024-03-03,Pan Caracol,Panes,0.25,144,117
2024-03-03,Pan Hamburguesa,Panes,0.4,288,247
2024-03-03,Cachito,Panes,0.25,144,116
2024-03-03,Pan Manjar,Panes,0.3,72,68
2024-03-03,Leche,Abarrotes,4.0,5,4
2024-03-03,Jamon,Abarrotes,2.5,6,5
2024-03-03,Café,Abarrotes,2.0,5,3
2024-03-03,Queso,Abarrotes,3.0,4,3
2024-03-03,Alfajores Pequeños,Bocaditos,0.25,200,153
2024-03-03,Alfajores Grandes,Bocaditos,1.0,100,76
2024-03-03,Galletas Pequeñas,Bocaditos,0.25,200,151
2024-03-03,Galletas Grandes,Bocaditos,1.0,300,292
2024-03-03,Cookie,Bocaditos,2.0,100,73
2024-03-03,Orejitas Pequeñas,Bocaditos,0.25,200,154
2024-03-03,Orejas Grandes,Bocaditos,1.0,100,74
2024-03-03,Beso de Moza,Bocaditos,1.0,80,50
2024-03-03,Caramandugas,Bocaditos,0.25,300,255
2024-03-03,Rosquitas,Bocaditos,0.25,300,259
2024-03-04,Pan Chabatta,Panes,0.25,768,720
2024-03-04,Pan Francés,Panes,0.25,648,610
2024-03-04,Pan Yema Largo,Panes,0.25,360,320
2024-03-04,Pan Yema Redondo,Panes,0.25,360,320
2024-03-04,Pan Chapla,Panes,0.25,144,110
2024-03-04,Pan Coliza,Panes,0.25,192,170
2024-03-04,Pan Integral,Panes,0.25,144,110
2024-03-04,Pan Caracol,Panes,0.25,144,110
2024-03-04,Pan Hamburguesa,Panes,0.4,288,240
2024-03-04,Cachito,Panes,0.25,144,110
2024-03-04,Pan Manjar,Panes,0.3,72,68
2024-03-04,Leche,Abarrotes,4.0,5,2
2024-03-04,Jamon,Abarrotes,2.5,6,3
2024-03-04,Café,Abarrotes,2.0,5,2
2024-03-04,Queso,Abarrotes,3.0,4,2
2024-03-04,Alfajores Pequeños,Bocaditos,0.25,200,150
2024-03-04,Alfajores Grandes,Bocaditos,1.0,100,75
2024-03-04,Galletas Pequeñas,Bocaditos,0.25,200,150
2024-03-04,Galletas Grandes,Bocaditos,1.0,300,290
2024-03-04,Cookie,Bocaditos,2.0,100,70
2024-03-04,Orejitas Pequeñas,Bocaditos,0.25,200,150
2024-03-04,Orejas Grandes,Bocaditos,1.0,100,70
2024-03-04,Beso de Moza,Bocaditos,1.0,80,50
2024-03-04,Caramandugas,Bocaditos,0.25,300,250
2024-03-04,Rosquitas,Bocaditos,0.25,300,250
2024-03-05,Pan Chabatta,Panes,0.25,768,720
2024-03-05,Pan Francés,Panes,0.25,648,610
2024-03-05,Pan Yema Largo,Panes,0.25,360,320
2024-03-05,Pan Yema Redondo,Panes,0.25,360,320
2024-03-05,Pan Chapla,Panes,0.25,144,110
2024-03-05,Pan Coliza,Panes,0.25,192,170
2024-03-05,Pan Integral,Panes,0.25,144,110
2024-03-05,Pan Caracol,Panes,0.25,144,110
2024-03-05,Pan Hamburguesa,Panes,0.4,288,240
2024-03-05,Cachito,Panes,0.25,144,110
2024-03-05,Pan Manjar,Panes,0.3,72,68
2024-03-05,Leche,Abarrotes,4.0,5,3
2024-03-05,Jamon,Abarrotes,2.5,6,4
2024-03-05,Café,Abarrotes,2.0,5,3
2024-03-05,Queso,Abarrotes,3.0,4,2
2024-03-05,Alfajores Pequeños,Bocaditos,0.25,200,150
2024-03-05,Alfajores Grandes,Bocaditos,1.0,100,75
2024-03-05,Galletas Pequeñas,Bocaditos,0.25,200,150
2024-03-05,Galletas Grandes,Bocaditos,1.0,300,290
2024-03-05,Cookie,Bocaditos,2.0,100,70
2024-03-05,Orejitas Pequeñas,Bocaditos,0.25,200,150
2024-03-05,Orejas Grandes,Bocaditos,1.0,100,70
2024-03-05,Beso de Moza,Bocaditos,1.0,80,50
2024-03-05,Caramandugas,Bocaditos,0.25,300,250
2024-03-05,Rosquitas,Bocaditos,0.25,300,250
2024-03-06,Pan Chabatta,Panes,0.25,768,720
2024-03-06,Pan Francés,Panes,0.25,648,610
2024-03-06,Pan Yema Largo,Panes,0.25,360,320
2024-03-06,Pan Yema Redondo,Panes,0.25,360,320
2024-03-06,Pan Chapla,Panes,0.25,144,110
2024-03-06,Pan Coliza,Panes,0.25,192,170
2024-03-06,Pan Integral,Panes,0.25,144,110
2024-03-06,Pan Caracol,Panes,0.25,144,110
2024-03-06,Pan Hamburguesa,Panes,0.4,288,240
2024-03-06,Cachito,Panes,0.25,144,110
2024-03-06,Pan Manjar,Panes,0.3,72,68
2024-03-06,Leche,Abarrotes,4.0,5,3
2024-03-06,Jamon,Abarrotes,2.5,6,3
2024-03-06,Café,Abarrotes,2.0,5,3
2024-03-06,Queso,Abarrotes,3.0,4,2
2024-03-06,Alfajores Pequeños,Bocaditos,0.25,200,150
2024-03-06,Alfajores Grandes,Bocaditos,1.0,100,75
2024-03-06,Galletas Pequeñas,Bocaditos,0.25,200,150
2024-03-06,Galletas Grandes,Bocaditos,1.0,300,290
2024-03-06,Cookie,Bocaditos,2.0,100,70
2024-03-06,Orejitas Pequeñas,Bocaditos,0.25,200,150
2024-03-06,Orejas Grandes,Bocaditos,1.0,100,70
2024-03-06,Beso de Moza,Bocaditos,1.0,80,50
2024-03-06,Caramandugas,Bocaditos,0.25,300,250
2024-03-06,Rosquitas,Bocaditos,0.25,300,250
2024-03-07,Pan Chabatta,Panes,0.25,768,720
2024-03-07,Pan Francés,Panes,0.25,648,610
2024-03-07,Pan Yema Largo,Panes,0.25,360,320
2024-03-07,Pan Yema Redondo,Panes,0.25,360,320
2024-03-07,Pan Chapla,Panes,0.25,144,110
2024-03-07,Pan Coliza,Panes,0.25,192,170
2024-03-07,Pan Integral,Panes,0.25,144,110
2024-03-07,Pan Caracol,Panes,0.25,144,110
2024-03-07,Pan Hamburguesa,Panes,0.4,288,240
2024-03-07,Cachito,Panes,0.25,144,110
2024-03-07,Pan Manjar,Panes,0.3,72,68
2024-03-07,Leche,Abarrotes,4.0,5,2
2024-03-07,Jamon,Abarrotes,2.5,6,5
2024-03-07,Café,Abarrotes,2.0,5,3
2024-03-07,Queso,Abarrotes,3.0,4,3
2024-03-07,Alfajores Pequeños,Bocaditos,0.25,200,150
2024-03-07,Alfajores Grandes,Bocaditos,1.0,100,75
2024-03-07,Galletas Pequeñas,Bocaditos,0.25,200,150
2024-03-07,Galletas Grandes,Bocaditos,1.0,300,290
2024-03-07,Cookie,Bocaditos,2.0,100,70
2024-03-07,Orejitas Pequeñas,Bocaditos,0.25,200,150
2024-03-07,Orejas Grandes,Bocaditos,1.0,100,70
2024-03-07,Beso de Moza,Bocaditos,1.0,80,50
2024-03-07,Caramandugas,Bocaditos,0.25,300,250
2024-03-07,Rosquitas,Bocaditos,0.25,300,250
2024-03-08,Pan Chabatta,Panes,0.25,768,720
2024-03-08,Pan Francés,Panes,0.25,648,610
2024-03-08,Pan Yema Largo,Panes,0.25,360,320
2024-03-08,Pan Yema Redondo,Panes,0.25,360,320
2024-03-08,Pan Chapla,Panes,0.25,144,110
2024-03-08,Pan Coliza,Panes,0.25,192,170
2024-03-08,Pan Integral,Panes,0.25,144,110
2024-03-08,Pan Caracol,Panes,0.25,144,110
2024-03-08,Pan Hamburguesa,Panes,0.4,288,240
2024-03-08,Cachito,Panes,0.25,144,110
2024-03-08,Pan Manjar,Panes,0.3,72,68
2024-03-08,Leche,Abarrotes,4.0,5,2
2024-03-08,Jamon,Abarrotes,2.5,6,3
2024-03-08,Café,Abarrotes,2.0,5,3
2024-03-08,Queso,Abarrotes,3.0,4,2
2024-03-08,Alfajores Pequeños,Bocaditos,0.25,200,150
2024-03-08,Alfajores Grandes,Bocaditos,1.0,100,75
2024-03-08,Galletas Pequeñas,Bocaditos,0.25,200,150
2024-03-08,Galletas Grandes,Bocaditos,1.0,300,290
2024-03-08,Cookie,Bocaditos,2.0,100,70
2024-03-08,Orejitas Pequeñas,Bocaditos,0.25,200,150
2024-03-08,Orejas Grandes,Bocaditos,1.0,100,70
2024-03-08,Beso de Moza,Bocaditos,1.0,80,52
2024-03-08,Caramandugas,Bocaditos,0.25,300,250
2024-03-08,Rosquitas,Bocaditos,0.25,300,250
2024-03-09,Pan Chabatta,Panes,0.25,768,732
2024-03-09,Pan Francés,Panes,0.25,648,611
2024-03-09,Pan Yema Largo,Panes,0.25,360,322
2024-03-09,Pan Yema Redondo,Panes,0.25,360,326
2024-03-09,Pan Chapla,Panes,0.25,144,118
2024-03-09,Pan Coliza,Panes,0.25,192,171
2024-03-09,Pan Integral,Panes,0.25,144,113
2024-03-09,Pan Caracol,Panes,0.25,144,110
2024-03-09,Pan Hamburguesa,Panes,0.4,288,246
2024-03-09,Cachito,Panes,0.25,144,121
2024-03-09,Pan Manjar,Panes,0.3,72,68
2024-03-09,Leche,Abarrotes,4.0,5,3
2024-03-09,Jamon,Abarrotes,2.5,6,4
2024-03-09,Café,Abarrotes,2.0,5,3
2024-03-09,Queso,Abarrotes,3.0,4,2
2024-03-09,Alfajores Pequeños,Bocaditos,0.25,200,150
2024-03-09,Alfajores Grandes,Bocaditos,1.0,100,75
2024-03-09,Galletas Pequeñas,Bocaditos,0.25,200,150
2024-03-09,Galletas Grandes,Bocaditos,1.0,300,291
2024-03-09,Cookie,Bocaditos,2.0,100,70
2024-03-09,Orejitas Pequeñas,Bocaditos,0.25,200,151
2024-03-09,Orejas Grandes,Bocaditos,1.0,100,71
2024-03-09,Beso de Moza,Bocaditos,1.0,80,54
2024-03-09,Caramandugas,Bocaditos,0.25,300,251
2024-03-09,Rosquitas,Bocaditos,0.25,300,252
2024-03-10,Pan Chabatta,Panes,0.25,768,740
2024-03-10,Pan Francés,Panes,0.25,648,610
2024-03-10,Pan Yema Largo,Panes,0.25,360,328
2024-03-10,Pan Yema Redondo,Panes,0.25,360,322
2024-03-10,Pan Chapla,Panes,0.25,144,113
2024-03-10,Pan Coliza,Panes,0.25,192,174
2024-03-10,Pan Integral,Panes,0.25,144,117
2024-03-10,Pan Caracol,Panes,0.25,144,114
2024-03-10,Pan Hamburguesa,Panes,0.4,288,240
2024-03-10,Cachito,Panes,0.25,144,117
2024-03-10,Pan Manjar,Panes,0.3,72,70
2024-03-10,Leche,Abarrotes,4.0,5,2
2024-03-10,Jamon,Abarrotes,2.5,6,4
2024-03-10,Café,Abarrotes,2.0,5,4
2024-03-10,Queso,Abarrotes,3.0,4,2
2024-03-10,Alfajores Pequeños,Bocaditos,0.25,200,156
2024-03-10,Alfajores Grandes,Bocaditos,1.0,100,78
2024-03-10,Galletas Pequeñas,Bocaditos,0.25,200,159
2024-03-10,Galletas Grandes,Bocaditos,1.0,300,292
2024-03-10,Cookie,Bocaditos,2.0,100,75
2024-03-10,Orejitas Pequeñas,Bocaditos,0.25,200,160
2024-03-10,Orejas Grandes,Bocaditos,1.0,100,72
2024-03-10,Beso de Moza,Bocaditos,1.0,80,51
2024-03-10,Caramandugas,Bocaditos,0.25,300,258
2024-03-10,Rosquitas,Bocaditos,0.25,300,258
2024-03-11,Pan Chabatta,Panes,0.25,768,720
2024-03-11,Pan Francés,Panes,0.25,648,610
2024-03-11,Pan Yema Largo,Panes,0.25,360,320
2024-03-11,Pan Yema Redondo,Panes,0.25,360,320
2024-03-11,Pan Chapla,Panes,0.25,144,110
2024-03-11,Pan Coliza,Panes,0.25,192,170
2024-03-11,Pan Integral,Panes,0.25,144,110
2024-03-11,Pan Caracol,Panes,0.25,144,110
2024-03-11,Pan Hamburguesa,Panes,0.4,288,240
2024-03-11,Cachito,Panes,0.25,144,110
2024-03-11,Pan Manjar,Panes,0.3,72,68
2024-03-11,Leche,Abarrotes,4.0,5,2
2024-03-11,Jamon,Abarrotes,2.5,6,3
2024-03-11,Café,Abarrotes,2.0,5,2
2024-03-11,Queso,Abarrotes,3.0,4,2
2024-03-11,Alfajores Pequeños,Bocaditos,0.25,200,150
2024-03-11,Alfajores Grandes,Bocaditos,1.0,100,75
2024-03-11,Galletas Pequeñas,Bocaditos,0.25,200,150
2024-03-11,Galletas Grandes,Bocaditos,1.0,300,290
2024-03-11,Cookie,Bocaditos,2.0,100,70
2024-03-11,Orejitas Pequeñas,Bocaditos,0.25,200,150
2024-03-11,Orejas Grandes,Bocaditos,1.0,100,70
2024-03-11,Beso de Moza,Bocaditos,1.0,80,50
2024-03-11,Caramandugas,Bocaditos,0.25,300,250
2024-03-11,Rosquitas,Bocaditos,0.25,300,250
2024-03-12,Pan Chabatta,Panes,0.25,768,720
2024-03-12,Pan Francés,Panes,0.25,648,610
2024-03-12,Pan Yema Largo,Panes,0.25,360,320
2024-03-12,Pan Yema Redondo,Panes,0.25,360,320
2024-03-12,Pan Chapla,Panes,0.25,144,110
2024-03-12,Pan Coliza,Panes,0.25,192,170
2024-03-12,Pan Integral,Panes,0.25,144,110
2024-03-12,Pan Caracol,Panes,0.25,144,110
2024-03-12,Pan Hamburguesa,Panes,0.4,288,240
2024-03-12,Cachito,Panes,0.25,144,110
2024-03-12,Pan Manjar,Panes,0.3,72,68
2024-03-12,Leche,Abarrotes,4.0,5,2
2024-03-12,Jamon,Abarrotes,2.5,6,3
2024-03-12,Café,Abarrotes,2.0,5,3
2024-03-12,Queso,Abarrotes,3.0,4,2
2024-03-12,Alfajores Pequeños,Bocaditos,0.25,200,150
2024-03-12,Alfajores Grandes,Bocaditos,1.0,100,75
2024-03-12,Galletas Pequeñas,Bocaditos,0.25,200,150
2024-03-12,Galletas Grandes,Bocaditos,1.0,300,290
2024-03-12,Cookie,Bocaditos,2.0,100,70
2024-03-12,Orejitas Pequeñas,Bocaditos,0.25,200,150
2024-03-12,Orejas Grandes,Bocaditos,1.0,100,70
2024-03-12,Beso de Moza,Bocaditos,1.0,80,50
2024-03-12,Caramandugas,Bocaditos,0.25,300,250
2024-03-12,Rosquitas,Bocaditos,0.25,300,250
2024-03-13,Pan Chabatta,Panes,0.25,768,720
2024-03-13,Pan Francés,Panes,0.25,648,610
2024-03-13,Pan Yema Largo,Panes,0.25,360,320
2024-03-13,Pan Yema Redondo,Panes,0.25,360,320
2024-03-13,Pan Chapla,Panes,0.25,144,110
2024-03-13,Pan Coliza,Panes,0.25,192,170
2024-03-13,Pan Integral,Panes,0.25,144,110
2024-03-13,Pan Caracol,Panes,0.25,144,110
2024-03-13,Pan Hamburguesa,Panes,0.4,288,240
2024-03-13,Cachito,Panes,0.25,144,110
2024-03-13,Pan Manjar,Panes,0.3,72,68
2024-03-13,Leche,Abarrotes,4.0,5,2
2024-03-13,Jamon,Abarrotes,2.5,6,3
2024-03-13,Café,Abarrotes,2.0,5,4
2024-03-13,Queso,Abarrotes,3.0,4,3
2024-03-13,Alfajores Pequeños,Bocaditos,0.25,200,150
2024-03-13,Alfajores Grandes,Bocaditos,1.0,100,75
2024-03-13,Galletas Pequeñas,Bocaditos,0.25,200,150
2024-03-13,Galletas Grandes,Bocaditos,1.0,300,290
2024-03-13,Cookie,Bocaditos,2.0,100,70
2024-03-13,Orejitas Pequeñas,Bocaditos,0.25,200,150
2024-03-13,Orejas Grandes,Bocaditos,1.0,100,70
2024-03-13,Beso de Moza,Bocaditos,1.0,80,50
2024-03-13,Caramandugas,Bocaditos,0.25,300,250
2024-03-13,Rosquitas,Bocaditos,0.25,300,250
2024-03-14,Pan Chabatta,Panes,0.25,768,720
2024-03-14,Pan Francés,Panes,0.25,648,610
2024-03-14,Pan Yema Largo,Panes,0.25,360,320
2024-03-14,Pan Yema Redondo,Panes,0.25,360,320
2024-03-14,Pan Chapla,Panes,0.25,144,110
2024-03-14,Pan Coliza,Panes,0.25,192,170
2024-03-14,Pan Integral,Panes,0.25,144,110
2024-03-14,Pan Caracol,Panes,0.25,144,110
2024-03-14,Pan Hamburguesa,Panes,0.4,288,240
2024-03-14,Cachito,Panes,0.25,144,110
2024-03-14,Pan Manjar,Panes,0.3,72,68
2024-03-14,Leche,Abarrotes,4.0,5,2
2024-03-14,Jamon,Abarrotes,2.5,6,3
2024-03-14,Café,Abarrotes,2.0,5,2
2024-03-14,Queso,Abarrotes,3.0,4,2
2024-03-14,Alfajores Pequeños,Bocaditos,0.25,200,150
2024-03-14,Alfajores Grandes,Bocaditos,1.0,100,75
2024-03-14,Galletas Pequeñas,Bocaditos,0.25,200,150
2024-03-14,Galletas Grandes,Bocaditos,1.0,300,290
2024-03-14,Cookie,Bocaditos,2.0,100,70
2024-03-14,Orejitas Pequeñas,Bocaditos,0.25,200,150
2024-03-14,Orejas Grandes,Bocaditos,1.0,100,70
2024-03-14,Beso de Moza,Bocaditos,1.0,80,50
2024-03-14,Caramandugas,Bocaditos,0.25,300,250
2024-03-14,Rosquitas,Bocaditos,0.25,300,250
2024-03-15,Pan Chabatta,Panes,0.25,768,720
2024-03-15,Pan Francés,Panes,0.25,648,610
2024-03-15,Pan Yema Largo,Panes,0.25,360,320
2024-03-15,Pan Yema Redondo,Panes,0.25,360,320
2024-03-15,Pan Chapla,Panes,0.25,144,110
2024-03-15,Pan Coliza,Panes,0.25,192,170
2024-03-15,Pan Integral,Panes,0.25,144,110
2024-03-15,Pan Caracol,Panes,0.25,144,110
2024-03-15,Pan Hamburguesa,Panes,0.4,288,240
2024-03-15,Cachito,Panes,0.25,144,110
2024-03-15,Pan Manjar,Panes,0.3,72,68
2024-03-15,Leche,Abarrotes,4.0,5,2
2024-03-15,Jamon,Abarrotes,2.5,6,3
2024-03-15,Café,Abarrotes,2.0,5,2
2024-03-15,Queso,Abarrotes,3.0,4,2
2024-03-15,Alfajores Pequeños,Bocaditos,0.25,200,150
2024-03-15,Alfajores Grandes,Bocaditos,1.0,100,75
2024-03-15,Galletas Pequeñas,Bocaditos,0.25,200,150
2024-03-15,Galletas Grandes,Bocaditos,1.0,300,290
2024-03-15,Cookie,Bocaditos,2.0,100,70
2024-03-15,Orejitas Pequeñas,Bocaditos,0.25,200,150
2024-03-15,Orejas Grandes,Bocaditos,1.0,100,70
2024-03-15,Beso de Moza,Bocaditos,1.0,80,50
2024-03-15,Caramandugas,Bocaditos,0.25,300,250
2024-03-15,Rosquitas,Bocaditos,0.25,300,250
2024-03-16,Pan Chabatta,Panes,0.25,768,724
2024-03-16,Pan Francés,Panes,0.25,648,610
2024-03-16,Pan Yema Largo,Panes,0.25,360,326
2024-03-16,Pan Yema Redondo,Panes,0.25,360,329
2024-03-16,Pan Chapla,Panes,0.25,144,113
2024-03-16,Pan Coliza,Panes,0.25,192,173
2024-03-16,Pan Integral,Panes,0.25,144,112
2024-03-16,Pan Caracol,Panes,0.25,144,111
2024-03-16,Pan Hamburguesa,Panes,0.4,288,244
2024-03-16,Cachito,Panes,0.25,144,121
2024-03-16,Pan Manjar,Panes,0.3,72,71
2024-03-16,Leche,Abarrotes,4.0,5,4
2024-03-16,Jamon,Abarrotes,2.5,6,4
2024-03-16,Café,Abarrotes,2.0,5,4
2024-03-16,Queso,Abarrotes,3.0,4,3
2024-03-16,Alfajores Pequeños,Bocaditos,0.25,200,154
2024-03-16,Alfajores Grandes,Bocaditos,1.0,100,76
2024-03-16,Galletas Pequeñas,Bocaditos,0.25,200,160
2024-03-16,Galletas Grandes,Bocaditos,1.0,300,294
2024-03-16,Cookie,Bocaditos,2.0,100,75
2024-03-16,Orejitas Pequeñas,Bocaditos,0.25,200,154
2024-03-16,Orejas Grandes,Bocaditos,1.0,100,74
2024-03-16,Beso de Moza,Bocaditos,1.0,80,55
2024-03-16,Caramandugas,Bocaditos,0.25,300,252
2024-03-16,Rosquitas,Bocaditos,0.25,300,260
2024-03-17,Pan Chabatta,Panes,0.25,768,734
2024-03-17,Pan Francés,Panes,0.25,648,610
2024-03-17,Pan Yema Largo,Panes,0.25,360,323
2024-03-17,Pan Yema Redondo,Panes,0.25,360,326
2024-03-17,Pan Chapla,Panes,0.25,144,112
2024-03-17,Pan Coliza,Panes,0.25,192,174
2024-03-17,Pan Integral,Panes,0.25,144,116
2024-03-17,Pan Caracol,Panes,0.25,144,115
2024-03-17,Pan Hamburguesa,Panes,0.4,288,244
2024-03-17,Cachito,Panes,0.25,144,121
2024-03-17,Pan Manjar,Panes,0.3,72,71
2024-03-17,Leche,Abarrotes,4.0,5,4
2024-03-17,Jamon,Abarrotes,2.5,6,6
2024-03-17,Café,Abarrotes,2.0,5,4
2024-03-17,Queso,Abarrotes,3.0,4,3
2024-03-17,Alfajores Pequeños,Bocaditos,0.25,200,151
2024-03-17,Alfajores Grandes,Bocaditos,1.0,100,81
2024-03-17,Galletas Pequeñas,Bocaditos,0.25,200,154
2024-03-17,Galletas Grandes,Bocaditos,1.0,300,291
2024-03-17,Cookie,Bocaditos,2.0,100,73
2024-03-17,Orejitas Pequeñas,Bocaditos,0.25,200,153
2024-03-17,Orejas Grandes,Bocaditos,1.0,100,74
2024-03-17,Beso de Moza,Bocaditos,1.0,80,56
2024-03-17,Caramandugas,Bocaditos,0.25,300,252
2024-03-17,Rosquitas,Bocaditos,0.25,300,258
2024-03-18,Pan Chabatta,Panes,0.25,768,720
2024-03-18,Pan Francés,Panes,0.25,648,610
2024-03-18,Pan Yema Largo,Panes,0.25,360,320
2024-03-18,Pan Yema Redondo,Panes,0.25,360,320
2024-03-18,Pan Chapla,Panes,0.25,144,110
2024-03-18,Pan Coliza,Panes,0.25,192,170
2024-03-18,Pan Integral,Panes,0.25,144,110
2024-03-18,Pan Caracol,Panes,0.25,144,110
2024-03-18,Pan Hamburguesa,Panes,0.4,288,240
2024-03-18,Cachito,Panes,0.25,144,110
2024-03-18,Pan Manjar,Panes,0.3,72,68
2024-03-18,Leche,Abarrotes,4.0,5,2
2024-03-18,Jamon,Abarrotes,2.5,6,3
2024-03-18,Café,Abarrotes,2.0,5,2
2024-03-18,Queso,Abarrotes,3.0,4,2
2024-03-18,Alfajores Pequeños,Bocaditos,0.25,200,150
2024-03-18,Alfajores Grandes,Bocaditos,1.0,100,75
2024-03-18,Galletas Pequeñas,Bocaditos,0.25,200,150
2024-03-18,Galletas Grandes,Bocaditos,1.0,300,290
2024-03-18,Cookie,Bocaditos,2.0,100,70
2024-03-18,Orejitas Pequeñas,Bocaditos,0.25,200,150
2024-03-18,Orejas Grandes,Bocaditos,1.0,100,70
2024-03-18,Beso de Moza,Bocaditos,1.0,80,50
2024-03-18,Caramandugas,Bocaditos,0.25,300,250
2024-03-18,Rosquitas,Bocaditos,0.25,300,250
2024-03-19,Pan Chabatta,Panes,0.25,768,720
2024-03-19,Pan Francés,Panes,0.25,648,610
2024-03-19,Pan Yema Largo,Panes,0.25,360,320
2024-03-19,Pan Yema Redondo,Panes,0.25,360,320
2024-03-19,Pan Chapla,Panes,0.25,144,110
2024-03-19,Pan Coliza,Panes,0.25,192,170
2024-03-19,Pan Integral,Panes,0.25,144,110
2024-03-19,Pan Caracol,Panes,0.25,144,110
2024-03-19,Pan Hamburguesa,Panes,0.4,288,240
2024-03-19,Cachito,Panes,0.25,144,110
2024-03-19,Pan Manjar,Panes,0.3,72,68
2024-03-19,Leche,Abarrotes,4.0,5,2
2024-03-19,Jamon,Abarrotes,2.5,6,3
2024-03-19,Café,Abarrotes,2.0,5,2
2024-03-19,Queso,Abarrotes,3.0,4,2
2024-03-19,Alfajores Pequeños,Bocaditos,0.25,200,150
2024-03-19,Alfajores Grandes,Bocaditos,1.0,100,75
2024-03-19,Galletas Pequeñas,Bocaditos,0.25,200,150
2024-03-19,Galletas Grandes,Bocaditos,1.0,300,290
2024-03-19,Cookie,Bocaditos,2.0,100,70
2024-03-19,Orejitas Pequeñas,Bocaditos,0.25,200,150
2024-03-19,Orejas Grandes,Bocaditos,1.0,100,70
2024-03-19,Beso de Moza,Bocaditos,1.0,80,50
2024-03-19,Caramandugas,Bocaditos,0.25,300,250
2024-03-19,Rosquitas,Bocaditos,0.25,300,250
2024-03-20,Pan Chabatta,Panes,0.25,768,720
2024-03-20,Pan Francés,Panes,0.25,648,610
2024-03-20,Pan Yema Largo,Panes,0.25,360,320
2024-03-20,Pan Yema Redondo,Panes,0.25,360,320
2024-03-20,Pan Chapla,Panes,0.25,144,110
2024-03-20,Pan Coliza,Panes,0.25,192,170
2024-03-20,Pan Integral,Panes,0.25,144,110
2024-03-20,Pan Caracol,Panes,0.25,144,110
2024-03-20,Pan Hamburguesa,Panes,0.4,288,240
2024-03-20,Cachito,Panes,0.25,144,110
2024-03-20,Pan Manjar,Panes,0.3,72,68
2024-03-20,Leche,Abarrotes,4.0,5,4
2024-03-20,Jamon,Abarrotes,2.5,6,4
2024-03-20,Café,Abarrotes,2.0,5,2
2024-03-20,Queso,Abarrotes,3.0,4,2
2024-03-20,Alfajores Pequeños,Bocaditos,0.25,200,150
2024-03-20,Alfajores Grandes,Bocaditos,1.0,100,75
2024-03-20,Galletas Pequeñas,Bocaditos,0.25,200,150
2024-03-20,Galletas Grandes,Bocaditos,1.0,300,290
2024-03-20,Cookie,Bocaditos,2.0,100,70
2024-03-20,Orejitas Pequeñas,Bocaditos,0.25,200,150
2024-03-20,Orejas Grandes,Bocaditos,1.0,100,70
2024-03-20,Beso de Moza,Bocaditos,1.0,80,50
2024-03-20,Caramandugas,Bocaditos,0.25,300,250
2024-03-20,Rosquitas,Bocaditos,0.25,300,250
2024-03-21,Pan Chabatta,Panes,0.25,768,720
2024-03-21,Pan Francés,Panes,0.25,648,610
2024-03-21,Pan Yema Largo,Panes,0.25,360,320
2024-03-21,Pan Yema Redondo,Panes,0.25,360,320
2024-03-21,Pan Chapla,Panes,0.25,144,110
2024-03-21,Pan Coliza,Panes,0.25,192,170
2024-03-21,Pan Integral,Panes,0.25,144,110
2024-03-21,Pan Caracol,Panes,0.25,144,110
2024-03-21,Pan Hamburguesa,Panes,0.4,288,240
2024-03-21,Cachito,Panes,0.25,144,110
2024-03-21,Pan Manjar,Panes,0.3,72,68
2024-03-21,Leche,Abarrotes,4.0,5,2
2024-03-21,Jamon,Abarrotes,2.5,6,3
2024-03-21,Café,Abarrotes,2.0,5,2
2024-03-21,Queso,Abarrotes,3.0,4,3
2024-03-21,Alfajores Pequeños,Bocaditos,0.25,200,150
2024-03-21,Alfajores Grandes,Bocaditos,1.0,100,75
2024-03-21,Galletas Pequeñas,Bocaditos,0.25,200,150
2024-03-21,Galletas Grandes,Bocaditos,1.0,300,290
2024-03-21,Cookie,Bocaditos,2.0,100,70
2024-03-21,Orejitas Pequeñas,Bocaditos,0.25,200,150
2024-03-21,Orejas Grandes,Bocaditos,1.0,100,70
2024-03-21,Beso de Moza,Bocaditos,1.0,80,50
2024-03-21,Caramandugas,Bocaditos,0.25,300,250
2024-03-21,Rosquitas,Bocaditos,0.25,300,250
2024-03-22,Pan Chabatta,Panes,0.25,768,720
2024-03-22,Pan Francés,Panes,0.25,648,610
2024-03-22,Pan Yema Largo,Panes,0.25,360,320
2024-03-22,Pan Yema Redondo,Panes,0.25,360,320
2024-03-22,Pan Chapla,Panes,0.25,144,110
2024-03-22,Pan Coliza,Panes,0.25,192,170
2024-03-22,Pan Integral,Panes,0.25,144,110
2024-03-22,Pan Caracol,Panes,0.25,144,110
2024-03-22,Pan Hamburguesa,Panes,0.4,288,240
2024-03-22,Cachito,Panes,0.25,144,110
2024-03-22,Pan Manjar,Panes,0.3,72,68
2024-03-22,Leche,Abarrotes,4.0,5,2
2024-03-22,Jamon,Abarrotes,2.5,6,3
2024-03-22,Café,Abarrotes,2.0,5,2
2024-03-22,Queso,Abarrotes,3.0,4,3
2024-03-22,Alfajores Pequeños,Bocaditos,0.25,200,150
2024-03-22,Alfajores Grandes,Bocaditos,1.0,100,75
2024-03-22,Galletas Pequeñas,Bocaditos,0.25,200,150
2024-03-22,Galletas Grandes,Bocaditos,1.0,300,290
2024-03-22,Cookie,Bocaditos,2.0,100,70
2024-03-22,Orejitas Pequeñas,Bocaditos,0.25,200,150
2024-03-22,Orejas Grandes,Bocaditos,1.0,100,70
2024-03-22,Beso de Moza,Bocaditos,1.0,80,53
2024-03-22,Caramandugas,Bocaditos,0.25,300,250
2024-03-22,Rosquitas,Bocaditos,0.25,300,250
2024-03-23,Pan Chabatta,Panes,0.25,768,732
2024-03-23,Pan Francés,Panes,0.25,648,617
2024-03-23,Pan Yema Largo,Panes,0.25,360,329
2024-03-23,Pan Yema Redondo,Panes,0.25,360,322
2024-03-23,Pan Chapla,Panes,0.25,144,113
2024-03-23,Pan Coliza,Panes,0.25,192,170
2024-03-23,Pan Integral,Panes,0.25,144,118
2024-03-23,Pan Caracol,Panes,0.25,144,114
2024-03-23,Pan Hamburguesa,Panes,0.4,288,246
2024-03-23,Cachito,Panes,0.25,144,119
2024-03-23,Pan Manjar,Panes,0.3,72,68
2024-03-23,Leche,Abarrotes,4.0,5,3
2024-03-23,Jamon,Abarrotes,2.5,6,3
2024-03-23,Café,Abarrotes,2.0,5,3
2024-03-23,Queso,Abarrotes,3.0,4,2
2024-03-23,Alfajores Pequeños,Bocaditos,0.25,200,153
2024-03-23,Alfajores Grandes,Bocaditos,1.0,100,78
2024-03-23,Galletas Pequeñas,Bocaditos,0.25,200,161
2024-03-23,Galletas Grandes,Bocaditos,1.0,300,292
2024-03-23,Cookie,Bocaditos,2.0,100,74
2024-03-23,Orejitas Pequeñas,Bocaditos,0.25,200,158
2024-03-23,Orejas Grandes,Bocaditos,1.0,100,74
2024-03-23,Beso de Moza,Bocaditos,1.0,80,56
2024-03-23,Caramandugas,Bocaditos,0.25,300,258
2024-03-23,Rosquitas,Bocaditos,0.25,300,251
2024-03-24,Pan Chabatta,Panes,0.25,768,739
2024-03-24,Pan Francés,Panes,0.25,648,613
2024-03-24,Pan Yema Largo,Panes,0.25,360,330
2024-03-24,Pan Yema Redondo,Panes,0.25,360,328
2024-03-24,Pan Chapla,Panes,0.25,144,119
2024-03-24,Pan Coliza,Panes,0.25,192,174
2024-03-24,Pan Integral,Panes,0.25,144,115
2024-03-24,Pan Caracol,Panes,0.25,144,111
2024-03-24,Pan Hamburguesa,Panes,0.4,288,245
2024-03-24,Cachito,Panes,0.25,144,117
2024-03-24,Pan Manjar,Panes,0.3,72,69
2024-03-24,Leche,Abarrotes,4.0,5,3
2024-03-24,Jamon,Abarrotes,2.5,6,6
2024-03-24,Café,Abarrotes,2.0,5,2
2024-03-24,Queso,Abarrotes,3.0,4,3
2024-03-24,Alfajores Pequeños,Bocaditos,0.25,200,157
2024-03-24,Alfajores Grandes,Bocaditos,1.0,100,79
2024-03-24,Galletas Pequeñas,Bocaditos,0.25,200,153
2024-03-24,Galletas Grandes,Bocaditos,1.0,300,292
2024-03-24,Cookie,Bocaditos,2.0,100,75
2024-03-24,Orejitas Pequeñas,Bocaditos,0.25,200,158
2024-03-24,Orejas Grandes,Bocaditos,1.0,100,73
2024-03-24,Beso de Moza,Bocaditos,1.0,80,51
2024-03-24,Caramandugas,Bocaditos,0.25,300,261
2024-03-24,Rosquitas,Bocaditos,0.25,300,259
2024-03-25,Pan Chabatta,Panes,0.25,768,720
2024-03-25,Pan Francés,Panes,0.25,648,610
2024-03-25,Pan Yema Largo,Panes,0.25,360,320
2024-03-25,Pan Yema Redondo,Panes,0.25,360,320
2024-03-25,Pan Chapla,Panes,0.25,144,110
2024-03-25,Pan Coliza,Panes,0.25,192,170
2024-03-25,Pan Integral,Panes,0.25,144,110
2024-03-25,Pan Caracol,Panes,0.25,144,110
2024-03-25,Pan Hamburguesa,Panes,0.4,288,240
2024-03-25,Cachito,Panes,0.25,144,110
2024-03-25,Pan Manjar,Panes,0.3,72,68
2024-03-25,Leche,Abarrotes,4.0,5,2
2024-03-25,Jamon,Abarrotes,2.5,6,3
2024-03-25,Café,Abarrotes,2.0,5,3
2024-03-25,Queso,Abarrotes,3.0,4,2
2024-03-25,Alfajores Pequeños,Bocaditos,0.25,200,150
2024-03-25,Alfajores Grandes,Bocaditos,1.0,100,75
2024-03-25,Galletas Pequeñas,Bocaditos,0.25,200,150
2024-03-25,Galletas Grandes,Bocaditos,1.0,300,290
2024-03-25,Cookie,Bocaditos,2.0,100,70
2024-03-25,Orejitas Pequeñas,Bocaditos,0.25,200,150
2024-03-25,Orejas Grandes,Bocaditos,1.0,100,70
2024-03-25,Beso de Moza,Bocaditos,1.0,80,50
2024-03-25,Caramandugas,Bocaditos,0.25,300,250
2024-03-25,Rosquitas,Bocaditos,0.25,300,250
2024-03-26,Pan Chabatta,Panes,0.25,768,720
2024-03-26,Pan Francés,Panes,0.25,648,610
2024-03-26,Pan Yema Largo,Panes,0.25,360,320
2024-03-26,Pan Yema Redondo,Panes,0.25,360,320
2024-03-26,Pan Chapla,Panes,0.25,144,110
2024-03-26,Pan Coliza,Panes,0.25,192,170
2024-03-26,Pan Integral,Panes,0.25,144,110
2024-03-26,Pan Caracol,Panes,0.25,144,110
2024-03-26,Pan Hamburguesa,Panes,0.4,288,240
2024-03-26,Cachito,Panes,0.25,144,110
2024-03-26,Pan Manjar,Panes,0.3,72,68
2024-03-26,Leche,Abarrotes,4.0,5,3
2024-03-26,Jamon,Abarrotes,2.5,6,3
2024-03-26,Café,Abarrotes,2.0,5,2
2024-03-26,Queso,Abarrotes,3.0,4,2
2024-03-26,Alfajores Pequeños,Bocaditos,0.25,200,150
2024-03-26,Alfajores Grandes,Bocaditos,1.0,100,75
2024-03-26,Galletas Pequeñas,Bocaditos,0.25,200,150
2024-03-26,Galletas Grandes,Bocaditos,1.0,300,290
2024-03-26,Cookie,Bocaditos,2.0,100,70
2024-03-26,Orejitas Pequeñas,Bocaditos,0.25,200,150
2024-03-26,Orejas Grandes,Bocaditos,1.0,100,70
2024-03-26,Beso de Moza,Bocaditos,1.0,80,50
2024-03-26,Caramandugas,Bocaditos,0.25,300,250
2024-03-26,Rosquitas,Bocaditos,0.25,300,250
2024-03-27,Pan Chabatta,Panes,0.25,768,720
2024-03-27,Pan Francés,Panes,0.25,648,610
2024-03-27,Pan Yema Largo,Panes,0.25,360,320
2024-03-27,Pan Yema Redondo,Panes,0.25,360,320
2024-03-27,Pan Chapla,Panes,0.25,144,110
2024-03-27,Pan Coliza,Panes,0.25,192,170
2024-03-27,Pan Integral,Panes,0.25,144,110
2024-03-27,Pan Caracol,Panes,0.25,144,110
2024-03-27,Pan Hamburguesa,Panes,0.4,288,240
2024-03-27,Cachito,Panes,0.25,144,110
2024-03-27,Pan Manjar,Panes,0.3,72,68
2024-03-27,Leche,Abarrotes,4.0,5,4
2024-03-27,Jamon,Abarrotes,2.5,6,3
2024-03-27,Café,Abarrotes,2.0,5,2
2024-03-27,Queso,Abarrotes,3.0,4,2
2024-03-27,Alfajores Pequeños,Bocaditos,0.25,200,150
2024-03-27,Alfajores Grandes,Bocaditos,1.0,100,75
2024-03-27,Galletas Pequeñas,Bocaditos,0.25,200,150
2024-03-27,Galletas Grandes,Bocaditos,1.0,300,290
2024-03-27,Cookie,Bocaditos,2.0,100,70
2024-03-27,Orejitas Pequeñas,Bocaditos,0.25,200,150
2024-03-27,Orejas Grandes,Bocaditos,1.0,100,70
2024-03-27,Beso de Moza,Bocaditos,1.0,80,50
2024-03-27,Caramandugas,Bocaditos,0.25,300,250
2024-03-27,Rosquitas,Bocaditos,0.25,300,250
2024-03-28,Pan Chabatta,Panes,0.25,768,720
2024-03-28,Pan Francés,Panes,0.25,648,610
2024-03-28,Pan Yema Largo,Panes,0.25,360,320
2024-03-28,Pan Yema Redondo,Panes,0.25,360,320
2024-03-28,Pan Chapla,Panes,0.25,144,110
2024-03-28,Pan Coliza,Panes,0.25,192,170
2024-03-28,Pan Integral,Panes,0.25,144,110
2024-03-28,Pan Caracol,Panes,0.25,144,110
2024-03-28,Pan Hamburguesa,Panes,0.4,288,240
2024-03-28,Cachito,Panes,0.25,144,110
2024-03-28,Pan Manjar,Panes,0.3,72,68
2024-03-28,Leche,Abarrotes,4.0,5,2
2024-03-28,Jamon,Abarrotes,2.5,6,5
2024-03-28,Café,Abarrotes,2.0,5,2
2024-03-28,Queso,Abarrotes,3.0,4,3
2024-03-28,Alfajores Pequeños,Bocaditos,0.25,200,150
2024-03-28,Alfajores Grandes,Bocaditos,1.0,100,75
2024-03-28,Galletas Pequeñas,Bocaditos,0.25,200,150
2024-03-28,Galletas Grandes,Bocaditos,1.0,300,290
2024-03-28,Cookie,Bocaditos,2.0,100,70
2024-03-28,Orejitas Pequeñas,Bocaditos,0.25,200,150
2024-03-28,Orejas Grandes,Bocaditos,1.0,100,70
2024-03-28,Beso de Moza,Bocaditos,1.0,80,50
2024-03-28,Caramandugas,Bocaditos,0.25,300,250
2024-03-28,Rosquitas,Bocaditos,0.25,300,250
2024-03-29,Pan Chabatta,Panes,0.25,768,720
2024-03-29,Pan Francés,Panes,0.25,648,610
2024-03-29,Pan Yema Largo,Panes,0.25,360,320
2024-03-29,Pan Yema Redondo,Panes,0.25,360,320
2024-03-29,Pan Chapla,Panes,0.25,144,110
2024-03-29,Pan Coliza,Panes,0.25,192,170
2024-03-29,Pan Integral,Panes,0.25,144,110
2024-03-29,Pan Caracol,Panes,0.25,144,110
2024-03-29,Pan Hamburguesa,Panes,0.4,288,240
2024-03-29,Cachito,Panes,0.25,144,110
2024-03-29,Pan Manjar,Panes,0.3,72,68
2024-03-29,Leche,Abarrotes,4.0,5,3
2024-03-29,Jamon,Abarrotes,2.5,6,3
2024-03-29,Café,Abarrotes,2.0,5,2
2024-03-29,Queso,Abarrotes,3.0,4,3
2024-03-29,Alfajores Pequeños,Bocaditos,0.25,200,150
2024-03-29,Alfajores Grandes,Bocaditos,1.0,100,75
2024-03-29,Galletas Pequeñas,Bocaditos,0.25,200,150
2024-03-29,Galletas Grandes,Bocaditos,1.0,300,290
2024-03-29,Cookie,Bocaditos,2.0,100,70
2024-03-29,Orejitas Pequeñas,Bocaditos,0.25,200,150
2024-03-29,Orejas Grandes,Bocaditos,1.0,100,70
2024-03-29,Beso de Moza,Bocaditos,1.0,80,50
2024-03-29,Caramandugas,Bocaditos,0.25,300,250
2024-03-29,Rosquitas,Bocaditos,0.25,300,250
2024-03-30,Pan Chabatta,Panes,0.25,768,738
2024-03-30,Pan Francés,Panes,0.25,648,617
2024-03-30,Pan Yema Largo,Panes,0.25,360,321
2024-03-30,Pan Yema Redondo,Panes,0.25,360,327
2024-03-30,Pan Chapla,Panes,0.25,144,118
2024-03-30,Pan Coliza,Panes,0.25,192,175
2024-03-30,Pan Integral,Panes,0.25,144,115
2024-03-30,Pan Caracol,Panes,0.25,144,118
2024-03-30,Pan Hamburguesa,Panes,0.4,288,244
2024-03-30,Cachito,Panes,0.25,144,118
2024-03-30,Pan Manjar,Panes,0.3,72,68
2024-03-30,Leche,Abarrotes,4.0,5,5
2024-03-30,Jamon,Abarrotes,2.5,6,6
2024-03-30,Café,Abarrotes,2.0,5,2
2024-03-30,Queso,Abarrotes,3.0,4,2
2024-03-30,Alfajores Pequeños,Bocaditos,0.25,200,153
2024-03-30,Alfajores Grandes,Bocaditos,1.0,100,80
2024-03-30,Galletas Pequeñas,Bocaditos,0.25,200,157
2024-03-30,Galletas Grandes,Bocaditos,1.0,300,292
2024-03-30,Cookie,Bocaditos,2.0,100,72
2024-03-30,Orejitas Pequeñas,Bocaditos,0.25,200,152
2024-03-30,Orejas Grandes,Bocaditos,1.0,100,70
2024-03-30,Beso de Moza,Bocaditos,1.0,80,51
2024-03-30,Caramandugas,Bocaditos,0.25,300,257
2024-03-30,Rosquitas,Bocaditos,0.25,300,256
2024-03-31,Pan Chabatta,Panes,0.25,768,732
2024-03-31,Pan Francés,Panes,0.25,648,611
2024-03-31,Pan Yema Largo,Panes,0.25,360,323
2024-03-31,Pan Yema Redondo,Panes,0.25,360,322
2024-03-31,Pan Chapla,Panes,0.25,144,116
2024-03-31,Pan Coliza,Panes,0.25,192,172
2024-03-31,Pan Integral,Panes,0.25,144,118
2024-03-31,Pan Caracol,Panes,0.25,144,114
2024-03-31,Pan Hamburguesa,Panes,0.4,288,242
2024-03-31,Cachito,Panes,0.25,144,116
2024-03-31,Pan Manjar,Panes,0.3,72,68
2024-03-31,Leche,Abarrotes,4.0,5,5
2024-03-31,Jamon,Abarrotes,2.5,6,6
2024-03-31,Café,Abarrotes,2.0,5,2
2024-03-31,Queso,Abarrotes,3.0,4,3
2024-03-31,Alfajores Pequeños,Bocaditos,0.25,200,150
2024-03-31,Alfajores Grandes,Bocaditos,1.0,100,81
2024-03-31,Galletas Pequeñas,Bocaditos,0.25,200,153
2024-03-31,Galletas Grandes,Bocaditos,1.0,300,296
2024-03-31,Cookie,Bocaditos,2.0,100,72
2024-03-31,Orejitas Pequeñas,Bocaditos,0.25,200,157
2024-03-31,Orejas Grandes,Bocaditos,1.0,100,70
2024-03-31,Beso de Moza,Bocaditos,1.0,80,57
2024-03-31,Caramandugas,Bocaditos,0.25,300,252
2024-03-31,Rosquitas,Bocaditos,0.25,300,255
2024-04-01,Pan Chabatta,Panes,0.25,768,720
2024-04-01,Pan Francés,Panes,0.25,648,610
2024-04-01,Pan Yema Largo,Panes,0.25,360,320
2024-04-01,Pan Yema Redondo,Panes,0.25,360,320
2024-04-01,Pan Chapla,Panes,0.25,144,110
2024-04-01,Pan Coliza,Panes,0.25,192,170
2024-04-01,Pan Integral,Panes,0.25,144,110
2024-04-01,Pan Caracol,Panes,0.25,144,110
2024-04-01,Pan Hamburguesa,Panes,0.4,288,240
2024-04-01,Cachito,Panes,0.25,144,110
2024-04-01,Pan Manjar,Panes,0.3,72,68
2024-04-01,Leche,Abarrotes,4.0,5,2
2024-04-01,Jamon,Abarrotes,2.5,6,3
2024-04-01,Café,Abarrotes,2.0,5,3
2024-04-01,Queso,Abarrotes,3.0,4,2
2024-04-01,Alfajores Pequeños,Bocaditos,0.25,200,150
2024-04-01,Alfajores Grandes,Bocaditos,1.0,100,75
2024-04-01,Galletas Pequeñas,Bocaditos,0.25,200,150
2024-04-01,Galletas Grandes,Bocaditos,1.0,300,290
2024-04-01,Cookie,Bocaditos,2.0,100,70
2024-04-01,Orejitas Pequeñas,Bocaditos,0.25,200,150
2024-04-01,Orejas Grandes,Bocaditos,1.0,100,70
2024-04-01,Beso de Moza,Bocaditos,1.0,80,50
2024-04-01,Caramandugas,Bocaditos,0.25,300,250
2024-04-01,Rosquitas,Bocaditos,0.25,300,250
2024-04-02,Pan Chabatta,Panes,0.25,768,720
2024-04-02,Pan Francés,Panes,0.25,648,610
2024-04-02,Pan Yema Largo,Panes,0.25,360,320
2024-04-02,Pan Yema Redondo,Panes,0.25,360,320
2024-04-02,Pan Chapla,Panes,0.25,144,110
2024-04-02,Pan Coliza,Panes,0.25,192,170
2024-04-02,Pan Integral,Panes,0.25,144,110
2024-04-02,Pan Caracol,Panes,0.25,144,110
2024-04-02,Pan Hamburguesa,Panes,0.4,288,240
2024-04-02,Cachito,Panes,0.25,144,110
2024-04-02,Pan Manjar,Panes,0.3,72,68
2024-04-02,Leche,Abarrotes,4.0,5,3
2024-04-02,Jamon,Abarrotes,2.5,6,3
2024-04-02,Café,Abarrotes,2.0,5,3
2024-04-02,Queso,Abarrotes,3.0,4,3
2024-04-02,Alfajores Pequeños,Bocaditos,0.25,200,150
2024-04-02,Alfajores Grandes,Bocaditos,1.0,100,75
2024-04-02,Galletas Pequeñas,Bocaditos,0.25,200,150
2024-04-02,Galletas Grandes,Bocaditos,1.0,300,290
2024-04-02,Cookie,Bocaditos,2.0,100,70
2024-04-02,Orejitas Pequeñas,Bocaditos,0.25,200,150
2024-04-02,Orejas Grandes,Bocaditos,1.0,100,70
2024-04-02,Beso de Moza,Bocaditos,1.0,80,50
2024-04-02,Caramandugas,Bocaditos,0.25,300,250
2024-04-02,Rosquitas,Bocaditos,0.25,300,250
2024-04-03,Pan Chabatta,Panes,0.25,768,720
2024-04-03,Pan Francés,Panes,0.25,648,610
2024-04-03,Pan Yema Largo,Panes,0.25,360,320
2024-04-03,Pan Yema Redondo,Panes,0.25,360,320
2024-04-03,Pan Chapla,Panes,0.25,144,110
2024-04-03,Pan Coliza,Panes,0.25,192,170
2024-04-03,Pan Integral,Panes,0.25,144,110
2024-04-03,Pan Caracol,Panes,0.25,144,110
2024-04-03,Pan Hamburguesa,Panes,0.4,288,240
2024-04-03,Cachito,Panes,0.25,144,110
2024-04-03,Pan Manjar,Panes,0.3,72,68
2024-04-03,Leche,Abarrotes,4.0,5,3
2024-04-03,Jamon,Abarrotes,2.5,6,3
2024-04-03,Café,Abarrotes,2.0,5,2
2024-04-03,Queso,Abarrotes,3.0,4,2
2024-04-03,Alfajores Pequeños,Bocaditos,0.25,200,150
2024-04-03,Alfajores Grandes,Bocaditos,1.0,100,75
2024-04-03,Galletas Pequeñas,Bocaditos,0.25,200,150
2024-04-03,Galletas Grandes,Bocaditos,1.0,300,290
2024-04-03,Cookie,Bocaditos,2.0,100,70
2024-04-03,Orejitas Pequeñas,Bocaditos,0.25,200,150
2024-04-03,Orejas Grandes,Bocaditos,1.0,100,70
2024-04-03,Beso de Moza,Bocaditos,1.0,80,50
2024-04-03,Caramandugas,Bocaditos,0.25,300,250
2024-04-03,Rosquitas,Bocaditos,0.25,300,250
2024-04-04,Pan Chabatta,Panes,0.25,768,720
2024-04-04,Pan Francés,Panes,0.25,648,610
2024-04-04,Pan Yema Largo,Panes,0.25,360,320
2024-04-04,Pan Yema Redondo,Panes,0.25,360,320
2024-04-04,Pan Chapla,Panes,0.25,144,110
2024-04-04,Pan Coliza,Panes,0.25,192,170
2024-04-04,Pan Integral,Panes,0.25,144,110
2024-04-04,Pan Caracol,Panes,0.25,144,110
2024-04-04,Pan Hamburguesa,Panes,0.4,288,240
2024-04-04,Cachito,Panes,0.25,144,110
2024-04-04,Pan Manjar,Panes,0.3,72,68
2024-04-04,Leche,Abarrotes,4.0,5,2
2024-04-04,Jamon,Abarrotes,2.5,6,3
2024-04-04,Café,Abarrotes,2.0,5,2
2024-04-04,Queso,Abarrotes,3.0,4,2
2024-04-04,Alfajores Pequeños,Bocaditos,0.25,200,150
2024-04-04,Alfajores Grandes,Bocaditos,1.0,100,75
2024-04-04,Galletas Pequeñas,Bocaditos,0.25,200,150
2024-04-04,Galletas Grandes,Bocaditos,1.0,300,290
2024-04-04,Cookie,Bocaditos,2.0,100,70
2024-04-04,Orejitas Pequeñas,Bocaditos,0.25,200,150
2024-04-04,Orejas Grandes,Bocaditos,1.0,100,70
2024-04-04,Beso de Moza,Bocaditos,1.0,80,50
2024-04-04,Caramandugas,Bocaditos,0.25,300,250
2024-04-04,Rosquitas,Bocaditos,0.25,300,250
2024-04-05,Pan Chabatta,Panes,0.25,768,720
2024-04-05,Pan Francés,Panes,0.25,648,610
2024-04-05,Pan Yema Largo,Panes,0.25,360,320
2024-04-05,Pan Yema Redondo,Panes,0.25,360,320
2024-04-05,Pan Chapla,Panes,0.25,144,110
2024-04-05,Pan Coliza,Panes,0.25,192,170
2024-04-05,Pan Integral,Panes,0.25,144,110
2024-04-05,Pan Caracol,Panes,0.25,144,110
2024-04-05,Pan Hamburguesa,Panes,0.4,288,240
2024-04-05,Cachito,Panes,0.25,144,110
2024-04-05,Pan Manjar,Panes,0.3,72,68
2024-04-05,Leche,Abarrotes,4.0,5,2
2024-04-05,Jamon,Abarrotes,2.5,6,3
2024-04-05,Café,Abarrotes,2.0,5,2
2024-04-05,Queso,Abarrotes,3.0,4,2
2024-04-05,Alfajores Pequeños,Bocaditos,0.25,200,150
2024-04-05,Alfajores Grandes,Bocaditos,1.0,100,75
2024-04-05,Galletas Pequeñas,Bocaditos,0.25,200,150
2024-04-05,Galletas Grandes,Bocaditos,1.0,300,290
2024-04-05,Cookie,Bocaditos,2.0,100,70
2024-04-05,Orejitas Pequeñas,Bocaditos,0.25,200,150
2024-04-05,Orejas Grandes,Bocaditos,1.0,100,70
2024-04-05,Beso de Moza,Bocaditos,1.0,80,53
2024-04-05,Caramandugas,Bocaditos,0.25,300,250
2024-04-05,Rosquitas,Bocaditos,0.25,300,250
2024-04-06,Pan Chabatta,Panes,0.25,768,736
2024-04-06,Pan Francés,Panes,0.25,648,610
2024-04-06,Pan Yema Largo,Panes,0.25,360,329
2024-04-06,Pan Yema Redondo,Panes,0.25,360,324
2024-04-06,Pan Chapla,Panes,0.25,144,114
2024-04-06,Pan Coliza,Panes,0.25,192,170
2024-04-06,Pan Integral,Panes,0.25,144,112
2024-04-06,Pan Caracol,Panes,0.25,144,116
2024-04-06,Pan Hamburguesa,Panes,0.4,288,247
2024-04-06,Cachito,Panes,0.25,144,118
2024-04-06,Pan Manjar,Panes,0.3,72,69
2024-04-06,Leche,Abarrotes,4.0,5,5
2024-04-06,Jamon,Abarrotes,2.5,6,5
2024-04-06,Café,Abarrotes,2.0,5,3
2024-04-06,Queso,Abarrotes,3.0,4,2
2024-04-06,Alfajores Pequeños,Bocaditos,0.25,200,153
2024-04-06,Alfajores Grandes,Bocaditos,1.0,100,75
2024-04-06,Galletas Pequeñas,Bocaditos,0.25,200,155
2024-04-06,Galletas Grandes,Bocaditos,1.0,300,292
2024-04-06,Cookie,Bocaditos,2.0,100,70
2024-04-06,Orejitas Pequeñas,Bocaditos,0.25,200,150
2024-04-06,Orejas Grandes,Bocaditos,1.0,100,71
2024-04-06,Beso de Moza,Bocaditos,1.0,80,56
2024-04-06,Caramandugas,Bocaditos,0.25,300,258
2024-04-06,Rosquitas,Bocaditos,0.25,300,253
2024-04-07,Pan Chabatta,Panes,0.25,768,731
2024-04-07,Pan Francés,Panes,0.25,648,620
2024-04-07,Pan Yema Largo,Panes,0.25,360,326
2024-04-07,Pan Yema Redondo,Panes,0.25,360,325
2024-04-07,Pan Chapla,Panes,0.25,144,118
2024-04-07,Pan Coliza,Panes,0.25,192,171
2024-04-07,Pan Integral,Panes,0.25,144,110
2024-04-07,Pan Caracol,Panes,0.25,144,118
2024-04-07,Pan Hamburguesa,Panes,0.4,288,250
2024-04-07,Cachito,Panes,0.25,144,115
2024-04-07,Pan Manjar,Panes,0.3,72,69
2024-04-07,Leche,Abarrotes,4.0,5,3
2024-04-07,Jamon,Abarrotes,2.5,6,4
2024-04-07,Café,Abarrotes,2.0,5,4
2024-04-07,Queso,Abarrotes,3.0,4,3
2024-04-07,Alfajores Pequeños,Bocaditos,0.25,200,153
2024-04-07,Alfajores Grandes,Bocaditos,1.0,100,75
2024-04-07,Galletas Pequeñas,Bocaditos,0.25,200,160
2024-04-07,Galletas Grandes,Bocaditos,1.0,300,295
2024-04-07,Cookie,Bocaditos,2.0,100,73
2024-04-07,Orejitas Pequeñas,Bocaditos,0.25,200,160
2024-04-07,Orejas Grandes,Bocaditos,1.0,100,74
2024-04-07,Beso de Moza,Bocaditos,1.0,80,58
2024-04-07,Caramandugas,Bocaditos,0.25,300,259
2024-04-07,Rosquitas,Bocaditos,0.25,300,250
2024-04-08,Pan Chabatta,Panes,0.25,768,720
2024-04-08,Pan Francés,Panes,0.25,648,610
2024-04-08,Pan Yema Largo,Panes,0.25,360,320
2024-04-08,Pan Yema Redondo,Panes,0.25,360,320
2024-04-08,Pan Chapla,Panes,0.25,144,110
2024-04-08,Pan Coliza,Panes,0.25,192,170
2024-04-08,Pan Integral,Panes,0.25,144,110
2024-04-08,Pan Caracol,Panes,0.25,144,110
2024-04-08,Pan Hamburguesa,Panes,0.4,288,240
2024-04-08,Cachito,Panes,0.25,144,110
2024-04-08,Pan Manjar,Panes,0.3,72,68
2024-04-08,Leche,Abarrotes,4.0,5,3
2024-04-08,Jamon,Abarrotes,2.5,6,3
2024-04-08,Café,Abarrotes,2.0,5,2
2024-04-08,Queso,Abarrotes,3.0,4,2
2024-04-08,Alfajores Pequeños,Bocaditos,0.25,200,150
2024-04-08,Alfajores Grandes,Bocaditos,1.0,100,75
2024-04-08,Galletas Pequeñas,Bocaditos,0.25,200,150
2024-04-08,Galletas Grandes,Bocaditos,1.0,300,290
2024-04-08,Cookie,Bocaditos,2.0,100,70
2024-04-08,Orejitas Pequeñas,Bocaditos,0.25,200,150
2024-04-08,Orejas Grandes,Bocaditos,1.0,100,70
2024-04-08,Beso de Moza,Bocaditos,1.0,80,50
2024-04-08,Caramandugas,Bocaditos,0.25,300,250
2024-04-08,Rosquitas,Bocaditos,0.25,300,250
2024-04-09,Pan Chabatta,Panes,0.25,768,720
2024-04-09,Pan Francés,Panes,0.25,648,610
2024-04-09,Pan Yema Largo,Panes,0.25,360,320
2024-04-09,Pan Yema Redondo,Panes,0.25,360,320
2024-04-09,Pan Chapla,Panes,0.25,144,110
2024-04-09,Pan Coliza,Panes,0.25,192,170
2024-04-09,Pan Integral,Panes,0.25,144,110
2024-04-09,Pan Caracol,Panes,0.25,144,110
2024-04-09,Pan Hamburguesa,Panes,0.4,288,240
2024-04-09,Cachito,Panes,0.25,144,110
2024-04-09,Pan Manjar,Panes,0.3,72,68
2024-04-09,Leche,Abarrotes,4.0,5,2
2024-04-09,Jamon,Abarrotes,2.5,6,3
2024-04-09,Café,Abarrotes,2.0,5,2
2024-04-09,Queso,Abarrotes,3.0,4,2
2024-04-09,Alfajores Pequeños,Bocaditos,0.25,200,150
2024-04-09,Alfajores Grandes,Bocaditos,1.0,100,75
2024-04-09,Galletas Pequeñas,Bocaditos,0.25,200,150
2024-04-09,Galletas Grandes,Bocaditos,1.0,300,290
2024-04-09,Cookie,Bocaditos,2.0,100,70
2024-04-09,Orejitas Pequeñas,Bocaditos,0.25,200,150
2024-04-09,Orejas Grandes,Bocaditos,1.0,100,70
2024-04-09,Beso de Moza,Bocaditos,1.0,80,50
2024-04-09,Caramandugas,Bocaditos,0.25,300,250
2024-04-09,Rosquitas,Bocaditos,0.25,300,250
2024-04-10,Pan Chabatta,Panes,0.25,768,720
2024-04-10,Pan Francés,Panes,0.25,648,610
2024-04-10,Pan Yema Largo,Panes,0.25,360,320
2024-04-10,Pan Yema Redondo,Panes,0.25,360,320
2024-04-10,Pan Chapla,Panes,0.25,144,110
2024-04-10,Pan Coliza,Panes,0.25,192,170
2024-04-10,Pan Integral,Panes,0.25,144,110
2024-04-10,Pan Caracol,Panes,0.25,144,110
2024-04-10,Pan Hamburguesa,Panes,0.4,288,240
2024-04-10,Cachito,Panes,0.25,144,110
2024-04-10,Pan Manjar,Panes,0.3,72,68
2024-04-10,Leche,Abarrotes,4.0,5,2
2024-04-10,Jamon,Abarrotes,2.5,6,5
2024-04-10,Café,Abarrotes,2.0,5,4
2024-04-10,Queso,Abarrotes,3.0,4,3
2024-04-10,Alfajores Pequeños,Bocaditos,0.25,200,150
2024-04-10,Alfajores Grandes,Bocaditos,1.0,100,75
2024-04-10,Galletas Pequeñas,Bocaditos,0.25,200,150
2024-04-10,Galletas Grandes,Bocaditos,1.0,300,290
2024-04-10,Cookie,Bocaditos,2.0,100,70
2024-04-10,Orejitas Pequeñas,Bocaditos,0.25,200,150
2024-04-10,Orejas Grandes,Bocaditos,1.0,100,70
2024-04-10,Beso de Moza,Bocaditos,1.0,80,50
2024-04-10,Caramandugas,Bocaditos,0.25,300,250
2024-04-10,Rosquitas,Bocaditos,0.25,300,250
2024-04-11,Pan Chabatta,Panes,0.25,768,720
2024-04-11,Pan Francés,Panes,0.25,648,610
2024-04-11,Pan Yema Largo,Panes,0.25,360,320
2024-04-11,Pan Yema Redondo,Panes,0.25,360,320
2024-04-11,Pan Chapla,Panes,0.25,144,110
2024-04-11,Pan Coliza,Panes,0.25,192,170
2024-04-11,Pan Integral,Panes,0.25,144,110
2024-04-11,Pan Caracol,Panes,0.25,144,110
2024-04-11,Pan Hamburguesa,Panes,0.4,288,240
2024-04-11,Cachito,Panes,0.25,144,110
2024-04-11,Pan Manjar,Panes,0.3,72,68
2024-04-11,Leche,Abarrotes,4.0,5,2
2024-04-11,Jamon,Abarrotes,2.5,6,3
2024-04-11,Café,Abarrotes,2.0,5,2
2024-04-11,Queso,Abarrotes,3.0,4,2
2024-04-11,Alfajores Pequeños,Bocaditos,0.25,200,150
2024-04-11,Alfajores Grandes,Bocaditos,1.0,100,75
2024-04-11,Galletas Pequeñas,Bocaditos,0.25,200,150
2024-04-11,Galletas Grandes,Bocaditos,1.0,300,290
2024-04-11,Cookie,Bocaditos,2.0,100,70
2024-04-11,Orejitas Pequeñas,Bocaditos,0.25,200,150
2024-04-11,Orejas Grandes,Bocaditos,1.0,100,70
2024-04-11,Beso de Moza,Bocaditos,1.0,80,50
2024-04-11,Caramandugas,Bocaditos,0.25,300,250
2024-04-11,Rosquitas,Bocaditos,0.25,300,250
2024-04-12,Pan Chabatta,Panes,0.25,768,720
2024-04-12,Pan Francés,Panes,0.25,648,610
2024-04-12,Pan Yema Largo,Panes,0.25,360,320
2024-04-12,Pan Yema Redondo,Panes,0.25,360,320
2024-04-12,Pan Chapla,Panes,0.25,144,110
2024-04-12,Pan Coliza,Panes,0.25,192,170
2024-04-12,Pan Integral,Panes,0.25,144,110
2024-04-12,Pan Caracol,Panes,0.25,144,110
2024-04-12,Pan Hamburguesa,Panes,0.4,288,240
2024-04-12,Cachito,Panes,0.25,144,110
2024-04-12,Pan Manjar,Panes,0.3,72,68
2024-04-12,Leche,Abarrotes,4.0,5,4
2024-04-12,Jamon,Abarrotes,2.5,6,4
2024-04-12,Café,Abarrotes,2.0,5,2
2024-04-12,Queso,Abarrotes,3.0,4,2
2024-04-12,Alfajores Pequeños,Bocaditos,0.25,200,150
2024-04-12,Alfajores Grandes,Bocaditos,1.0,100,75
2024-04-12,Galletas Pequeñas,Bocaditos,0.25,200,150
2024-04-12,Galletas Grandes,Bocaditos,1.0,300,290
2024-04-12,Cookie,Bocaditos,2.0,100,70
2024-04-12,Orejitas Pequeñas,Bocaditos,0.25,200,150
2024-04-12,Orejas Grandes,Bocaditos,1.0,100,70
2024-04-12,Beso de Moza,Bocaditos,1.0,80,51
2024-04-12,Caramandugas,Bocaditos,0.25,300,250
2024-04-12,Rosquitas,Bocaditos,0.25,300,250
2024-04-13,Pan Chabatta,Panes,0.25,768,730
2024-04-13,Pan Francés,Panes,0.25,648,619
2024-04-13,Pan Yema Largo,Panes,0.25,360,327
2024-04-13,Pan Yema Redondo,Panes,0.25,360,323
2024-04-13,Pan Chapla,Panes,0.25,144,116
2024-04-13,Pan Coliza,Panes,0.25,192,172
2024-04-13,Pan Integral,Panes,0.25,144,119
2024-04-13,Pan Caracol,Panes,0.25,144,117
2024-04-13,Pan Hamburguesa,Panes,0.4,288,241
2024-04-13,Cachito,Panes,0.25,144,112
2024-04-13,Pan Manjar,Panes,0.3,72,70
2024-04-13,Leche,Abarrotes,4.0,5,3
2024-04-13,Jamon,Abarrotes,2.5,6,3
2024-04-13,Café,Abarrotes,2.0,5,2
2024-04-13,Queso,Abarrotes,3.0,4,2
2024-04-13,Alfajores Pequeños,Bocaditos,0.25,200,153
2024-04-13,Alfajores Grandes,Bocaditos,1.0,100,79
2024-04-13,Galletas Pequeñas,Bocaditos,0.25,200,151
2024-04-13,Galletas Grandes,Bocaditos,1.0,300,294
2024-04-13,Cookie,Bocaditos,2.0,100,74
2024-04-13,Orejitas Pequeñas,Bocaditos,0.25,200,158
2024-04-13,Orejas Grandes,Bocaditos,1.0,100,70
2024-04-13,Beso de Moza,Bocaditos,1.0,80,58
2024-04-13,Caramandugas,Bocaditos,0.25,300,259
2024-04-13,Rosquitas,Bocaditos,0.25,300,251
2024-04-14,Pan Chabatta,Panes,0.25,768,731
2024-04-14,Pan Francés,Panes,0.25,648,616
2024-04-14,Pan Yema Largo,Panes,0.25,360,321
2024-04-14,Pan Yema Redondo,Panes,0.25,360,324
2024-04-14,Pan Chapla,Panes,0.25,144,117
2024-04-14,Pan Coliza,Panes,0.25,192,172
2024-04-14,Pan Integral,Panes,0.25,144,112
2024-04-14,Pan Caracol,Panes,0.25,144,119
2024-04-14,Pan Hamburguesa,Panes,0.4,288,242
2024-04-14,Cachito,Panes,0.25,144,112
2024-04-14,Pan Manjar,Panes,0.3,72,69
2024-04-14,Leche,Abarrotes,4.0,5,2
2024-04-14,Jamon,Abarrotes,2.5,6,5
2024-04-14,Café,Abarrotes,2.0,5,3
2024-04-14,Queso,Abarrotes,3.0,4,2
2024-04-14,Alfajores Pequeños,Bocaditos,0.25,200,159
2024-04-14,Alfajores Grandes,Bocaditos,1.0,100,77
2024-04-14,Galletas Pequeñas,Bocaditos,0.25,200,161
2024-04-14,Galletas Grandes,Bocaditos,1.0,300,292
2024-04-14,Cookie,Bocaditos,2.0,100,71
2024-04-14,Orejitas Pequeñas,Bocaditos,0.25,200,159
2024-04-14,Orejas Grandes,Bocaditos,1.0,100,72
2024-04-14,Beso de Moza,Bocaditos,1.0,80,53
2024-04-14,Caramandugas,Bocaditos,0.25,300,254
2024-04-14,Rosquitas,Bocaditos,0.25,300,258
2024-04-15,Pan Chabatta,Panes,0.25,768,720
2024-04-15,Pan Francés,Panes,0.25,648,610
2024-04-15,Pan Yema Largo,Panes,0.25,360,320
2024-04-15,Pan Yema Redondo,Panes,0.25,360,320
2024-04-15,Pan Chapla,Panes,0.25,144,110
2024-04-15,Pan Coliza,Panes,0.25,192,170
2024-04-15,Pan Integral,Panes,0.25,144,110
2024-04-15,Pan Caracol,Panes,0.25,144,110
2024-04-15,Pan Hamburguesa,Panes,0.4,288,240
2024-04-15,Cachito,Panes,0.25,144,110
2024-04-15,Pan Manjar,Panes,0.3,72,68
2024-04-15,Leche,Abarrotes,4.0,5,2
2024-04-15,Jamon,Abarrotes,2.5,6,3
2024-04-15,Café,Abarrotes,2.0,5,2
2024-04-15,Queso,Abarrotes,3.0,4,2
2024-04-15,Alfajores Pequeños,Bocaditos,0.25,200,150
2024-04-15,Alfajores Grandes,Bocaditos,1.0,100,75
2024-04-15,Galletas Pequeñas,Bocaditos,0.25,200,150
2024-04-15,Galletas Grandes,Bocaditos,1.0,300,290
2024-04-15,Cookie,Bocaditos,2.0,100,70
2024-04-15,Orejitas Pequeñas,Bocaditos,0.25,200,150
2024-04-15,Orejas Grandes,Bocaditos,1.0,100,70
2024-04-15,Beso de Moza,Bocaditos,1.0,80,50
2024-04-15,Caramandugas,Bocaditos,0.25,300,250
2024-04-15,Rosquitas,Bocaditos,0.25,300,250
2024-04-16,Pan Chabatta,Panes,0.25,768,720
2024-04-16,Pan Francés,Panes,0.25,648,610
2024-04-16,Pan Yema Largo,Panes,0.25,360,320
2024-04-16,Pan Yema Redondo,Panes,0.25,360,320
2024-04-16,Pan Chapla,Panes,0.25,144,110
2024-04-16,Pan Coliza,Panes,0.25,192,170
2024-04-16,Pan Integral,Panes,0.25,144,110
2024-04-16,Pan Caracol,Panes,0.25,144,110
2024-04-16,Pan Hamburguesa,Panes,0.4,288,240
2024-04-16,Cachito,Panes,0.25,144,110
2024-04-16,Pan Manjar,Panes,0.3,72,68
2024-04-16,Leche,Abarrotes,4.0,5,3
2024-04-16,Jamon,Abarrotes,2.5,6,4
2024-04-16,Café,Abarrotes,2.0,5,2
2024-04-16,Queso,Abarrotes,3.0,4,3
2024-04-16,Alfajores Pequeños,Bocaditos,0.25,200,150
2024-04-16,Alfajores Grandes,Bocaditos,1.0,100,75
2024-04-16,Galletas Pequeñas,Bocaditos,0.25,200,150
2024-04-16,Galletas Grandes,Bocaditos,1.0,300,290
2024-04-16,Cookie,Bocaditos,2.0,100,70
2024-04-16,Orejitas Pequeñas,Bocaditos,0.25,200,150
2024-04-16,Orejas Grandes,Bocaditos,1.0,100,70
2024-04-16,Beso de Moza,Bocaditos,1.0,80,50
2024-04-16,Caramandugas,Bocaditos,0.25,300,250
2024-04-16,Rosquitas,Bocaditos,0.25,300,250
2024-04-17,Pan Chabatta,Panes,0.25,768,720
2024-04-17,Pan Francés,Panes,0.25,648,610
2024-04-17,Pan Yema Largo,Panes,0.25,360,320
2024-04-17,Pan Yema Redondo,Panes,0.25,360,320
2024-04-17,Pan Chapla,Panes,0.25,144,110
2024-04-17,Pan Coliza,Panes,0.25,192,170
2024-04-17,Pan Integral,Panes,0.25,144,110
2024-04-17,Pan Caracol,Panes,0.25,144,110
2024-04-17,Pan Hamburguesa,Panes,0.4,288,240
2024-04-17,Cachito,Panes,0.25,144,110
2024-04-17,Pan Manjar,Panes,0.3,72,68
2024-04-17,Leche,Abarrotes,4.0,5,3
2024-04-17,Jamon,Abarrotes,2.5,6,3
2024-04-17,Café,Abarrotes,2.0,5,4
2024-04-17,Queso,Abarrotes,3.0,4,2
2024-04-17,Alfajores Pequeños,Bocaditos,0.25,200,150
2024-04-17,Alfajores Grandes,Bocaditos,1.0,100,75
2024-04-17,Galletas Pequeñas,Bocaditos,0.25,200,150
2024-04-17,Galletas Grandes,Bocaditos,1.0,300,290
2024-04-17,Cookie,Bocaditos,2.0,100,70
2024-04-17,Orejitas Pequeñas,Bocaditos,0.25,200,150
2024-04-17,Orejas Grandes,Bocaditos,1.0,100,70
2024-04-17,Beso de Moza,Bocaditos,1.0,80,50
2024-04-17,Caramandugas,Bocaditos,0.25,300,250
2024-04-17,Rosquitas,Bocaditos,0.25,300,250
2024-04-18,Pan Chabatta,Panes,0.25,768,720
2024-04-18,Pan Francés,Panes,0.25,648,610
2024-04-18,Pan Yema Largo,Panes,0.25,360,320
2024-04-18,Pan Yema Redondo,Panes,0.25,360,320
2024-04-18,Pan Chapla,Panes,0.25,144,110
2024-04-18,Pan Coliza,Panes,0.25,192,170
2024-04-18,Pan Integral,Panes,0.25,144,110
2024-04-18,Pan Caracol,Panes,0.25,144,110
2024-04-18,Pan Hamburguesa,Panes,0.4,288,240
2024-04-18,Cachito,Panes,0.25,144,110
2024-04-18,Pan Manjar,Panes,0.3,72,68
2024-04-18,Leche,Abarrotes,4.0,5,4
2024-04-18,Jamon,Abarrotes,2.5,6,3
2024-04-18,Café,Abarrotes,2.0,5,3
2024-04-18,Queso,Abarrotes,3.0,4,2
2024-04-18,Alfajores Pequeños,Bocaditos,0.25,200,150
2024-04-18,Alfajores Grandes,Bocaditos,1.0,100,75
2024-04-18,Galletas Pequeñas,Bocaditos,0.25,200,150
2024-04-18,Galletas Grandes,Bocaditos,1.0,300,290
2024-04-18,Cookie,Bocaditos,2.0,100,70
2024-04-18,Orejitas Pequeñas,Bocaditos,0.25,200,150
2024-04-18,Orejas Grandes,Bocaditos,1.0,100,70
2024-04-18,Beso de Moza,Bocaditos,1.0,80,50
2024-04-18,Caramandugas,Bocaditos,0.25,300,250
2024-04-18,Rosquitas,Bocaditos,0.25,300,250
2024-04-19,Pan Chabatta,Panes,0.25,768,720
2024-04-19,Pan Francés,Panes,0.25,648,610
2024-04-19,Pan Yema Largo,Panes,0.25,360,320
2024-04-19,Pan Yema Redondo,Panes,0.25,360,320
2024-04-19,Pan Chapla,Panes,0.25,144,110
2024-04-19,Pan Coliza,Panes,0.25,192,170
2024-04-19,Pan Integral,Panes,0.25,144,110
2024-04-19,Pan Caracol,Panes,0.25,144,110
2024-04-19,Pan Hamburguesa,Panes,0.4,288,240
2024-04-19,Cachito,Panes,0.25,144,110
2024-04-19,Pan Manjar,Panes,0.3,72,68
2024-04-19,Leche,Abarrotes,4.0,5,2
2024-04-19,Jamon,Abarrotes,2.5,6,3
2024-04-19,Café,Abarrotes,2.0,5,2
2024-04-19,Queso,Abarrotes,3.0,4,2
2024-04-19,Alfajores Pequeños,Bocaditos,0.25,200,150
2024-04-19,Alfajores Grandes,Bocaditos,1.0,100,75
2024-04-19,Galletas Pequeñas,Bocaditos,0.25,200,150
2024-04-19,Galletas Grandes,Bocaditos,1.0,300,290
2024-04-19,Cookie,Bocaditos,2.0,100,70
2024-04-19,Orejitas Pequeñas,Bocaditos,0.25,200,150
2024-04-19,Orejas Grandes,Bocaditos,1.0,100,70
2024-04-19,Beso de Moza,Bocaditos,1.0,80,50
2024-04-19,Caramandugas,Bocaditos,0.25,300,250
2024-04-19,Rosquitas,Bocaditos,0.25,300,250
2024-04-20,Pan Chabatta,Panes,0.25,768,725
2024-04-20,Pan Francés,Panes,0.25,648,611
2024-04-20,Pan Yema Largo,Panes,0.25,360,330
2024-04-20,Pan Yema Redondo,Panes,0.25,360,326
2024-04-20,Pan Chapla,Panes,0.25,144,114
2024-04-20,Pan Coliza,Panes,0.25,192,175
2024-04-20,Pan Integral,Panes,0.25,144,114
2024-04-20,Pan Caracol,Panes,0.25,144,116
2024-04-20,Pan Hamburguesa,Panes,0.4,288,251
2024-04-20,Cachito,Panes,0.25,144,110
2024-04-20,Pan Manjar,Panes,0.3,72,68
2024-04-20,Leche,Abarrotes,4.0,5,3
2024-04-20,Jamon,Abarrotes,2.5,6,6
2024-04-20,Café,Abarrotes,2.0,5,3
2024-04-20,Queso,Abarrotes,3.0,4,3
2024-04-20,Alfajores Pequeños,Bocaditos,0.25,200,154
2024-04-20,Alfajores Grandes,Bocaditos,1.0,100,80
2024-04-20,Galletas Pequeñas,Bocaditos,0.25,200,156
2024-04-20,Galletas Grandes,Bocaditos,1.0,300,294
2024-04-20,Cookie,Bocaditos,2.0,100,71
2024-04-20,Orejitas Pequeñas,Bocaditos,0.25,200,156
2024-04-20,Orejas Grandes,Bocaditos,1.0,100,75
2024-04-20,Beso de Moza,Bocaditos,1.0,80,53
2024-04-20,Caramandugas,Bocaditos,0.25,300,253
2024-04-20,Rosquitas,Bocaditos,0.25,300,257
2024-04-21,Pan Chabatta,Panes,0.25,768,728
2024-04-21,Pan Francés,Panes,0.25,648,619
2024-04-21,Pan Yema Largo,Panes,0.25,360,327
2024-04-21,Pan Yema Redondo,Panes,0.25,360,323
2024-04-21,Pan Chapla,Panes,0.25,144,114
2024-04-21,Pan Coliza,Panes,0.25,192,172
2024-04-21,Pan Integral,Panes,0.25,144,121
2024-04-21,Pan Caracol,Panes,0.25,144,111
2024-04-21,Pan Hamburguesa,Panes,0.4,288,241
2024-04-21,Cachito,Panes,0.25,144,111
2024-04-21,Pan Manjar,Panes,0.3,72,70
2024-04-21,Leche,Abarrotes,4.0,5,4
2024-04-21,Jamon,Abarrotes,2.5,6,3
2024-04-21,Café,Abarrotes,2.0,5,4
2024-04-21,Queso,Abarrotes,3.0,4,4
2024-04-21,Alfajores Pequeños,Bocaditos,0.25,200,161
2024-04-21,Alfajores Grandes,Bocaditos,1.0,100,79
2024-04-21,Galletas Pequeñas,Bocaditos,0.25,200,155
2024-04-21,Galletas Grandes,Bocaditos,1.0,300,294
2024-04-21,Cookie,Bocaditos,2.0,100,71
2024-04-21,Orejitas Pequeñas,Bocaditos,0.25,200,159
2024-04-21,Orejas Grandes,Bocaditos,1.0,100,72
2024-04-21,Beso de Moza,Bocaditos,1.0,80,59
2024-04-21,Caramandugas,Bocaditos,0.25,300,261
2024-04-21,Rosquitas,Bocaditos,0.25,300,253
2024-04-22,Pan Chabatta,Panes,0.25,768,720
2024-04-22,Pan Francés,Panes,0.25,648,610
2024-04-22,Pan Yema Largo,Panes,0.25,360,320
2024-04-22,Pan Yema Redondo,Panes,0.25,360,320
2024-04-22,Pan Chapla,Panes,0.25,144,110
2024-04-22,Pan Coliza,Panes,0.25,192,170
2024-04-22,Pan Integral,Panes,0.25,144,110
2024-04-22,Pan Caracol,Panes,0.25,144,110
2024-04-22,Pan Hamburguesa,Panes,0.4,288,240
2024-04-22,Cachito,Panes,0.25,144,110
2024-04-22,Pan Manjar,Panes,0.3,72,68
2024-04-22,Leche,Abarrotes,4.0,5,2
2024-04-22,Jamon,Abarrotes,2.5,6,3
2024-04-22,Café,Abarrotes,2.0,5,2
2024-04-22,Queso,Abarrotes,3.0,4,2
2024-04-22,Alfajores Pequeños,Bocaditos,0.25,200,150
2024-04-22,Alfajores Grandes,Bocaditos,1.0,100,75
2024-04-22,Galletas Pequeñas,Bocaditos,0.25,200,150
2024-04-22,Galletas Grandes,Bocaditos,1.0,300,290
2024-04-22,Cookie,Bocaditos,2.0,100,70
2024-04-22,Orejitas Pequeñas,Bocaditos,0.25,200,150
2024-04-22,Orejas Grandes,Bocaditos,1.0,100,70
2024-04-22,Beso de Moza,Bocaditos,1.0,80,50
2024-04-22,Caramandugas,Bocaditos,0.25,300,250
2024-04-22,Rosquitas,Bocaditos,0.25,300,250
2024-04-23,Pan Chabatta,Panes,0.25,768,720
2024-04-23,Pan Francés,Panes,0.25,648,610
2024-04-23,Pan Yema Largo,Panes,0.25,360,320
2024-04-23,Pan Yema Redondo,Panes,0.25,360,320
2024-04-23,Pan Chapla,Panes,0.25,144,110
2024-04-23,Pan Coliza,Panes,0.25,192,170
2024-04-23,Pan Integral,Panes,0.25,144,110
2024-04-23,Pan Caracol,Panes,0.25,144,110
2024-04-23,Pan Hamburguesa,Panes,0.4,288,240
2024-04-23,Cachito,Panes,0.25,144,110
2024-04-23,Pan Manjar,Panes,0.3,72,68
2024-04-23,Leche,Abarrotes,4.0,5,2
2024-04-23,Jamon,Abarrotes,2.5,6,3
2024-04-23,Café,Abarrotes,2.0,5,2
2024-04-23,Queso,Abarrotes,3.0,4,2
2024-04-23,Alfajores Pequeños,Bocaditos,0.25,200,150
2024-04-23,Alfajores Grandes,Bocaditos,1.0,100,75
2024-04-23,Galletas Pequeñas,Bocaditos,0.25,200,150
2024-04-23,Galletas Grandes,Bocaditos,1.0,300,290
2024-04-23,Cookie,Bocaditos,2.0,100,70
2024-04-23,Orejitas Pequeñas,Bocaditos,0.25,200,150
2024-04-23,Orejas Grandes,Bocaditos,1.0,100,70
2024-04-23,Beso de Moza,Bocaditos,1.0,80,50
2024-04-23,Caramandugas,Bocaditos,0.25,300,250
2024-04-23,Rosquitas,Bocaditos,0.25,300,250
2024-04-24,Pan Chabatta,Panes,0.25,768,720
2024-04-24,Pan Francés,Panes,0.25,648,610
2024-04-24,Pan Yema Largo,Panes,0.25,360,320
2024-04-24,Pan Yema Redondo,Panes,0.25,360,320
2024-04-24,Pan Chapla,Panes,0.25,144,110
2024-04-24,Pan Coliza,Panes,0.25,192,170
2024-04-24,Pan Integral,Panes,0.25,144,110
2024-04-24,Pan Caracol,Panes,0.25,144,110
2024-04-24,Pan Hamburguesa,Panes,0.4,288,240
2024-04-24,Cachito,Panes,0.25,144,110
2024-04-24,Pan Manjar,Panes,0.3,72,68
2024-04-24,Leche,Abarrotes,4.0,5,3
2024-04-24,Jamon,Abarrotes,2.5,6,4
2024-04-24,Café,Abarrotes,2.0,5,4
2024-04-24,Queso,Abarrotes,3.0,4,2
2024-04-24,Alfajores Pequeños,Bocaditos,0.25,200,150
2024-04-24,Alfajores Grandes,Bocaditos,1.0,100,75
2024-04-24,Galletas Pequeñas,Bocaditos,0.25,200,150
2024-04-24,Galletas Grandes,Bocaditos,1.0,300,290
2024-04-24,Cookie,Bocaditos,2.0,100,70
2024-04-24,Orejitas Pequeñas,Bocaditos,0.25,200,150
2024-04-24,Orejas Grandes,Bocaditos,1.0,100,70
2024-04-24,Beso de Moza,Bocaditos,1.0,80,50
2024-04-24,Caramandugas,Bocaditos,0.25,300,250
2024-04-24,Rosquitas,Bocaditos,0.25,300,250
2024-04-25,Pan Chabatta,Panes,0.25,768,720
2024-04-25,Pan Francés,Panes,0.25,648,610
2024-04-25,Pan Yema Largo,Panes,0.25,360,320
2024-04-25,Pan Yema Redondo,Panes,0.25,360,320
2024-04-25,Pan Chapla,Panes,0.25,144,110
2024-04-25,Pan Coliza,Panes,0.25,192,170
2024-04-25,Pan Integral,Panes,0.25,144,110
2024-04-25,Pan Caracol,Panes,0.25,144,110
2024-04-25,Pan Hamburguesa,Panes,0.4,288,240
2024-04-25,Cachito,Panes,0.25,144,110
2024-04-25,Pan Manjar,Panes,0.3,72,68
2024-04-25,Leche,Abarrotes,4.0,5,2
2024-04-25,Jamon,Abarrotes,2.5,6,3
2024-04-25,Café,Abarrotes,2.0,5,3
2024-04-25,Queso,Abarrotes,3.0,4,3
2024-04-25,Alfajores Pequeños,Bocaditos,0.25,200,150
2024-04-25,Alfajores Grandes,Bocaditos,1.0,100,75
2024-04-25,Galletas Pequeñas,Bocaditos,0.25,200,150
2024-04-25,Galletas Grandes,Bocaditos,1.0,300,290
2024-04-25,Cookie,Bocaditos,2.0,100,70
2024-04-25,Orejitas Pequeñas,Bocaditos,0.25,200,150
2024-04-25,Orejas Grandes,Bocaditos,1.0,100,70
2024-04-25,Beso de Moza,Bocaditos,1.0,80,50
2024-04-25,Caramandugas,Bocaditos,0.25,300,250
2024-04-25,Rosquitas,Bocaditos,0.25,300,250
2024-04-26,Pan Chabatta,Panes,0.25,768,720
2024-04-26,Pan Francés,Panes,0.25,648,610
2024-04-26,Pan Yema Largo,Panes,0.25,360,320
2024-04-26,Pan Yema Redondo,Panes,0.25,360,320
2024-04-26,Pan Chapla,Panes,0.25,144,110
2024-04-26,Pan Coliza,Panes,0.25,192,170
2024-04-26,Pan Integral,Panes,0.25,144,110
2024-04-26,Pan Caracol,Panes,0.25,144,110
2024-04-26,Pan Hamburguesa,Panes,0.4,288,240
2024-04-26,Cachito,Panes,0.25,144,110
2024-04-26,Pan Manjar,Panes,0.3,72,68
2024-04-26,Leche,Abarrotes,4.0,5,3
2024-04-26,Jamon,Abarrotes,2.5,6,3
2024-04-26,Café,Abarrotes,2.0,5,3
2024-04-26,Queso,Abarrotes,3.0,4,2
2024-04-26,Alfajores Pequeños,Bocaditos,0.25,200,150
2024-04-26,Alfajores Grandes,Bocaditos,1.0,100,75
2024-04-26,Galletas Pequeñas,Bocaditos,0.25,200,150
2024-04-26,Galletas Grandes,Bocaditos,1.0,300,290
2024-04-26,Cookie,Bocaditos,2.0,100,70
2024-04-26,Orejitas Pequeñas,Bocaditos,0.25,200,150
2024-04-26,Orejas Grandes,Bocaditos,1.0,100,70
2024-04-26,Beso de Moza,Bocaditos,1.0,80,51
2024-04-26,Caramandugas,Bocaditos,0.25,300,250
2024-04-26,Rosquitas,Bocaditos,0.25,300,250
2024-04-27,Pan Chabatta,Panes,0.25,768,723
2024-04-27,Pan Francés,Panes,0.25,648,612
2024-04-27,Pan Yema Largo,Panes,0.25,360,326
2024-04-27,Pan Yema Redondo,Panes,0.25,360,321
2024-04-27,Pan Chapla,Panes,0.25,144,118
2024-04-27,Pan Coliza,Panes,0.25,192,176
2024-04-27,Pan Integral,Panes,0.25,144,117
2024-04-27,Pan Caracol,Panes,0.25,144,111
2024-04-27,Pan Hamburguesa,Panes,0.4,288,240
2024-04-27,Cachito,Panes,0.25,144,119
2024-04-27,Pan Manjar,Panes,0.3,72,70
2024-04-27,Leche,Abarrotes,4.0,5,2
2024-04-27,Jamon,Abarrotes,2.5,6,3
2024-04-27,Café,Abarrotes,2.0,5,3
2024-04-27,Queso,Abarrotes,3.0,4,2
2024-04-27,Alfajores Pequeños,Bocaditos,0.25,200,154
2024-04-27,Alfajores Grandes,Bocaditos,1.0,100,76
2024-04-27,Galletas Pequeñas,Bocaditos,0.25,200,156
2024-04-27,Galletas Grandes,Bocaditos,1.0,300,290
2024-04-27,Cookie,Bocaditos,2.0,100,74
2024-04-27,Orejitas Pequeñas,Bocaditos,0.25,200,158
2024-04-27,Orejas Grandes,Bocaditos,1.0,100,74
2024-04-27,Beso de Moza,Bocaditos,1.0,80,56
2024-04-27,Caramandugas,Bocaditos,0.25,300,261
2024-04-27,Rosquitas,Bocaditos,0.25,300,257
2024-04-28,Pan Chabatta,Panes,0.25,768,734
2024-04-28,Pan Francés,Panes,0.25,648,615
2024-04-28,Pan Yema Largo,Panes,0.25,360,324
2024-04-28,Pan Yema Redondo,Panes,0.25,360,328
2024-04-28,Pan Chapla,Panes,0.25,144,112
2024-04-28,Pan Coliza,Panes,0.25,192,174
2024-04-28,Pan Integral,Panes,0.25,144,111
2024-04-28,Pan Caracol,Panes,0.25,144,112
2024-04-28,Pan Hamburguesa,Panes,0.4,288,243
2024-04-28,Cachito,Panes,0.25,144,120
2024-04-28,Pan Manjar,Panes,0.3,72,69
2024-04-28,Leche,Abarrotes,4.0,5,2
2024-04-28,Jamon,Abarrotes,2.5,6,4
2024-04-28,Café,Abarrotes,2.0,5,3
2024-04-28,Queso,Abarrotes,3.0,4,3
2024-04-28,Alfajores Pequeños,Bocaditos,0.25,200,153
2024-04-28,Alfajores Grandes,Bocaditos,1.0,100,79
2024-04-28,Galletas Pequeñas,Bocaditos,0.25,200,154
2024-04-28,Galletas Grandes,Bocaditos,1.0,300,294
2024-04-28,Cookie,Bocaditos,2.0,100,70
2024-04-28,Orejitas Pequeñas,Bocaditos,0.25,200,151
2024-04-28,Orejas Grandes,Bocaditos,1.0,100,73
2024-04-28,Beso de Moza,Bocaditos,1.0,80,50
2024-04-28,Caramandugas,Bocaditos,0.25,300,252
2024-04-28,Rosquitas,Bocaditos,0.25,300,256
2024-04-29,Pan Chabatta,Panes,0.25,768,720
2024-04-29,Pan Francés,Panes,0.25,648,610
2024-04-29,Pan Yema Largo,Panes,0.25,360,320
2024-04-29,Pan Yema Redondo,Panes,0.25,360,320
2024-04-29,Pan Chapla,Panes,0.25,144,110
2024-04-29,Pan Coliza,Panes,0.25,192,170
2024-04-29,Pan Integral,Panes,0.25,144,110
2024-04-29,Pan Caracol,Panes,0.25,144,110
2024-04-29,Pan Hamburguesa,Panes,0.4,288,240
2024-04-29,Cachito,Panes,0.25,144,110
2024-04-29,Pan Manjar,Panes,0.3,72,68
2024-04-29,Leche,Abarrotes,4.0,5,2
2024-04-29,Jamon,Abarrotes,2.5,6,3
2024-04-29,Café,Abarrotes,2.0,5,2
2024-04-29,Queso,Abarrotes,3.0,4,3
2024-04-29,Alfajores Pequeños,Bocaditos,0.25,200,150
2024-04-29,Alfajores Grandes,Bocaditos,1.0,100,75
2024-04-29,Galletas Pequeñas,Bocaditos,0.25,200,150
2024-04-29,Galletas Grandes,Bocaditos,1.0,300,290
2024-04-29,Cookie,Bocaditos,2.0,100,70
2024-04-29,Orejitas Pequeñas,Bocaditos,0.25,200,150
2024-04-29,Orejas Grandes,Bocaditos,1.0,100,70
2024-04-29,Beso de Moza,Bocaditos,1.0,80,50
2024-04-29,Caramandugas,Bocaditos,0.25,300,250
2024-04-29,Rosquitas,Bocaditos,0.25,300,250
2024-04-30,Pan Chabatta,Panes,0.25,768,720
2024-04-30,Pan Francés,Panes,0.25,648,610
2024-04-30,Pan Yema Largo,Panes,0.25,360,320
2024-04-30,Pan Yema Redondo,Panes,0.25,360,320
2024-04-30,Pan Chapla,Panes,0.25,144,110
2024-04-30,Pan Coliza,Panes,0.25,192,170
2024-04-30,Pan Integral,Panes,0.25,144,110
2024-04-30,Pan Caracol,Panes,0.25,144,110
2024-04-30,Pan Hamburguesa,Panes,0.4,288,240
2024-04-30,Cachito,Panes,0.25,144,110
2024-04-30,Pan Manjar,Panes,0.3,72,68
2024-04-30,Leche,Abarrotes,4.0,5,4
2024-04-30,Jamon,Abarrotes,2.5,6,3
2024-04-30,Café,Abarrotes,2.0,5,2
2024-04-30,Queso,Abarrotes,3.0,4,2
2024-04-30,Alfajores Pequeños,Bocaditos,0.25,200,150
2024-04-30,Alfajores Grandes,Bocaditos,1.0,100,75
2024-04-30,Galletas Pequeñas,Bocaditos,0.25,200,150
2024-04-30,Galletas Grandes,Bocaditos,1.0,300,290
2024-04-30,Cookie,Bocaditos,2.0,100,70
2024-04-30,Orejitas Pequeñas,Bocaditos,0.25,200,150
2024-04-30,Orejas Grandes,Bocaditos,1.0,100,70
2024-04-30,Beso de Moza,Bocaditos,1.0,80,50
2024-04-30,Caramandugas,Bocaditos,0.25,300,250
2024-04-30,Rosquitas,Bocaditos,0.25,300,250
2024-05-01,Pan Chabatta,Panes,0.25,768,720
2024-05-01,Pan Francés,Panes,0.25,648,610
2024-05-01,Pan Yema Largo,Panes,0.25,360,320
2024-05-01,Pan Yema Redondo,Panes,0.25,360,320
2024-05-01,Pan Chapla,Panes,0.25,144,110
2024-05-01,Pan Coliza,Panes,0.25,192,170
2024-05-01,Pan Integral,Panes,0.25,144,110
2024-05-01,Pan Caracol,Panes,0.25,144,110
2024-05-01,Pan Hamburguesa,Panes,0.4,288,240
2024-05-01,Cachito,Panes,0.25,144,110
2024-05-01,Pan Manjar,Panes,0.3,72,68
2024-05-01,Leche,Abarrotes,4.0,5,3
2024-05-01,Jamon,Abarrotes,2.5,6,4
2024-05-01,Café,Abarrotes,2.0,5,3
2024-05-01,Queso,Abarrotes,3.0,4,2
2024-05-01,Alfajores Pequeños,Bocaditos,0.25,200,150
2024-05-01,Alfajores Grandes,Bocaditos,1.0,100,75
2024-05-01,Galletas Pequeñas,Bocaditos,0.25,200,150
2024-05-01,Galletas Grandes,Bocaditos,1.0,300,290
2024-05-01,Cookie,Bocaditos,2.0,100,70
2024-05-01,Orejitas Pequeñas,Bocaditos,0.25,200,150
2024-05-01,Orejas Grandes,Bocaditos,1.0,100,70
2024-05-01,Beso de Moza,Bocaditos,1.0,80,50
2024-05-01,Caramandugas,Bocaditos,0.25,300,250
2024-05-01,Rosquitas,Bocaditos,0.25,300,250
2024-05-02,Pan Chabatta,Panes,0.25,768,720
2024-05-02,Pan Francés,Panes,0.25,648,610
2024-05-02,Pan Yema Largo,Panes,0.25,360,320
2024-05-02,Pan Yema Redondo,Panes,0.25,360,320
2024-05-02,Pan Chapla,Panes,0.25,144,110
2024-05-02,Pan Coliza,Panes,0.25,192,170
2024-05-02,Pan Integral,Panes,0.25,144,110
2024-05-02,Pan Caracol,Panes,0.25,144,110
2024-05-02,Pan Hamburguesa,Panes,0.4,288,240
2024-05-02,Cachito,Panes,0.25,144,110
2024-05-02,Pan Manjar,Panes,0.3,72,68
2024-05-02,Leche,Abarrotes,4.0,5,2
2024-05-02,Jamon,Abarrotes,2.5,6,3
2024-05-02,Café,Abarrotes,2.0,5,2
2024-05-02,Queso,Abarrotes,3.0,4,2
2024-05-02,Alfajores Pequeños,Bocaditos,0.25,200,150
2024-05-02,Alfajores Grandes,Bocaditos,1.0,100,75
2024-05-02,Galletas Pequeñas,Bocaditos,0.25,200,150
2024-05-02,Galletas Grandes,Bocaditos,1.0,300,290
2024-05-02,Cookie,Bocaditos,2.0,100,70
2024-05-02,Orejitas Pequeñas,Bocaditos,0.25,200,150
2024-05-02,Orejas Grandes,Bocaditos,1.0,100,70
2024-05-02,Beso de Moza,Bocaditos,1.0,80,50
2024-05-02,Caramandugas,Bocaditos,0.25,300,250
2024-05-02,Rosquitas,Bocaditos,0.25,300,250
2024-05-03,Pan Chabatta,Panes,0.25,768,720
2024-05-03,Pan Francés,Panes,0.25,648,610
2024-05-03,Pan Yema Largo,Panes,0.25,360,320
2024-05-03,Pan Yema Redondo,Panes,0.25,360,320
2024-05-03,Pan Chapla,Panes,0.25,144,110
2024-05-03,Pan Coliza,Panes,0.25,192,170
2024-05-03,Pan Integral,Panes,0.25,144,110
2024-05-03,Pan Caracol,Panes,0.25,144,110
2024-05-03,Pan Hamburguesa,Panes,0.4,288,240
2024-05-03,Cachito,Panes,0.25,144,110
2024-05-03,Pan Manjar,Panes,0.3,72,68
2024-05-03,Leche,Abarrotes,4.0,5,3
2024-05-03,Jamon,Abarrotes,2.5,6,4
2024-05-03,Café,Abarrotes,2.0,5,2
2024-05-03,Queso,Abarrotes,3.0,4,2
2024-05-03,Alfajores Pequeños,Bocaditos,0.25,200,150
2024-05-03,Alfajores Grandes,Bocaditos,1.0,100,75
2024-05-03,Galletas Pequeñas,Bocaditos,0.25,200,150
2024-05-03,Galletas Grandes,Bocaditos,1.0,300,290
2024-05-03,Cookie,Bocaditos,2.0,100,70
2024-05-03,Orejitas Pequeñas,Bocaditos,0.25,200,150
2024-05-03,Orejas Grandes,Bocaditos,1.0,100,70
2024-05-03,Beso de Moza,Bocaditos,1.0,80,50
2024-05-03,Caramandugas,Bocaditos,0.25,300,250
2024-05-03,Rosquitas,Bocaditos,0.25,300,250
2024-05-04,Pan Chabatta,Panes,0.25,768,736
2024-05-04,Pan Francés,Panes,0.25,648,615
2024-05-04,Pan Yema Largo,Panes,0.25,360,329
2024-05-04,Pan Yema Redondo,Panes,0.25,360,329
2024-05-04,Pan Chapla,Panes,0.25,144,121
2024-05-04,Pan Coliza,Panes,0.25,192,175
2024-05-04,Pan Integral,Panes,0.25,144,116
2024-05-04,Pan Caracol,Panes,0.25,144,113
2024-05-04,Pan Hamburguesa,Panes,0.4,288,245
2024-05-04,Cachito,Panes,0.25,144,114
2024-05-04,Pan Manjar,Panes,0.3,72,69
2024-05-04,Leche,Abarrotes,4.0,5,4
2024-05-04,Jamon,Abarrotes,2.5,6,4
2024-05-04,Café,Abarrotes,2.0,5,2
2024-05-04,Queso,Abarrotes,3.0,4,2
2024-05-04,Alfajores Pequeños,Bocaditos,0.25,200,159
2024-05-04,Alfajores Grandes,Bocaditos,1.0,100,76
2024-05-04,Galletas Pequeñas,Bocaditos,0.25,200,157
2024-05-04,Galletas Grandes,Bocaditos,1.0,300,294
2024-05-04,Cookie,Bocaditos,2.0,100,74
2024-05-04,Orejitas Pequeñas,Bocaditos,0.25,200,157
2024-05-04,Orejas Grandes,Bocaditos,1.0,100,74
2024-05-04,Beso de Moza,Bocaditos,1.0,80,51
2024-05-04,Caramandugas,Bocaditos,0.25,300,257
2024-05-04,Rosquitas,Bocaditos,0.25,300,257
2024-05-05,Pan Chabatta,Panes,0.25,768,737
2024-05-05,Pan Francés,Panes,0.25,648,610
2024-05-05,Pan Yema Largo,Panes,0.25,360,331
2024-05-05,Pan Yema Redondo,Panes,0.25,360,325
2024-05-05,Pan Chapla,Panes,0.25,144,110
2024-05-05,Pan Coliza,Panes,0.25,192,173
2024-05-05,Pan Integral,Panes,0.25,144,118
2024-05-05,Pan Caracol,Panes,0.25,144,114
2024-05-05,Pan Hamburguesa,Panes,0.4,288,246
2024-05-05,Cachito,Panes,0.25,144,117
2024-05-05,Pan Manjar,Panes,0.3,72,70
2024-05-05,Leche,Abarrotes,4.0,5,3
2024-05-05,Jamon,Abarrotes,2.5,6,6
2024-05-05,Café,Abarrotes,2.0,5,2
2024-05-05,Queso,Abarrotes,3.0,4,3
2024-05-05,Alfajores Pequeños,Bocaditos,0.25,200,151
2024-05-05,Alfajores Grandes,Bocaditos,1.0,100,79
2024-05-05,Galletas Pequeñas,Bocaditos,0.25,200,155
2024-05-05,Galletas Grandes,Bocaditos,1.0,300,293
2024-05-05,Cookie,Bocaditos,2.0,100,72
2024-05-05,Orejitas Pequeñas,Bocaditos,0.25,200,160
2024-05-05,Orejas Grandes,Bocaditos,1.0,100,75
2024-05-05,Beso de Moza,Bocaditos,1.0,80,52
2024-05-05,Caramandugas,Bocaditos,0.25,300,258
2024-05-05,Rosquitas,Bocaditos,0.25,300,257
2024-05-06,Pan Chabatta,Panes,0.25,768,720
2024-05-06,Pan Francés,Panes,0.25,648,610
2024-05-06,Pan Yema Largo,Panes,0.25,360,320
2024-05-06,Pan Yema Redondo,Panes,0.25,360,320
2024-05-06,Pan Chapla,Panes,0.25,144,110
2024-05-06,Pan Coliza,Panes,0.25,192,170
2024-05-06,Pan Integral,Panes,0.25,144,110
2024-05-06,Pan Caracol,Panes,0.25,144,110
2024-05-06,Pan Hamburguesa,Panes,0.4,288,240
2024-05-06,Cachito,Panes,0.25,144,110
2024-05-06,Pan Manjar,Panes,0.3,72,68
2024-05-06,Leche,Abarrotes,4.0,5,2
2024-05-06,Jamon,Abarrotes,2.5,6,4
2024-05-06,Café,Abarrotes,2.0,5,2
2024-05-06,Queso,Abarrotes,3.0,4,2
2024-05-06,Alfajores Pequeños,Bocaditos,0.25,200,150
2024-05-06,Alfajores Grandes,Bocaditos,1.0,100,75
2024-05-06,Galletas Pequeñas,Bocaditos,0.25,200,150
2024-05-06,Galletas Grandes,Bocaditos,1.0,300,290
2024-05-06,Cookie,Bocaditos,2.0,100,70
2024-05-06,Orejitas Pequeñas,Bocaditos,0.25,200,150
2024-05-06,Orejas Grandes,Bocaditos,1.0,100,70
2024-05-06,Beso de Moza,Bocaditos,1.0,80,50
2024-05-06,Caramandugas,Bocaditos,0.25,300,250
2024-05-06,Rosquitas,Bocaditos,0.25,300,250
2024-05-07,Pan Chabatta,Panes,0.25,768,720
2024-05-07,Pan Francés,Panes,0.25,648,610
2024-05-07,Pan Yema Largo,Panes,0.25,360,320
2024-05-07,Pan Yema Redondo,Panes,0.25,360,320
2024-05-07,Pan Chapla,Panes,0.25,144,110
2024-05-07,Pan Coliza,Panes,0.25,192,170
2024-05-07,Pan Integral,Panes,0.25,144,110
2024-05-07,Pan Caracol,Panes,0.25,144,110
2024-05-07,Pan Hamburguesa,Panes,0.4,288,240
2024-05-07,Cachito,Panes,0.25,144,110
2024-05-07,Pan Manjar,Panes,0.3,72,68
2024-05-07,Leche,Abarrotes,4.0,5,2
2024-05-07,Jamon,Abarrotes,2.5,6,3
2024-05-07,Café,Abarrotes,2.0,5,2
2024-05-07,Queso,Abarrotes,3.0,4,2
2024-05-07,Alfajores Pequeños,Bocaditos,0.25,200,150
2024-05-07,Alfajores Grandes,Bocaditos,1.0,100,75
2024-05-07,Galletas Pequeñas,Bocaditos,0.25,200,150
2024-05-07,Galletas Grandes,Bocaditos,1.0,300,290
2024-05-07,Cookie,Bocaditos,2.0,100,70
2024-05-07,Orejitas Pequeñas,Bocaditos,0.25,200,150
2024-05-07,Orejas Grandes,Bocaditos,1.0,100,70
2024-05-07,Beso de Moza,Bocaditos,1.0,80,50
2024-05-07,Caramandugas,Bocaditos,0.25,300,250
2024-05-07,Rosquitas,Bocaditos,0.25,300,250
2024-05-08,Pan Chabatta,Panes,0.25,768,720
2024-05-08,Pan Francés,Panes,0.25,648,610
2024-05-08,Pan Yema Largo,Panes,0.25,360,320
2024-05-08,Pan Yema Redondo,Panes,0.25,360,320
2024-05-08,Pan Chapla,Panes,0.25,144,110
2024-05-08,Pan Coliza,Panes,0.25,192,170
2024-05-08,Pan Integral,Panes,0.25,144,110
2024-05-08,Pan Caracol,Panes,0.25,144,110
2024-05-08,Pan Hamburguesa,Panes,0.4,288,240
2024-05-08,Cachito,Panes,0.25,144,110
2024-05-08,Pan Manjar,Panes,0.3,72,68
2024-05-08,Leche,Abarrotes,4.0,5,2
2024-05-08,Jamon,Abarrotes,2.5,6,3
2024-05-08,Café,Abarrotes,2.0,5,4
2024-05-08,Queso,Abarrotes,3.0,4,2
2024-05-08,Alfajores Pequeños,Bocaditos,0.25,200,150
2024-05-08,Alfajores Grandes,Bocaditos,1.0,100,75
2024-05-08,Galletas Pequeñas,Bocaditos,0.25,200,150
2024-05-08,Galletas Grandes,Bocaditos,1.0,300,290
2024-05-08,Cookie,Bocaditos,2.0,100,70
2024-05-08,Orejitas Pequeñas,Bocaditos,0.25,200,150
2024-05-08,Orejas Grandes,Bocaditos,1.0,100,70
2024-05-08,Beso de Moza,Bocaditos,1.0,80,50
2024-05-08,Caramandugas,Bocaditos,0.25,300,250
2024-05-08,Rosquitas,Bocaditos,0.25,300,250
2024-05-09,Pan Chabatta,Panes,0.25,768,720
2024-05-09,Pan Francés,Panes,0.25,648,610
2024-05-09,Pan Yema Largo,Panes,0.25,360,320
2024-05-09,Pan Yema Redondo,Panes,0.25,360,320
2024-05-09,Pan Chapla,Panes,0.25,144,110
2024-05-09,Pan Coliza,Panes,0.25,192,170
2024-05-09,Pan Integral,Panes,0.25,144,110
2024-05-09,Pan Caracol,Panes,0.25,144,110
2024-05-09,Pan Hamburguesa,Panes,0.4,288,240
2024-05-09,Cachito,Panes,0.25,144,110
2024-05-09,Pan Manjar,Panes,0.3,72,68
2024-05-09,Leche,Abarrotes,4.0,5,2
2024-05-09,Jamon,Abarrotes,2.5,6,3
2024-05-09,Café,Abarrotes,2.0,5,2
2024-05-09,Queso,Abarrotes,3.0,4,2
2024-05-09,Alfajores Pequeños,Bocaditos,0.25,200,150
2024-05-09,Alfajores Grandes,Bocaditos,1.0,100,75
2024-05-09,Galletas Pequeñas,Bocaditos,0.25,200,150
2024-05-09,Galletas Grandes,Bocaditos,1.0,300,290
2024-05-09,Cookie,Bocaditos,2.0,100,70
2024-05-09,Orejitas Pequeñas,Bocaditos,0.25,200,150
2024-05-09,Orejas Grandes,Bocaditos,1.0,100,70
2024-05-09,Beso de Moza,Bocaditos,1.0,80,50
2024-05-09,Caramandugas,Bocaditos,0.25,300,250
2024-05-09,Rosquitas,Bocaditos,0.25,300,250
2024-05-10,Pan Chabatta,Panes,0.25,768,720
2024-05-10,Pan Francés,Panes,0.25,648,610
2024-05-10,Pan Yema Largo,Panes,0.25,360,320
2024-05-10,Pan Yema Redondo,Panes,0.25,360,320
2024-05-10,Pan Chapla,Panes,0.25,144,110
2024-05-10,Pan Coliza,Panes,0.25,192,170
2024-05-10,Pan Integral,Panes,0.25,144,110
2024-05-10,Pan Caracol,Panes,0.25,144,110
2024-05-10,Pan Hamburguesa,Panes,0.4,288,240
2024-05-10,Cachito,Panes,0.25,144,110
2024-05-10,Pan Manjar,Panes,0.3,72,68
2024-05-10,Leche,Abarrotes,4.0,5,2
2024-05-10,Jamon,Abarrotes,2.5,6,4
2024-05-10,Café,Abarrotes,2.0,5,2
2024-05-10,Queso,Abarrotes,3.0,4,2
2024-05-10,Alfajores Pequeños,Bocaditos,0.25,200,150
2024-05-10,Alfajores Grandes,Bocaditos,1.0,100,75
2024-05-10,Galletas Pequeñas,Bocaditos,0.25,200,150
2024-05-10,Galletas Grandes,Bocaditos,1.0,300,290
2024-05-10,Cookie,Bocaditos,2.0,100,70
2024-05-10,Orejitas Pequeñas,Bocaditos,0.25,200,150
2024-05-10,Orejas Grandes,Bocaditos,1.0,100,70
2024-05-10,Beso de Moza,Bocaditos,1.0,80,50
2024-05-10,Caramandugas,Bocaditos,0.25,300,250
2024-05-10,Rosquitas,Bocaditos,0.25,300,250
2024-05-11,Pan Chabatta,Panes,0.25,768,725
2024-05-11,Pan Francés,Panes,0.25,648,616
2024-05-11,Pan Yema Largo,Panes,0.25,360,326
2024-05-11,Pan Yema Redondo,Panes,0.25,360,320
2024-05-11,Pan Chapla,Panes,0.25,144,120
2024-05-11,Pan Coliza,Panes,0.25,192,176
2024-05-11,Pan Integral,Panes,0.25,144,112
2024-05-11,Pan Caracol,Panes,0.25,144,116
2024-05-11,Pan Hamburguesa,Panes,0.4,288,240
2024-05-11,Cachito,Panes,0.25,144,120
2024-05-11,Pan Manjar,Panes,0.3,72,69
2024-05-11,Leche,Abarrotes,4.0,5,3
2024-05-11,Jamon,Abarrotes,2.5,6,5
2024-05-11,Café,Abarrotes,2.0,5,3
2024-05-11,Queso,Abarrotes,3.0,4,3
2024-05-11,Alfajores Pequeños,Bocaditos,0.25,200,155
2024-05-11,Alfajores Grandes,Bocaditos,1.0,100,80
2024-05-11,Galletas Pequeñas,Bocaditos,0.25,200,155
2024-05-11,Galletas Grandes,Bocaditos,1.0,300,290
2024-05-11,Cookie,Bocaditos,2.0,100,71
2024-05-11,Orejitas Pequeñas,Bocaditos,0.25,200,151
2024-05-11,Orejas Grandes,Bocaditos,1.0,100,72
2024-05-11,Beso de Moza,Bocaditos,1.0,80,52
2024-05-11,Caramandugas,Bocaditos,0.25,300,256
2024-05-11,Rosquitas,Bocaditos,0.25,300,255
2024-05-12,Pan Chabatta,Panes,0.25,768,728
2024-05-12,Pan Francés,Panes,0.25,648,612
2024-05-12,Pan Yema Largo,Panes,0.25,360,325
2024-05-12,Pan Yema Redondo,Panes,0.25,360,329
2024-05-12,Pan Chapla,Panes,0.25,144,114
2024-05-12,Pan Coliza,Panes,0.25,192,171
2024-05-12,Pan Integral,Panes,0.25,144,115
2024-05-12,Pan Caracol,Panes,0.25,144,118
2024-05-12,Pan Hamburguesa,Panes,0.4,288,246
2024-05-12,Cachito,Panes,0.25,144,114
2024-05-12,Pan Manjar,Panes,0.3,72,70
2024-05-12,Leche,Abarrotes,4.0,5,4
2024-05-12,Jamon,Abarrotes,2.5,6,5
2024-05-12,Café,Abarrotes,2.0,5,3
2024-05-12,Queso,Abarrotes,3.0,4,2
2024-05-12,Alfajores Pequeños,Bocaditos,0.25,200,155
2024-05-12,Alfajores Grandes,Bocaditos,1.0,100,76
2024-05-12,Galletas Pequeñas,Bocaditos,0.25,200,157
2024-05-12,Galletas Grandes,Bocaditos,1.0,300,291
2024-05-12,Cookie,Bocaditos,2.0,100,74
2024-05-12,Orejitas Pequeñas,Bocaditos,0.25,200,157
2024-05-12,Orejas Grandes,Bocaditos,1.0,100,72
2024-05-12,Beso de Moza,Bocaditos,1.0,80,53
2024-05-12,Caramandugas,Bocaditos,0.25,300,258
2024-05-12,Rosquitas,Bocaditos,0.25,300,256
2024-05-13,Pan Chabatta,Panes,0.25,768,720
2024-05-13,Pan Francés,Panes,0.25,648,610
2024-05-13,Pan Yema Largo,Panes,0.25,360,320
2024-05-13,Pan Yema Redondo,Panes,0.25,360,320
2024-05-13,Pan Chapla,Panes,0.25,144,110
2024-05-13,Pan Coliza,Panes,0.25,192,170
2024-05-13,Pan Integral,Panes,0.25,144,110
2024-05-13,Pan Caracol,Panes,0.25,144,110
2024-05-13,Pan Hamburguesa,Panes,0.4,288,240
2024-05-13,Cachito,Panes,0.25,144,110
2024-05-13,Pan Manjar,Panes,0.3,72,68
2024-05-13,Leche,Abarrotes,4.0,5,2
2024-05-13,Jamon,Abarrotes,2.5,6,3
2024-05-13,Café,Abarrotes,2.0,5,3
2024-05-13,Queso,Abarrotes,3.0,4,2
2024-05-13,Alfajores Pequeños,Bocaditos,0.25,200,150
2024-05-13,Alfajores Grandes,Bocaditos,1.0,100,75
2024-05-13,Galletas Pequeñas,Bocaditos,0.25,200,150
2024-05-13,Galletas Grandes,Bocaditos,1.0,300,290
2024-05-13,Cookie,Bocaditos,2.0,100,70
2024-05-13,Orejitas Pequeñas,Bocaditos,0.25,200,150
2024-05-13,Orejas Grandes,Bocaditos,1.0,100,70
2024-05-13,Beso de Moza,Bocaditos,1.0,80,50
2024-05-13,Caramandugas,Bocaditos,0.25,300,250
2024-05-13,Rosquitas,Bocaditos,0.25,300,250
2024-05-14,Pan Chabatta,Panes,0.25,768,720
2024-05-14,Pan Francés,Panes,0.25,648,610
2024-05-14,Pan Yema Largo,Panes,0.25,360,320
2024-05-14,Pan Yema Redondo,Panes,0.25,360,320
2024-05-14,Pan Chapla,Panes,0.25,144,110
2024-05-14,Pan Coliza,Panes,0.25,192,170
2024-05-14,Pan Integral,Panes,0.25,144,110
2024-05-14,Pan Caracol,Panes,0.25,144,110
2024-05-14,Pan Hamburguesa,Panes,0.4,288,240
2024-05-14,Cachito,Panes,0.25,144,110
2024-05-14,Pan Manjar,Panes,0.3,72,68
2024-05-14,Leche,Abarrotes,4.0,5,2
2024-05-14,Jamon,Abarrotes,2.5,6,4
2024-05-14,Café,Abarrotes,2.0,5,2
2024-05-14,Queso,Abarrotes,3.0,4,2
2024-05-14,Alfajores Pequeños,Bocaditos,0.25,200,150
2024-05-14,Alfajores Grandes,Bocaditos,1.0,100,75
2024-05-14,Galletas Pequeñas,Bocaditos,0.25,200,150
2024-05-14,Galletas Grandes,Bocaditos,1.0,300,290
2024-05-14,Cookie,Bocaditos,2.0,100,70
2024-05-14,Orejitas Pequeñas,Bocaditos,0.25,200,150
2024-05-14,Orejas Grandes,Bocaditos,1.0,100,70
2024-05-14,Beso de Moza,Bocaditos,1.0,80,50
2024-05-14,Caramandugas,Bocaditos,0.25,300,250
2024-05-14,Rosquitas,Bocaditos,0.25,300,250
2024-05-15,Pan Chabatta,Panes,0.25,768,720
2024-05-15,Pan Francés,Panes,0.25,648,610
2024-05-15,Pan Yema Largo,Panes,0.25,360,320
2024-05-15,Pan Yema Redondo,Panes,0.25,360,320
2024-05-15,Pan Chapla,Panes,0.25,144,110
2024-05-15,Pan Coliza,Panes,0.25,192,170
2024-05-15,Pan Integral,Panes,0.25,144,110
2024-05-15,Pan Caracol,Panes,0.25,144,110
2024-05-15,Pan Hamburguesa,Panes,0.4,288,240
2024-05-15,Cachito,Panes,0.25,144,110
2024-05-15,Pan Manjar,Panes,0.3,72,68
2024-05-15,Leche,Abarrotes,4.0,5,2
2024-05-15,Jamon,Abarrotes,2.5,6,3
2024-05-15,Café,Abarrotes,2.0,5,2
2024-05-15,Queso,Abarrotes,3.0,4,2
2024-05-15,Alfajores Pequeños,Bocaditos,0.25,200,150
2024-05-15,Alfajores Grandes,Bocaditos,1.0,100,75
2024-05-15,Galletas Pequeñas,Bocaditos,0.25,200,150
2024-05-15,Galletas Grandes,Bocaditos,1.0,300,290
2024-05-15,Cookie,Bocaditos,2.0,100,70
2024-05-15,Orejitas Pequeñas,Bocaditos,0.25,200,150
2024-05-15,Orejas Grandes,Bocaditos,1.0,100,70
2024-05-15,Beso de Moza,Bocaditos,1.0,80,50
2024-05-15,Caramandugas,Bocaditos,0.25,300,250
2024-05-15,Rosquitas,Bocaditos,0.25,300,250
2024-05-16,Pan Chabatta,Panes,0.25,768,720
2024-05-16,Pan Francés,Panes,0.25,648,610
2024-05-16,Pan Yema Largo,Panes,0.25,360,320
2024-05-16,Pan Yema Redondo,Panes,0.25,360,320
2024-05-16,Pan Chapla,Panes,0.25,144,110
2024-05-16,Pan Coliza,Panes,0.25,192,170
2024-05-16,Pan Integral,Panes,0.25,144,110
2024-05-16,Pan Caracol,Panes,0.25,144,110
2024-05-16,Pan Hamburguesa,Panes,0.4,288,240
2024-05-16,Cachito,Panes,0.25,144,110
2024-05-16,Pan Manjar,Panes,0.3,72,68
2024-05-16,Leche,Abarrotes,4.0,5,4
2024-05-16,Jamon,Abarrotes,2.5,6,4
2024-05-16,Café,Abarrotes,2.0,5,2
2024-05-16,Queso,Abarrotes,3.0,4,2
2024-05-16,Alfajores Pequeños,Bocaditos,0.25,200,150
2024-05-16,Alfajores Grandes,Bocaditos,1.0,100,75
2024-05-16,Galletas Pequeñas,Bocaditos,0.25,200,150
2024-05-16,Galletas Grandes,Bocaditos,1.0,300,290
2024-05-16,Cookie,Bocaditos,2.0,100,70
2024-05-16,Orejitas Pequeñas,Bocaditos,0.25,200,150
2024-05-16,Orejas Grandes,Bocaditos,1.0,100,70
2024-05-16,Beso de Moza,Bocaditos,1.0,80,50
2024-05-16,Caramandugas,Bocaditos,0.25,300,250
2024-05-16,Rosquitas,Bocaditos,0.25,300,250
2024-05-17,Pan Chabatta,Panes,0.25,768,720
2024-05-17,Pan Francés,Panes,0.25,648,610
2024-05-17,Pan Yema Largo,Panes,0.25,360,320
2024-05-17,Pan Yema Redondo,Panes,0.25,360,320
2024-05-17,Pan Chapla,Panes,0.25,144,110
2024-05-17,Pan Coliza,Panes,0.25,192,170
2024-05-17,Pan Integral,Panes,0.25,144,110
2024-05-17,Pan Caracol,Panes,0.25,144,110
2024-05-17,Pan Hamburguesa,Panes,0.4,288,240
2024-05-17,Cachito,Panes,0.25,144,110
2024-05-17,Pan Manjar,Panes,0.3,72,68
2024-05-17,Leche,Abarrotes,4.0,5,2
2024-05-17,Jamon,Abarrotes,2.5,6,3
2024-05-17,Café,Abarrotes,2.0,5,3
2024-05-17,Queso,Abarrotes,3.0,4,3
2024-05-17,Alfajores Pequeños,Bocaditos,0.25,200,150
2024-05-17,Alfajores Grandes,Bocaditos,1.0,100,75
2024-05-17,Galletas Pequeñas,Bocaditos,0.25,200,150
2024-05-17,Galletas Grandes,Bocaditos,1.0,300,290
2024-05-17,Cookie,Bocaditos,2.0,100,70
2024-05-17,Orejitas Pequeñas,Bocaditos,0.25,200,150
2024-05-17,Orejas Grandes,Bocaditos,1.0,100,70
2024-05-17,Beso de Moza,Bocaditos,1.0,80,52
2024-05-17,Caramandugas,Bocaditos,0.25,300,250
2024-05-17,Rosquitas,Bocaditos,0.25,300,250
2024-05-18,Pan Chabatta,Panes,0.25,768,720
2024-05-18,Pan Francés,Panes,0.25,648,615
2024-05-18,Pan Yema Largo,Panes,0.25,360,320
2024-05-18,Pan Yema Redondo,Panes,0.25,360,327
2024-05-18,Pan Chapla,Panes,0.25,144,112
2024-05-18,Pan Coliza,Panes,0.25,192,170
2024-05-18,Pan Integral,Panes,0.25,144,112
2024-05-18,Pan Caracol,Panes,0.25,144,118
2024-05-18,Pan Hamburguesa,Panes,0.4,288,249
2024-05-18,Cachito,Panes,0.25,144,113
2024-05-18,Pan Manjar,Panes,0.3,72,69
2024-05-18,Leche,Abarrotes,4.0,5,4
2024-05-18,Jamon,Abarrotes,2.5,6,4
2024-05-18,Café,Abarrotes,2.0,5,5
2024-05-18,Queso,Abarrotes,3.0,4,4
2024-05-18,Alfajores Pequeños,Bocaditos,0.25,200,157
2024-05-18,Alfajores Grandes,Bocaditos,1.0,100,78
2024-05-18,Galletas Pequeñas,Bocaditos,0.25,200,158
2024-05-18,Galletas Grandes,Bocaditos,1.0,300,294
2024-05-18,Cookie,Bocaditos,2.0,100,76
2024-05-18,Orejitas Pequeñas,Bocaditos,0.25,200,154
2024-05-18,Orejas Grandes,Bocaditos,1.0,100,70
2024-05-18,Beso de Moza,Bocaditos,1.0,80,56
2024-05-18,Caramandugas,Bocaditos,0.25,300,250
2024-05-18,Rosquitas,Bocaditos,0.25,300,259
2024-05-19,Pan Chabatta,Panes,0.25,768,739
2024-05-19,Pan Francés,Panes,0.25,648,620
2024-05-19,Pan Yema Largo,Panes,0.25,360,320
2024-05-19,Pan Yema Redondo,Panes,0.25,360,330
2024-05-19,Pan Chapla,Panes,0.25,144,118
2024-05-19,Pan Coliza,Panes,0.25,192,174
2024-05-19,Pan Integral,Panes,0.25,144,111
2024-05-19,Pan Caracol,Panes,0.25,144,113
2024-05-19,Pan Hamburguesa,Panes,0.4,288,240
2024-05-19,Cachito,Panes,0.25,144,117
2024-05-19,Pan Manjar,Panes,0.3,72,68
2024-05-19,Leche,Abarrotes,4.0,5,2
2024-05-19,Jamon,Abarrotes,2.5,6,4
2024-05-19,Café,Abarrotes,2.0,5,3
2024-05-19,Queso,Abarrotes,3.0,4,4
2024-05-19,Alfajores Pequeños,Bocaditos,0.25,200,157
2024-05-19,Alfajores Grandes,Bocaditos,1.0,100,76
2024-05-19,Galletas Pequeñas,Bocaditos,0.25,200,159
2024-05-19,Galletas Grandes,Bocaditos,1.0,300,294
2024-05-19,Cookie,Bocaditos,2.0,100,71
2024-05-19,Orejitas Pequeñas,Bocaditos,0.25,200,160
2024-05-19,Orejas Grandes,Bocaditos,1.0,100,76
2024-05-19,Beso de Moza,Bocaditos,1.0,80,58
2024-05-19,Caramandugas,Bocaditos,0.25,300,260
2024-05-19,Rosquitas,Bocaditos,0.25,300,252
2024-05-20,Pan Chabatta,Panes,0.25,768,720
2024-05-20,Pan Francés,Panes,0.25,648,610
2024-05-20,Pan Yema Largo,Panes,0.25,360,320
2024-05-20,Pan Yema Redondo,Panes,0.25,360,320
2024-05-20,Pan Chapla,Panes,0.25,144,110
2024-05-20,Pan Coliza,Panes,0.25,192,170
2024-05-20,Pan Integral,Panes,0.25,144,110
2024-05-20,Pan Caracol,Panes,0.25,144,110
2024-05-20,Pan Hamburguesa,Panes,0.4,288,240
2024-05-20,Cachito,Panes,0.25,144,110
2024-05-20,Pan Manjar,Panes,0.3,72,68
2024-05-20,Leche,Abarrotes,4.0,5,3
2024-05-20,Jamon,Abarrotes,2.5,6,3
2024-05-20,Café,Abarrotes,2.0,5,2
2024-05-20,Queso,Abarrotes,3.0,4,2
2024-05-20,Alfajores Pequeños,Bocaditos,0.25,200,150
2024-05-20,Alfajores Grandes,Bocaditos,1.0,100,75
2024-05-20,Galletas Pequeñas,Bocaditos,0.25,200,150
2024-05-20,Galletas Grandes,Bocaditos,1.0,300,290
2024-05-20,Cookie,Bocaditos,2.0,100,70
2024-05-20,Orejitas Pequeñas,Bocaditos,0.25,200,150
2024-05-20,Orejas Grandes,Bocaditos,1.0,100,70
2024-05-20,Beso de Moza,Bocaditos,1.0,80,50
2024-05-20,Caramandugas,Bocaditos,0.25,300,250
2024-05-20,Rosquitas,Bocaditos,0.25,300,250
2024-05-21,Pan Chabatta,Panes,0.25,768,720
2024-05-21,Pan Francés,Panes,0.25,648,610
2024-05-21,Pan Yema Largo,Panes,0.25,360,320
2024-05-21,Pan Yema Redondo,Panes,0.25,360,320
2024-05-21,Pan Chapla,Panes,0.25,144,110
2024-05-21,Pan Coliza,Panes,0.25,192,170
2024-05-21,Pan Integral,Panes,0.25,144,110
2024-05-21,Pan Caracol,Panes,0.25,144,110
2024-05-21,Pan Hamburguesa,Panes,0.4,288,240
2024-05-21,Cachito,Panes,0.25,144,110
2024-05-21,Pan Manjar,Panes,0.3,72,68
2024-05-21,Leche,Abarrotes,4.0,5,3
2024-05-21,Jamon,Abarrotes,2.5,6,4
2024-05-21,Café,Abarrotes,2.0,5,2
2024-05-21,Queso,Abarrotes,3.0,4,2
2024-05-21,Alfajores Pequeños,Bocaditos,0.25,200,150
2024-05-21,Alfajores Grandes,Bocaditos,1.0,100,75
2024-05-21,Galletas Pequeñas,Bocaditos,0.25,200,150
2024-05-21,Galletas Grandes,Bocaditos,1.0,300,290
2024-05-21,Cookie,Bocaditos,2.0,100,70
2024-05-21,Orejitas Pequeñas,Bocaditos,0.25,200,150
2024-05-21,Orejas Grandes,Bocaditos,1.0,100,70
2024-05-21,Beso de Moza,Bocaditos,1.0,80,50
2024-05-21,Caramandugas,Bocaditos,0.25,300,250
2024-05-21,Rosquitas,Bocaditos,0.25,300,250
2024-05-22,Pan Chabatta,Panes,0.25,768,720
2024-05-22,Pan Francés,Panes,0.25,648,610
2024-05-22,Pan Yema Largo,Panes,0.25,360,320
2024-05-22,Pan Yema Redondo,Panes,0.25,360,320
2024-05-22,Pan Chapla,Panes,0.25,144,110
2024-05-22,Pan Coliza,Panes,0.25,192,170
2024-05-22,Pan Integral,Panes,0.25,144,110
2024-05-22,Pan Caracol,Panes,0.25,144,110
2024-05-22,Pan Hamburguesa,Panes,0.4,288,240
2024-05-22,Cachito,Panes,0.25,144,110
2024-05-22,Pan Manjar,Panes,0.3,72,68
2024-05-22,Leche,Abarrotes,4.0,5,3
2024-05-22,Jamon,Abarrotes,2.5,6,3
2024-05-22,Café,Abarrotes,2.0,5,2
2024-05-22,Queso,Abarrotes,3.0,4,2
2024-05-22,Alfajores Pequeños,Bocaditos,0.25,200,150
2024-05-22,Alfajores Grandes,Bocaditos,1.0,100,75
2024-05-22,Galletas Pequeñas,Bocaditos,0.25,200,150
2024-05-22,Galletas Grandes,Bocaditos,1.0,300,290
2024-05-22,Cookie,Bocaditos,2.0,100,70
2024-05-22,Orejitas Pequeñas,Bocaditos,0.25,200,150
2024-05-22,Orejas Grandes,Bocaditos,1.0,100,70
2024-05-22,Beso de Moza,Bocaditos,1.0,80,50
2024-05-22,Caramandugas,Bocaditos,0.25,300,250
2024-05-22,Rosquitas,Bocaditos,0.25,300,250
2024-05-23,Pan Chabatta,Panes,0.25,768,720
2024-05-23,Pan Francés,Panes,0.25,648,610
2024-05-23,Pan Yema Largo,Panes,0.25,360,320
2024-05-23,Pan Yema Redondo,Panes,0.25,360,320
2024-05-23,Pan Chapla,Panes,0.25,144,110
2024-05-23,Pan Coliza,Panes,0.25,192,170
2024-05-23,Pan Integral,Panes,0.25,144,110
2024-05-23,Pan Caracol,Panes,0.25,144,110
2024-05-23,Pan Hamburguesa,Panes,0.4,288,240
2024-05-23,Cachito,Panes,0.25,144,110
2024-05-23,Pan Manjar,Panes,0.3,72,68
2024-05-23,Leche,Abarrotes,4.0,5,2
2024-05-23,Jamon,Abarrotes,2.5,6,3
2024-05-23,Café,Abarrotes,2.0,5,2
2024-05-23,Queso,Abarrotes,3.0,4,2
2024-05-23,Alfajores Pequeños,Bocaditos,0.25,200,150
2024-05-23,Alfajores Grandes,Bocaditos,1.0,100,75
2024-05-23,Galletas Pequeñas,Bocaditos,0.25,200,150
2024-05-23,Galletas Grandes,Bocaditos,1.0,300,290
2024-05-23,Cookie,Bocaditos,2.0,100,70
2024-05-23,Orejitas Pequeñas,Bocaditos,0.25,200,150
2024-05-23,Orejas Grandes,Bocaditos,1.0,100,70
2024-05-23,Beso de Moza,Bocaditos,1.0,80,50
2024-05-23,Caramandugas,Bocaditos,0.25,300,250
2024-05-23,Rosquitas,Bocaditos,0.25,300,250
2024-05-24,Pan Chabatta,Panes,0.25,768,720
2024-05-24,Pan Francés,Panes,0.25,648,610
2024-05-24,Pan Yema Largo,Panes,0.25,360,320
2024-05-24,Pan Yema Redondo,Panes,0.25,360,320
2024-05-24,Pan Chapla,Panes,0.25,144,110
2024-05-24,Pan Coliza,Panes,0.25,192,170
2024-05-24,Pan Integral,Panes,0.25,144,110
2024-05-24,Pan Caracol,Panes,0.25,144,110
2024-05-24,Pan Hamburguesa,Panes,0.4,288,240
2024-05-24,Cachito,Panes,0.25,144,110
2024-05-24,Pan Manjar,Panes,0.3,72,68
2024-05-24,Leche,Abarrotes,4.0,5,4
2024-05-24,Jamon,Abarrotes,2.5,6,4
2024-05-24,Café,Abarrotes,2.0,5,2
2024-05-24,Queso,Abarrotes,3.0,4,2
2024-05-24,Alfajores Pequeños,Bocaditos,0.25,200,150
2024-05-24,Alfajores Grandes,Bocaditos,1.0,100,75
2024-05-24,Galletas Pequeñas,Bocaditos,0.25,200,150
2024-05-24,Galletas Grandes,Bocaditos,1.0,300,290
2024-05-24,Cookie,Bocaditos,2.0,100,70
2024-05-24,Orejitas Pequeñas,Bocaditos,0.25,200,150
2024-05-24,Orejas Grandes,Bocaditos,1.0,100,70
2024-05-24,Beso de Moza,Bocaditos,1.0,80,50
2024-05-24,Caramandugas,Bocaditos,0.25,300,250
2024-05-24,Rosquitas,Bocaditos,0.25,300,250
2024-05-25,Pan Chabatta,Panes,0.25,768,722
2024-05-25,Pan Francés,Panes,0.25,648,615
2024-05-25,Pan Yema Largo,Panes,0.25,360,322
2024-05-25,Pan Yema Redondo,Panes,0.25,360,327
2024-05-25,Pan Chapla,Panes,0.25,144,118
2024-05-25,Pan Coliza,Panes,0.25,192,175
2024-05-25,Pan Integral,Panes,0.25,144,113
2024-05-25,Pan Caracol,Panes,0.25,144,121
2024-05-25,Pan Hamburguesa,Panes,0.4,288,243
2024-05-25,Cachito,Panes,0.25,144,111
2024-05-25,Pan Manjar,Panes,0.3,72,69
2024-05-25,Leche,Abarrotes,4.0,5,2
2024-05-25,Jamon,Abarrotes,2.5,6,3
2024-05-25,Café,Abarrotes,2.0,5,4
2024-05-25,Queso,Abarrotes,3.0,4,2
2024-05-25,Alfajores Pequeños,Bocaditos,0.25,200,159
2024-05-25,Alfajores Grandes,Bocaditos,1.0,100,76
2024-05-25,Galletas Pequeñas,Bocaditos,0.25,200,151
2024-05-25,Galletas Grandes,Bocaditos,1.0,300,291
2024-05-25,Cookie,Bocaditos,2.0,100,74
2024-05-25,Orejitas Pequeñas,Bocaditos,0.25,200,159
2024-05-25,Orejas Grandes,Bocaditos,1.0,100,75
2024-05-25,Beso de Moza,Bocaditos,1.0,80,50
2024-05-25,Caramandugas,Bocaditos,0.25,300,252
2024-05-25,Rosquitas,Bocaditos,0.25,300,250
2024-05-26,Pan Chabatta,Panes,0.25,768,731
2024-05-26,Pan Francés,Panes,0.25,648,612
2024-05-26,Pan Yema Largo,Panes,0.25,360,325
2024-05-26,Pan Yema Redondo,Panes,0.25,360,326
2024-05-26,Pan Chapla,Panes,0.25,144,111
2024-05-26,Pan Coliza,Panes,0.25,192,171
2024-05-26,Pan Integral,Panes,0.25,144,110
2024-05-26,Pan Caracol,Panes,0.25,144,117
2024-05-26,Pan Hamburguesa,Panes,0.4,288,241
2024-05-26,Cachito,Panes,0.25,144,118
2024-05-26,Pan Manjar,Panes,0.3,72,69
2024-05-26,Leche,Abarrotes,4.0,5,3
2024-05-26,Jamon,Abarrotes,2.5,6,3
2024-05-26,Café,Abarrotes,2.0,5,3
2024-05-26,Queso,Abarrotes,3.0,4,4
2024-05-26,Alfajores Pequeños,Bocaditos,0.25,200,155
2024-05-26,Alfajores Grandes,Bocaditos,1.0,100,80
2024-05-26,Galletas Pequeñas,Bocaditos,0.25,200,158
2024-05-26,Galletas Grandes,Bocaditos,1.0,300,295
2024-05-26,Cookie,Bocaditos,2.0,100,74
2024-05-26,Orejitas Pequeñas,Bocaditos,0.25,200,157
2024-05-26,Orejas Grandes,Bocaditos,1.0,100,71
2024-05-26,Beso de Moza,Bocaditos,1.0,80,54
2024-05-26,Caramandugas,Bocaditos,0.25,300,250
2024-05-26,Rosquitas,Bocaditos,0.25,300,259
2024-05-27,Pan Chabatta,Panes,0.25,768,720
2024-05-27,Pan Francés,Panes,0.25,648,610
2024-05-27,Pan Yema Largo,Panes,0.25,360,320
2024-05-27,Pan Yema Redondo,Panes,0.25,360,320
2024-05-27,Pan Chapla,Panes,0.25,144,110
2024-05-27,Pan Coliza,Panes,0.25,192,170
2024-05-27,Pan Integral,Panes,0.25,144,110
2024-05-27,Pan Caracol,Panes,0.25,144,110
2024-05-27,Pan Hamburguesa,Panes,0.4,288,240
2024-05-27,Cachito,Panes,0.25,144,110
2024-05-27,Pan Manjar,Panes,0.3,72,68
2024-05-27,Leche,Abarrotes,4.0,5,2
2024-05-27,Jamon,Abarrotes,2.5,6,3
2024-05-27,Café,Abarrotes,2.0,5,2
2024-05-27,Queso,Abarrotes,3.0,4,2
2024-05-27,Alfajores Pequeños,Bocaditos,0.25,200,150
2024-05-27,Alfajores Grandes,Bocaditos,1.0,100,75
2024-05-27,Galletas Pequeñas,Bocaditos,0.25,200,150
2024-05-27,Galletas Grandes,Bocaditos,1.0,300,290
2024-05-27,Cookie,Bocaditos,2.0,100,70
2024-05-27,Orejitas Pequeñas,Bocaditos,0.25,200,150
2024-05-27,Orejas Grandes,Bocaditos,1.0,100,70
2024-05-27,Beso de Moza,Bocaditos,1.0,80,50
2024-05-27,Caramandugas,Bocaditos,0.25,300,250
2024-05-27,Rosquitas,Bocaditos,0.25,300,250
2024-05-28,Pan Chabatta,Panes,0.25,768,720
2024-05-28,Pan Francés,Panes,0.25,648,610
2024-05-28,Pan Yema Largo,Panes,0.25,360,320
2024-05-28,Pan Yema Redondo,Panes,0.25,360,320
2024-05-28,Pan Chapla,Panes,0.25,144,110
2024-05-28,Pan Coliza,Panes,0.25,192,170
2024-05-28,Pan Integral,Panes,0.25,144,110
2024-05-28,Pan Caracol,Panes,0.25,144,110
2024-05-28,Pan Hamburguesa,Panes,0.4,288,240
2024-05-28,Cachito,Panes,0.25,144,110
2024-05-28,Pan Manjar,Panes,0.3,72,68
2024-05-28,Leche,Abarrotes,4.0,5,4
2024-05-28,Jamon,Abarrotes,2.5,6,3
2024-05-28,Café,Abarrotes,2.0,5,2
2024-05-28,Queso,Abarrotes,3.0,4,2
2024-05-28,Alfajores Pequeños,Bocaditos,0.25,200,150
2024-05-28,Alfajores Grandes,Bocaditos,1.0,100,75
2024-05-28,Galletas Pequeñas,Bocaditos,0.25,200,150
2024-05-28,Galletas Grandes,Bocaditos,1.0,300,290
2024-05-28,Cookie,Bocaditos,2.0,100,70
2024-05-28,Orejitas Pequeñas,Bocaditos,0.25,200,150
2024-05-28,Orejas Grandes,Bocaditos,1.0,100,70
2024-05-28,Beso de Moza,Bocaditos,1.0,80,50
2024-05-28,Caramandugas,Bocaditos,0.25,300,250
2024-05-28,Rosquitas,Bocaditos,0.25,300,250
2024-05-29,Pan Chabatta,Panes,0.25,768,720
2024-05-29,Pan Francés,Panes,0.25,648,610
2024-05-29,Pan Yema Largo,Panes,0.25,360,320
2024-05-29,Pan Yema Redondo,Panes,0.25,360,320
2024-05-29,Pan Chapla,Panes,0.25,144,110
2024-05-29,Pan Coliza,Panes,0.25,192,170
2024-05-29,Pan Integral,Panes,0.25,144,110
2024-05-29,Pan Caracol,Panes,0.25,144,110
2024-05-29,Pan Hamburguesa,Panes,0.4,288,240
2024-05-29,Cachito,Panes,0.25,144,110
2024-05-29,Pan Manjar,Panes,0.3,72,68
2024-05-29,Leche,Abarrotes,4.0,5,4
2024-05-29,Jamon,Abarrotes,2.5,6,3
2024-05-29,Café,Abarrotes,2.0,5,2
2024-05-29,Queso,Abarrotes,3.0,4,3
2024-05-29,Alfajores Pequeños,Bocaditos,0.25,200,150
2024-05-29,Alfajores Grandes,Bocaditos,1.0,100,75
2024-05-29,Galletas Pequeñas,Bocaditos,0.25,200,150
2024-05-29,Galletas Grandes,Bocaditos,1.0,300,290
2024-05-29,Cookie,Bocaditos,2.0,100,70
2024-05-29,Orejitas Pequeñas,Bocaditos,0.25,200,150
2024-05-29,Orejas Grandes,Bocaditos,1.0,100,70
2024-05-29,Beso de Moza,Bocaditos,1.0,80,50
2024-05-29,Caramandugas,Bocaditos,0.25,300,250
2024-05-29,Rosquitas,Bocaditos,0.25,300,250
2024-05-30,Pan Chabatta,Panes,0.25,768,720
2024-05-30,Pan Francés,Panes,0.25,648,610
2024-05-30,Pan Yema Largo,Panes,0.25,360,320
2024-05-30,Pan Yema Redondo,Panes,0.25,360,320
2024-05-30,Pan Chapla,Panes,0.25,144,110
2024-05-30,Pan Coliza,Panes,0.25,192,170
2024-05-30,Pan Integral,Panes,0.25,144,110
2024-05-30,Pan Caracol,Panes,0.25,144,110
2024-05-30,Pan Hamburguesa,Panes,0.4,288,240
2024-05-30,Cachito,Panes,0.25,144,110
2024-05-30,Pan Manjar,Panes,0.3,72,68
2024-05-30,Leche,Abarrotes,4.0,5,4
2024-05-30,Jamon,Abarrotes,2.5,6,4
2024-05-30,Café,Abarrotes,2.0,5,2
2024-05-30,Queso,Abarrotes,3.0,4,2
2024-05-30,Alfajores Pequeños,Bocaditos,0.25,200,150
2024-05-30,Alfajores Grandes,Bocaditos,1.0,100,75
2024-05-30,Galletas Pequeñas,Bocaditos,0.25,200,150
2024-05-30,Galletas Grandes,Bocaditos,1.0,300,290
2024-05-30,Cookie,Bocaditos,2.0,100,70
2024-05-30,Orejitas Pequeñas,Bocaditos,0.25,200,150
2024-05-30,Orejas Grandes,Bocaditos,1.0,100,70
2024-05-30,Beso de Moza,Bocaditos,1.0,80,50
2024-05-30,Caramandugas,Bocaditos,0.25,300,250
2024-05-30,Rosquitas,Bocaditos,0.25,300,250
2024-05-31,Pan Chabatta,Panes,0.25,768,720
2024-05-31,Pan Francés,Panes,0.25,648,610
2024-05-31,Pan Yema Largo,Panes,0.25,360,320
2024-05-31,Pan Yema Redondo,Panes,0.25,360,320
2024-05-31,Pan Chapla,Panes,0.25,144,110
2024-05-31,Pan Coliza,Panes,0.25,192,170
2024-05-31,Pan Integral,Panes,0.25,144,110
2024-05-31,Pan Caracol,Panes,0.25,144,110
2024-05-31,Pan Hamburguesa,Panes,0.4,288,240
2024-05-31,Cachito,Panes,0.25,144,110
2024-05-31,Pan Manjar,Panes,0.3,72,68
2024-05-31,Leche,Abarrotes,4.0,5,2
2024-05-31,Jamon,Abarrotes,2.5,6,3
2024-05-31,Café,Abarrotes,2.0,5,2
2024-05-31,Queso,Abarrotes,3.0,4,2
2024-05-31,Alfajores Pequeños,Bocaditos,0.25,200,150
2024-05-31,Alfajores Grandes,Bocaditos,1.0,100,75
2024-05-31,Galletas Pequeñas,Bocaditos,0.25,200,150
2024-05-31,Galletas Grandes,Bocaditos,1.0,300,290
2024-05-31,Cookie,Bocaditos,2.0,100,70
2024-05-31,Orejitas Pequeñas,Bocaditos,0.25,200,150
2024-05-31,Orejas Grandes,Bocaditos,1.0,100,70
2024-05-31,Beso de Moza,Bocaditos,1.0,80,50
2024-05-31,Caramandugas,Bocaditos,0.25,300,250
2024-05-31,Rosquitas,Bocaditos,0.25,300,250
2024-06-01,Pan Chabatta,Panes,0.25,768,730
2024-06-01,Pan Francés,Panes,0.25,648,610
2024-06-01,Pan Yema Largo,Panes,0.25,360,320
2024-06-01,Pan Yema Redondo,Panes,0.25,360,327
2024-06-01,Pan Chapla,Panes,0.25,144,113
2024-06-01,Pan Coliza,Panes,0.25,192,175
2024-06-01,Pan Integral,Panes,0.25,144,111
2024-06-01,Pan Caracol,Panes,0.25,144,120
2024-06-01,Pan Hamburguesa,Panes,0.4,288,244
2024-06-01,Cachito,Panes,0.25,144,119
2024-06-01,Pan Manjar,Panes,0.3,72,70
2024-06-01,Leche,Abarrotes,4.0,5,2
2024-06-01,Jamon,Abarrotes,2.5,6,5
2024-06-01,Café,Abarrotes,2.0,5,2
2024-06-01,Queso,Abarrotes,3.0,4,3
2024-06-01,Alfajores Pequeños,Bocaditos,0.25,200,150
2024-06-01,Alfajores Grandes,Bocaditos,1.0,100,78
2024-06-01,Galletas Pequeñas,Bocaditos,0.25,200,155
2024-06-01,Galletas Grandes,Bocaditos,1.0,300,290
2024-06-01,Cookie,Bocaditos,2.0,100,75
2024-06-01,Orejitas Pequeñas,Bocaditos,0.25,200,154
2024-06-01,Orejas Grandes,Bocaditos,1.0,100,73
2024-06-01,Beso de Moza,Bocaditos,1.0,80,59
2024-06-01,Caramandugas,Bocaditos,0.25,300,251
2024-06-01,Rosquitas,Bocaditos,0.25,300,254
2024-06-02,Pan Chabatta,Panes,0.25,768,731
2024-06-02,Pan Francés,Panes,0.25,648,619
2024-06-02,Pan Yema Largo,Panes,0.25,360,327
2024-06-02,Pan Yema Redondo,Panes,0.25,360,322
2024-06-02,Pan Chapla,Panes,0.25,144,116
2024-06-02,Pan Coliza,Panes,0.25,192,173
2024-06-02,Pan Integral,Panes,0.25,144,115
2024-06-02,Pan Caracol,Panes,0.25,144,115
2024-06-02,Pan Hamburguesa,Panes,0.4,288,241
2024-06-02,Cachito,Panes,0.25,144,111
2024-06-02,Pan Manjar,Panes,0.3,72,68
2024-06-02,Leche,Abarrotes,4.0,5,5
2024-06-02,Jamon,Abarrotes,2.5,6,3
2024-06-02,Café,Abarrotes,2.0,5,5
2024-06-02,Queso,Abarrotes,3.0,4,2
2024-06-02,Alfajores Pequeños,Bocaditos,0.25,200,156
2024-06-02,Alfajores Grandes,Bocaditos,1.0,100,79
2024-06-02,Galletas Pequeñas,Bocaditos,0.25,200,153
2024-06-02,Galletas Grandes,Bocaditos,1.0,300,293
2024-06-02,Cookie,Bocaditos,2.0,100,72
2024-06-02,Orejitas Pequeñas,Bocaditos,0.25,200,158
2024-06-02,Orejas Grandes,Bocaditos,1.0,100,73
2024-06-02,Beso de Moza,Bocaditos,1.0,80,55
2024-06-02,Caramandugas,Bocaditos,0.25,300,254
2024-06-02,Rosquitas,Bocaditos,0.25,300,257
2024-06-03,Pan Chabatta,Panes,0.25,768,720
2024-06-03,Pan Francés,Panes,0.25,648,610
2024-06-03,Pan Yema Largo,Panes,0.25,360,320
2024-06-03,Pan Yema Redondo,Panes,0.25,360,320
2024-06-03,Pan Chapla,Panes,0.25,144,110
2024-06-03,Pan Coliza,Panes,0.25,192,170
2024-06-03,Pan Integral,Panes,0.25,144,110
2024-06-03,Pan Caracol,Panes,0.25,144,110
2024-06-03,Pan Hamburguesa,Panes,0.4,288,240
2024-06-03,Cachito,Panes,0.25,144,110
2024-06-03,Pan Manjar,Panes,0.3,72,68
2024-06-03,Leche,Abarrotes,4.0,5,2
2024-06-03,Jamon,Abarrotes,2.5,6,3
2024-06-03,Café,Abarrotes,2.0,5,2
2024-06-03,Queso,Abarrotes,3.0,4,2
2024-06-03,Alfajores Pequeños,Bocaditos,0.25,200,150
2024-06-03,Alfajores Grandes,Bocaditos,1.0,100,75
2024-06-03,Galletas Pequeñas,Bocaditos,0.25,200,150
2024-06-03,Galletas Grandes,Bocaditos,1.0,300,290
2024-06-03,Cookie,Bocaditos,2.0,100,70
2024-06-03,Orejitas Pequeñas,Bocaditos,0.25,200,150
2024-06-03,Orejas Grandes,Bocaditos,1.0,100,70
2024-06-03,Beso de Moza,Bocaditos,1.0,80,50
2024-06-03,Caramandugas,Bocaditos,0.25,300,250
2024-06-03,Rosquitas,Bocaditos,0.25,300,250
2024-06-04,Pan Chabatta,Panes,0.25,768,720
2024-06-04,Pan Francés,Panes,0.25,648,610
2024-06-04,Pan Yema Largo,Panes,0.25,360,320
2024-06-04,Pan Yema Redondo,Panes,0.25,360,320
2024-06-04,Pan Chapla,Panes,0.25,144,110
2024-06-04,Pan Coliza,Panes,0.25,192,170
2024-06-04,Pan Integral,Panes,0.25,144,110
2024-06-04,Pan Caracol,Panes,0.25,144,110
2024-06-04,Pan Hamburguesa,Panes,0.4,288,240
2024-06-04,Cachito,Panes,0.25,144,110
2024-06-04,Pan Manjar,Panes,0.3,72,68
2024-06-04,Leche,Abarrotes,4.0,5,4
2024-06-04,Jamon,Abarrotes,2.5,6,3
2024-06-04,Café,Abarrotes,2.0,5,2
2024-06-04,Queso,Abarrotes,3.0,4,2
2024-06-04,Alfajores Pequeños,Bocaditos,0.25,200,150
2024-06-04,Alfajores Grandes,Bocaditos,1.0,100,75
2024-06-04,Galletas Pequeñas,Bocaditos,0.25,200,150
2024-06-04,Galletas Grandes,Bocaditos,1.0,300,290
2024-06-04,Cookie,Bocaditos,2.0,100,70
2024-06-04,Orejitas Pequeñas,Bocaditos,0.25,200,150
2024-06-04,Orejas Grandes,Bocaditos,1.0,100,70
2024-06-04,Beso de Moza,Bocaditos,1.0,80,50
2024-06-04,Caramandugas,Bocaditos,0.25,300,250
2024-06-04,Rosquitas,Bocaditos,0.25,300,250
2024-06-05,Pan Chabatta,Panes,0.25,768,720
2024-06-05,Pan Francés,Panes,0.25,648,610
2024-06-05,Pan Yema Largo,Panes,0.25,360,320
2024-06-05,Pan Yema Redondo,Panes,0.25,360,320
2024-06-05,Pan Chapla,Panes,0.25,144,110
2024-06-05,Pan Coliza,Panes,0.25,192,170
2024-06-05,Pan Integral,Panes,0.25,144,110
2024-06-05,Pan Caracol,Panes,0.25,144,110
2024-06-05,Pan Hamburguesa,Panes,0.4,288,240
2024-06-05,Cachito,Panes,0.25,144,110
2024-06-05,Pan Manjar,Panes,0.3,72,68
2024-06-05,Leche,Abarrotes,4.0,5,3
2024-06-05,Jamon,Abarrotes,2.5,6,5
2024-06-05,Café,Abarrotes,2.0,5,2
2024-06-05,Queso,Abarrotes,3.0,4,2
2024-06-05,Alfajores Pequeños,Bocaditos,0.25,200,150
2024-06-05,Alfajores Grandes,Bocaditos,1.0,100,75
2024-06-05,Galletas Pequeñas,Bocaditos,0.25,200,150
2024-06-05,Galletas Grandes,Bocaditos,1.0,300,290
2024-06-05,Cookie,Bocaditos,2.0,100,70
2024-06-05,Orejitas Pequeñas,Bocaditos,0.25,200,150
2024-06-05,Orejas Grandes,Bocaditos,1.0,100,70
2024-06-05,Beso de Moza,Bocaditos,1.0,80,50
2024-06-05,Caramandugas,Bocaditos,0.25,300,250
2024-06-05,Rosquitas,Bocaditos,0.25,300,250
2024-06-06,Pan Chabatta,Panes,0.25,768,720
2024-06-06,Pan Francés,Panes,0.25,648,610
2024-06-06,Pan Yema Largo,Panes,0.25,360,320
2024-06-06,Pan Yema Redondo,Panes,0.25,360,320
2024-06-06,Pan Chapla,Panes,0.25,144,110
2024-06-06,Pan Coliza,Panes,0.25,192,170
2024-06-06,Pan Integral,Panes,0.25,144,110
2024-06-06,Pan Caracol,Panes,0.25,144,110
2024-06-06,Pan Hamburguesa,Panes,0.4,288,240
2024-06-06,Cachito,Panes,0.25,144,110
2024-06-06,Pan Manjar,Panes,0.3,72,68
2024-06-06,Leche,Abarrotes,4.0,5,2
2024-06-06,Jamon,Abarrotes,2.5,6,3
2024-06-06,Café,Abarrotes,2.0,5,2
2024-06-06,Queso,Abarrotes,3.0,4,2
2024-06-06,Alfajores Pequeños,Bocaditos,0.25,200,150
2024-06-06,Alfajores Grandes,Bocaditos,1.0,100,75
2024-06-06,Galletas Pequeñas,Bocaditos,0.25,200,150
2024-06-06,Galletas Grandes,Bocaditos,1.0,300,290
2024-06-06,Cookie,Bocaditos,2.0,100,70
2024-06-06,Orejitas Pequeñas,Bocaditos,0.25,200,150
2024-06-06,Orejas Grandes,Bocaditos,1.0,100,70
2024-06-06,Beso de Moza,Bocaditos,1.0,80,50
2024-06-06,Caramandugas,Bocaditos,0.25,300,250
2024-06-06,Rosquitas,Bocaditos,0.25,300,250
2024-06-07,Pan Chabatta,Panes,0.25,768,720
2024-06-07,Pan Francés,Panes,0.25,648,610
2024-06-07,Pan Yema Largo,Panes,0.25,360,320
2024-06-07,Pan Yema Redondo,Panes,0.25,360,320
2024-06-07,Pan Chapla,Panes,0.25,144,110
2024-06-07,Pan Coliza,Panes,0.25,192,170
2024-06-07,Pan Integral,Panes,0.25,144,110
2024-06-07,Pan Caracol,Panes,0.25,144,110
2024-06-07,Pan Hamburguesa,Panes,0.4,288,240
2024-06-07,Cachito,Panes,0.25,144,110
2024-06-07,Pan Manjar,Panes,0.3,72,68
2024-06-07,Leche,Abarrotes,4.0,5,3
2024-06-07,Jamon,Abarrotes,2.5,6,3
2024-06-07,Café,Abarrotes,2.0,5,3
2024-06-07,Queso,Abarrotes,3.0,4,2
2024-06-07,Alfajores Pequeños,Bocaditos,0.25,200,150
2024-06-07,Alfajores Grandes,Bocaditos,1.0,100,75
2024-06-07,Galletas Pequeñas,Bocaditos,0.25,200,150
2024-06-07,Galletas Grandes,Bocaditos,1.0,300,290
2024-06-07,Cookie,Bocaditos,2.0,100,70
2024-06-07,Orejitas Pequeñas,Bocaditos,0.25,200,150
2024-06-07,Orejas Grandes,Bocaditos,1.0,100,70
2024-06-07,Beso de Moza,Bocaditos,1.0,80,50
2024-06-07,Caramandugas,Bocaditos,0.25,300,250
2024-06-07,Rosquitas,Bocaditos,0.25,300,250
2024-06-08,Pan Chabatta,Panes,0.25,768,729
2024-06-08,Pan Francés,Panes,0.25,648,618
2024-06-08,Pan Yema Largo,Panes,0.25,360,323
2024-06-08,Pan Yema Redondo,Panes,0.25,360,325
2024-06-08,Pan Chapla,Panes,0.25,144,111
2024-06-08,Pan Coliza,Panes,0.25,192,171
2024-06-08,Pan Integral,Panes,0.25,144,117
2024-06-08,Pan Caracol,Panes,0.25,144,115
2024-06-08,Pan Hamburguesa,Panes,0.4,288,246
2024-06-08,Cachito,Panes,0.25,144,113
2024-06-08,Pan Manjar,Panes,0.3,72,69
2024-06-08,Leche,Abarrotes,4.0,5,2
2024-06-08,Jamon,Abarrotes,2.5,6,5
2024-06-08,Café,Abarrotes,2.0,5,3
2024-06-08,Queso,Abarrotes,3.0,4,3
2024-06-08,Alfajores Pequeños,Bocaditos,0.25,200,153
2024-06-08,Alfajores Grandes,Bocaditos,1.0,100,78
2024-06-08,Galletas Pequeñas,Bocaditos,0.25,200,150
2024-06-08,Galletas Grandes,Bocaditos,1.0,300,291
2024-06-08,Cookie,Bocaditos,2.0,100,70
2024-06-08,Orejitas Pequeñas,Bocaditos,0.25,200,154
2024-06-08,Orejas Grandes,Bocaditos,1.0,100,75
2024-06-08,Beso de Moza,Bocaditos,1.0,80,54
2024-06-08,Caramandugas,Bocaditos,0.25,300,256
2024-06-08,Rosquitas,Bocaditos,0.25,300,257
2024-06-09,Pan Chabatta,Panes,0.25,768,736
2024-06-09,Pan Francés,Panes,0.25,648,611
2024-06-09,Pan Yema Largo,Panes,0.25,360,329
2024-06-09,Pan Yema Redondo,Panes,0.25,360,328
2024-06-09,Pan Chapla,Panes,0.25,144,117
2024-06-09,Pan Coliza,Panes,0.25,192,173
2024-06-09,Pan Integral,Panes,0.25,144,114
2024-06-09,Pan Caracol,Panes,0.25,144,112
2024-06-09,Pan Hamburguesa,Panes,0.4,288,247
2024-06-09,Cachito,Panes,0.25,144,118
2024-06-09,Pan Manjar,Panes,0.3,72,68
2024-06-09,Leche,Abarrotes,4.0,5,2
2024-06-09,Jamon,Abarrotes,2.5,6,4
2024-06-09,Café,Abarrotes,2.0,5,2
2024-06-09,Queso,Abarrotes,3.0,4,3
2024-06-09,Alfajores Pequeños,Bocaditos,0.25,200,155
2024-06-09,Alfajores Grandes,Bocaditos,1.0,100,75
2024-06-09,Galletas Pequeñas,Bocaditos,0.25,200,160
2024-06-09,Galletas Grandes,Bocaditos,1.0,300,292
2024-06-09,Cookie,Bocaditos,2.0,100,74
2024-06-09,Orejitas Pequeñas,Bocaditos,0.25,200,155
2024-06-09,Orejas Grandes,Bocaditos,1.0,100,73
2024-06-09,Beso de Moza,Bocaditos,1.0,80,50
2024-06-09,Caramandugas,Bocaditos,0.25,300,251
2024-06-09,Rosquitas,Bocaditos,0.25,300,260
2024-06-10,Pan Chabatta,Panes,0.25,768,720
2024-06-10,Pan Francés,Panes,0.25,648,610
2024-06-10,Pan Yema Largo,Panes,0.25,360,320
2024-06-10,Pan Yema Redondo,Panes,0.25,360,320
2024-06-10,Pan Chapla,Panes,0.25,144,110
2024-06-10,Pan Coliza,Panes,0.25,192,170
2024-06-10,Pan Integral,Panes,0.25,144,110
2024-06-10,Pan Caracol,Panes,0.25,144,110
2024-06-10,Pan Hamburguesa,Panes,0.4,288,240
2024-06-10,Cachito,Panes,0.25,144,110
2024-06-10,Pan Manjar,Panes,0.3,72,68
2024-06-10,Leche,Abarrotes,4.0,5,2
2024-06-10,Jamon,Abarrotes,2.5,6,3
2024-06-10,Café,Abarrotes,2.0,5,2
2024-06-10,Queso,Abarrotes,3.0,4,2
2024-06-10,Alfajores Pequeños,Bocaditos,0.25,200,150
2024-06-10,Alfajores Grandes,Bocaditos,1.0,100,75
2024-06-10,Galletas Pequeñas,Bocaditos,0.25,200,150
2024-06-10,Galletas Grandes,Bocaditos,1.0,300,290
2024-06-10,Cookie,Bocaditos,2.0,100,70
2024-06-10,Orejitas Pequeñas,Bocaditos,0.25,200,150
2024-06-10,Orejas Grandes,Bocaditos,1.0,100,70
2024-06-10,Beso de Moza,Bocaditos,1.0,80,50
2024-06-10,Caramandugas,Bocaditos,0.25,300,250
2024-06-10,Rosquitas,Bocaditos,0.25,300,250
2024-06-11,Pan Chabatta,Panes,0.25,768,720
2024-06-11,Pan Francés,Panes,0.25,648,610
2024-06-11,Pan Yema Largo,Panes,0.25,360,320
2024-06-11,Pan Yema Redondo,Panes,0.25,360,320
2024-06-11,Pan Chapla,Panes,0.25,144,110
2024-06-11,Pan Coliza,Panes,0.25,192,170
2024-06-11,Pan Integral,Panes,0.25,144,110
2024-06-11,Pan Caracol,Panes,0.25,144,110
2024-06-11,Pan Hamburguesa,Panes,0.4,288,240
2024-06-11,Cachito,Panes,0.25,144,110
2024-06-11,Pan Manjar,Panes,0.3,72,68
2024-06-11,Leche,Abarrotes,4.0,5,4
2024-06-11,Jamon,Abarrotes,2.5,6,3
2024-06-11,Café,Abarrotes,2.0,5,2
2024-06-11,Queso,Abarrotes,3.0,4,3
2024-06-11,Alfajores Pequeños,Bocaditos,0.25,200,150
2024-06-11,Alfajores Grandes,Bocaditos,1.0,100,75
2024-06-11,Galletas Pequeñas,Bocaditos,0.25,200,150
2024-06-11,Galletas Grandes,Bocaditos,1.0,300,290
2024-06-11,Cookie,Bocaditos,2.0,100,70
2024-06-11,Orejitas Pequeñas,Bocaditos,0.25,200,150
2024-06-11,Orejas Grandes,Bocaditos,1.0,100,70
2024-06-11,Beso de Moza,Bocaditos,1.0,80,50
2024-06-11,Caramandugas,Bocaditos,0.25,300,250
2024-06-11,Rosquitas,Bocaditos,0.25,300,250
2024-06-12,Pan Chabatta,Panes,0.25,768,720
2024-06-12,Pan Francés,Panes,0.25,648,610
2024-06-12,Pan Yema Largo,Panes,0.25,360,320
2024-06-12,Pan Yema Redondo,Panes,0.25,360,320
2024-06-12,Pan Chapla,Panes,0.25,144,110
2024-06-12,Pan Coliza,Panes,0.25,192,170
2024-06-12,Pan Integral,Panes,0.25,144,110
2024-06-12,Pan Caracol,Panes,0.25,144,110
2024-06-12,Pan Hamburguesa,Panes,0.4,288,240
2024-06-12,Cachito,Panes,0.25,144,110
2024-06-12,Pan Manjar,Panes,0.3,72,68
2024-06-12,Leche,Abarrotes,4.0,5,3
2024-06-12,Jamon,Abarrotes,2.5,6,4
2024-06-12,Café,Abarrotes,2.0,5,4
2024-06-12,Queso,Abarrotes,3.0,4,2
2024-06-12,Alfajores Pequeños,Bocaditos,0.25,200,150
2024-06-12,Alfajores Grandes,Bocaditos,1.0,100,75
2024-06-12,Galletas Pequeñas,Bocaditos,0.25,200,150
2024-06-12,Galletas Grandes,Bocaditos,1.0,300,290
2024-06-12,Cookie,Bocaditos,2.0,100,70
2024-06-12,Orejitas Pequeñas,Bocaditos,0.25,200,150
2024-06-12,Orejas Grandes,Bocaditos,1.0,100,70
2024-06-12,Beso de Moza,Bocaditos,1.0,80,50
2024-06-12,Caramandugas,Bocaditos,0.25,300,250
2024-06-12,Rosquitas,Bocaditos,0.25,300,250
2024-06-13,Pan Chabatta,Panes,0.25,768,720
2024-06-13,Pan Francés,Panes,0.25,648,610
2024-06-13,Pan Yema Largo,Panes,0.25,360,320
2024-06-13,Pan Yema Redondo,Panes,0.25,360,320
2024-06-13,Pan Chapla,Panes,0.25,144,110
2024-06-13,Pan Coliza,Panes,0.25,192,170
2024-06-13,Pan Integral,Panes,0.25,144,110
2024-06-13,Pan Caracol,Panes,0.25,144,110
2024-06-13,Pan Hamburguesa,Panes,0.4,288,240
2024-06-13,Cachito,Panes,0.25,144,110
2024-06-13,Pan Manjar,Panes,0.3,72,68
2024-06-13,Leche,Abarrotes,4.0,5,2
2024-06-13,Jamon,Abarrotes,2.5,6,3
2024-06-13,Café,Abarrotes,2.0,5,2
2024-06-13,Queso,Abarrotes,3.0,4,3
2024-06-13,Alfajores Pequeños,Bocaditos,0.25,200,150
2024-06-13,Alfajores Grandes,Bocaditos,1.0,100,75
2024-06-13,Galletas Pequeñas,Bocaditos,0.25,200,150
2024-06-13,Galletas Grandes,Bocaditos,1.0,300,290
2024-06-13,Cookie,Bocaditos,2.0,100,70
2024-06-13,Orejitas Pequeñas,Bocaditos,0.25,200,150
2024-06-13,Orejas Grandes,Bocaditos,1.0,100,70
2024-06-13,Beso de Moza,Bocaditos,1.0,80,50
2024-06-13,Caramandugas,Bocaditos,0.25,300,250
2024-06-13,Rosquitas,Bocaditos,0.25,300,250
2024-06-14,Pan Chabatta,Panes,0.25,768,720
2024-06-14,Pan Francés,Panes,0.25,648,610
2024-06-14,Pan Yema Largo,Panes,0.25,360,320
2024-06-14,Pan Yema Redondo,Panes,0.25,360,320
2024-06-14,Pan Chapla,Panes,0.25,144,110
2024-06-14,Pan Coliza,Panes,0.25,192,170
2024-06-14,Pan Integral,Panes,0.25,144,110
2024-06-14,Pan Caracol,Panes,0.25,144,110
2024-06-14,Pan Hamburguesa,Panes,0.4,288,240
2024-06-14,Cachito,Panes,0.25,144,110
2024-06-14,Pan Manjar,Panes,0.3,72,68
2024-06-14,Leche,Abarrotes,4.0,5,4
2024-06-14,Jamon,Abarrotes,2.5,6,4
2024-06-14,Café,Abarrotes,2.0,5,2
2024-06-14,Queso,Abarrotes,3.0,4,2
2024-06-14,Alfajores Pequeños,Bocaditos,0.25,200,150
2024-06-14,Alfajores Grandes,Bocaditos,1.0,100,75
2024-06-14,Galletas Pequeñas,Bocaditos,0.25,200,150
2024-06-14,Galletas Grandes,Bocaditos,1.0,300,290
2024-06-14,Cookie,Bocaditos,2.0,100,70
2024-06-14,Orejitas Pequeñas,Bocaditos,0.25,200,150
2024-06-14,Orejas Grandes,Bocaditos,1.0,100,70
2024-06-14,Beso de Moza,Bocaditos,1.0,80,50
2024-06-14,Caramandugas,Bocaditos,0.25,300,250
2024-06-14,Rosquitas,Bocaditos,0.25,300,250
2024-06-15,Pan Chabatta,Panes,0.25,768,735
2024-06-15,Pan Francés,Panes,0.25,648,619
2024-06-15,Pan Yema Largo,Panes,0.25,360,324
2024-06-15,Pan Yema Redondo,Panes,0.25,360,323
2024-06-15,Pan Chapla,Panes,0.25,144,111
2024-06-15,Pan Coliza,Panes,0.25,192,173
2024-06-15,Pan Integral,Panes,0.25,144,114
2024-06-15,Pan Caracol,Panes,0.25,144,117
2024-06-15,Pan Hamburguesa,Panes,0.4,288,248
2024-06-15,Cachito,Panes,0.25,144,116
2024-06-15,Pan Manjar,Panes,0.3,72,69
2024-06-15,Leche,Abarrotes,4.0,5,3
2024-06-15,Jamon,Abarrotes,2.5,6,4
2024-06-15,Café,Abarrotes,2.0,5,5
2024-06-15,Queso,Abarrotes,3.0,4,2
2024-06-15,Alfajores Pequeños,Bocaditos,0.25,200,152
2024-06-15,Alfajores Grandes,Bocaditos,1.0,100,81
2024-06-15,Galletas Pequeñas,Bocaditos,0.25,200,157
2024-06-15,Galletas Grandes,Bocaditos,1.0,300,290
2024-06-15,Cookie,Bocaditos,2.0,100,72
2024-06-15,Orejitas Pequeñas,Bocaditos,0.25,200,155
2024-06-15,Orejas Grandes,Bocaditos,1.0,100,71
2024-06-15,Beso de Moza,Bocaditos,1.0,80,56
2024-06-15,Caramandugas,Bocaditos,0.25,300,255
2024-06-15,Rosquitas,Bocaditos,0.25,300,258
2024-06-16,Pan Chabatta,Panes,0.25,768,721
2024-06-16,Pan Francés,Panes,0.25,648,612
2024-06-16,Pan Yema Largo,Panes,0.25,360,326
2024-06-16,Pan Yema Redondo,Panes,0.25,360,324
2024-06-16,Pan Chapla,Panes,0.25,144,118
2024-06-16,Pan Coliza,Panes,0.25,192,173
2024-06-16,Pan Integral,Panes,0.25,144,113
2024-06-16,Pan Caracol,Panes,0.25,144,112
2024-06-16,Pan Hamburguesa,Panes,0.4,288,242
2024-06-16,Cachito,Panes,0.25,144,112
2024-06-16,Pan Manjar,Panes,0.3,72,69
2024-06-16,Leche,Abarrotes,4.0,5,3
2024-06-16,Jamon,Abarrotes,2.5,6,4
2024-06-16,Café,Abarrotes,2.0,5,3
2024-06-16,Queso,Abarrotes,3.0,4,4
2024-06-16,Alfajores Pequeños,Bocaditos,0.25,200,159
2024-06-16,Alfajores Grandes,Bocaditos,1.0,100,77
2024-06-16,Galletas Pequeñas,Bocaditos,0.25,200,155
2024-06-16,Galletas Grandes,Bocaditos,1.0,300,292
2024-06-16,Cookie,Bocaditos,2.0,100,74
2024-06-16,Orejitas Pequeñas,Bocaditos,0.25,200,157
2024-06-16,Orejas Grandes,Bocaditos,1.0,100,73
2024-06-16,Beso de Moza,Bocaditos,1.0,80,60
2024-06-16,Caramandugas,Bocaditos,0.25,300,256
2024-06-16,Rosquitas,Bocaditos,0.25,300,250
2024-06-17,Pan Chabatta,Panes,0.25,768,720
2024-06-17,Pan Francés,Panes,0.25,648,610
2024-06-17,Pan Yema Largo,Panes,0.25,360,320
2024-06-17,Pan Yema Redondo,Panes,0.25,360,320
2024-06-17,Pan Chapla,Panes,0.25,144,110
2024-06-17,Pan Coliza,Panes,0.25,192,170
2024-06-17,Pan Integral,Panes,0.25,144,110
2024-06-17,Pan Caracol,Panes,0.25,144,110
2024-06-17,Pan Hamburguesa,Panes,0.4,288,240
2024-06-17,Cachito,Panes,0.25,144,110
2024-06-17,Pan Manjar,Panes,0.3,72,68
2024-06-17,Leche,Abarrotes,4.0,5,2
2024-06-17,Jamon,Abarrotes,2.5,6,3
2024-06-17,Café,Abarrotes,2.0,5,3
2024-06-17,Queso,Abarrotes,3.0,4,2
2024-06-17,Alfajores Pequeños,Bocaditos,0.25,200,150
2024-06-17,Alfajores Grandes,Bocaditos,1.0,100,75
2024-06-17,Galletas Pequeñas,Bocaditos,0.25,200,150
2024-06-17,Galletas Grandes,Bocaditos,1.0,300,290
2024-06-17,Cookie,Bocaditos,2.0,100,70
2024-06-17,Orejitas Pequeñas,Bocaditos,0.25,200,150
2024-06-17,Orejas Grandes,Bocaditos,1.0,100,70
2024-06-17,Beso de Moza,Bocaditos,1.0,80,50
2024-06-17,Caramandugas,Bocaditos,0.25,300,250
2024-06-17,Rosquitas,Bocaditos,0.25,300,250
2024-06-18,Pan Chabatta,Panes,0.25,768,720
2024-06-18,Pan Francés,Panes,0.25,648,610
2024-06-18,Pan Yema Largo,Panes,0.25,360,320
2024-06-18,Pan Yema Redondo,Panes,0.25,360,320
2024-06-18,Pan Chapla,Panes,0.25,144,110
2024-06-18,Pan Coliza,Panes,0.25,192,170
2024-06-18,Pan Integral,Panes,0.25,144,110
2024-06-18,Pan Caracol,Panes,0.25,144,110
2024-06-18,Pan Hamburguesa,Panes,0.4,288,240
2024-06-18,Cachito,Panes,0.25,144,110
2024-06-18,Pan Manjar,Panes,0.3,72,68
2024-06-18,Leche,Abarrotes,4.0,5,2
2024-06-18,Jamon,Abarrotes,2.5,6,3
2024-06-18,Café,Abarrotes,2.0,5,2
2024-06-18,Queso,Abarrotes,3.0,4,3
2024-06-18,Alfajores Pequeños,Bocaditos,0.25,200,150
2024-06-18,Alfajores Grandes,Bocaditos,1.0,100,75
2024-06-18,Galletas Pequeñas,Bocaditos,0.25,200,150
2024-06-18,Galletas Grandes,Bocaditos,1.0,300,290
2024-06-18,Cookie,Bocaditos,2.0,100,70
2024-06-18,Orejitas Pequeñas,Bocaditos,0.25,200,150
2024-06-18,Orejas Grandes,Bocaditos,1.0,100,70
2024-06-18,Beso de Moza,Bocaditos,1.0,80,50
2024-06-18,Caramandugas,Bocaditos,0.25,300,250
2024-06-18,Rosquitas,Bocaditos,0.25,300,250
2024-06-19,Pan Chabatta,Panes,0.25,768,720
2024-06-19,Pan Francés,Panes,0.25,648,610
2024-06-19,Pan Yema Largo,Panes,0.25,360,320
2024-06-19,Pan Yema Redondo,Panes,0.25,360,320
2024-06-19,Pan Chapla,Panes,0.25,144,110
2024-06-19,Pan Coliza,Panes,0.25,192,170
2024-06-19,Pan Integral,Panes,0.25,144,110
2024-06-19,Pan Caracol,Panes,0.25,144,110
2024-06-19,Pan Hamburguesa,Panes,0.4,288,240
2024-06-19,Cachito,Panes,0.25,144,110
2024-06-19,Pan Manjar,Panes,0.3,72,68
2024-06-19,Leche,Abarrotes,4.0,5,2
2024-06-19,Jamon,Abarrotes,2.5,6,3
2024-06-19,Café,Abarrotes,2.0,5,2
2024-06-19,Queso,Abarrotes,3.0,4,3
2024-06-19,Alfajores Pequeños,Bocaditos,0.25,200,150
2024-06-19,Alfajores Grandes,Bocaditos,1.0,100,75
2024-06-19,Galletas Pequeñas,Bocaditos,0.25,200,150
2024-06-19,Galletas Grandes,Bocaditos,1.0,300,290
2024-06-19,Cookie,Bocaditos,2.0,100,70
2024-06-19,Orejitas Pequeñas,Bocaditos,0.25,200,150
2024-06-19,Orejas Grandes,Bocaditos,1.0,100,70
2024-06-19,Beso de Moza,Bocaditos,1.0,80,50
2024-06-19,Caramandugas,Bocaditos,0.25,300,250
2024-06-19,Rosquitas,Bocaditos,0.25,300,250
2024-06-20,Pan Chabatta,Panes,0.25,768,720
2024-06-20,Pan Francés,Panes,0.25,648,610
2024-06-20,Pan Yema Largo,Panes,0.25,360,320
2024-06-20,Pan Yema Redondo,Panes,0.25,360,320
2024-06-20,Pan Chapla,Panes,0.25,144,110
2024-06-20,Pan Coliza,Panes,0.25,192,170
2024-06-20,Pan Integral,Panes,0.25,144,110
2024-06-20,Pan Caracol,Panes,0.25,144,110
2024-06-20,Pan Hamburguesa,Panes,0.4,288,240
2024-06-20,Cachito,Panes,0.25,144,110
2024-06-20,Pan Manjar,Panes,0.3,72,68
2024-06-20,Leche,Abarrotes,4.0,5,2
2024-06-20,Jamon,Abarrotes,2.5,6,3
2024-06-20,Café,Abarrotes,2.0,5,3
2024-06-20,Queso,Abarrotes,3.0,4,2
2024-06-20,Alfajores Pequeños,Bocaditos,0.25,200,150
2024-06-20,Alfajores Grandes,Bocaditos,1.0,100,75
2024-06-20,Galletas Pequeñas,Bocaditos,0.25,200,150
2024-06-20,Galletas Grandes,Bocaditos,1.0,300,290
2024-06-20,Cookie,Bocaditos,2.0,100,70
2024-06-20,Orejitas Pequeñas,Bocaditos,0.25,200,150
2024-06-20,Orejas Grandes,Bocaditos,1.0,100,70
2024-06-20,Beso de Moza,Bocaditos,1.0,80,50
2024-06-20,Caramandugas,Bocaditos,0.25,300,250
2024-06-20,Rosquitas,Bocaditos,0.25,300,250
2024-06-21,Pan Chabatta,Panes,0.25,768,720
2024-06-21,Pan Francés,Panes,0.25,648,610
2024-06-21,Pan Yema Largo,Panes,0.25,360,320
2024-06-21,Pan Yema Redondo,Panes,0.25,360,320
2024-06-21,Pan Chapla,Panes,0.25,144,110
2024-06-21,Pan Coliza,Panes,0.25,192,170
2024-06-21,Pan Integral,Panes,0.25,144,110
2024-06-21,Pan Caracol,Panes,0.25,144,110
2024-06-21,Pan Hamburguesa,Panes,0.4,288,240
2024-06-21,Cachito,Panes,0.25,144,110
2024-06-21,Pan Manjar,Panes,0.3,72,68
2024-06-21,Leche,Abarrotes,4.0,5,2
2024-06-21,Jamon,Abarrotes,2.5,6,3
2024-06-21,Café,Abarrotes,2.0,5,2
2024-06-21,Queso,Abarrotes,3.0,4,2
2024-06-21,Alfajores Pequeños,Bocaditos,0.25,200,150
2024-06-21,Alfajores Grandes,Bocaditos,1.0,100,75
2024-06-21,Galletas Pequeñas,Bocaditos,0.25,200,150
2024-06-21,Galletas Grandes,Bocaditos,1.0,300,290
2024-06-21,Cookie,Bocaditos,2.0,100,70
2024-06-21,Orejitas Pequeñas,Bocaditos,0.25,200,150
2024-06-21,Orejas Grandes,Bocaditos,1.0,100,70
2024-06-21,Beso de Moza,Bocaditos,1.0,80,50
2024-06-21,Caramandugas,Bocaditos,0.25,300,250
2024-06-21,Rosquitas,Bocaditos,0.25,300,250
2024-06-22,Pan Chabatta,Panes,0.25,768,724
2024-06-22,Pan Francés,Panes,0.25,648,615
2024-06-22,Pan Yema Largo,Panes,0.25,360,329
2024-06-22,Pan Yema Redondo,Panes,0.25,360,325
2024-06-22,Pan Chapla,Panes,0.25,144,118
2024-06-22,Pan Coliza,Panes,0.25,192,176
2024-06-22,Pan Integral,Panes,0.25,144,112
2024-06-22,Pan Caracol,Panes,0.25,144,115
2024-06-22,Pan Hamburguesa,Panes,0.4,288,249
2024-06-22,Cachito,Panes,0.25,144,115
2024-06-22,Pan Manjar,Panes,0.3,72,68
2024-06-22,Leche,Abarrotes,4.0,5,4
2024-06-22,Jamon,Abarrotes,2.5,6,4
2024-06-22,Café,Abarrotes,2.0,5,3
2024-06-22,Queso,Abarrotes,3.0,4,3
2024-06-22,Alfajores Pequeños,Bocaditos,0.25,200,159
2024-06-22,Alfajores Grandes,Bocaditos,1.0,100,77
2024-06-22,Galletas Pequeñas,Bocaditos,0.25,200,161
2024-06-22,Galletas Grandes,Bocaditos,1.0,300,290
2024-06-22,Cookie,Bocaditos,2.0,100,75
2024-06-22,Orejitas Pequeñas,Bocaditos,0.25,200,154
2024-06-22,Orejas Grandes,Bocaditos,1.0,100,72
2024-06-22,Beso de Moza,Bocaditos,1.0,80,59
2024-06-22,Caramandugas,Bocaditos,0.25,300,257
2024-06-22,Rosquitas,Bocaditos,0.25,300,260
2024-06-23,Pan Chabatta,Panes,0.25,768,723
2024-06-23,Pan Francés,Panes,0.25,648,616
2024-06-23,Pan Yema Largo,Panes,0.25,360,329
2024-06-23,Pan Yema Redondo,Panes,0.25,360,321
2024-06-23,Pan Chapla,Panes,0.25,144,111
2024-06-23,Pan Coliza,Panes,0.25,192,171
2024-06-23,Pan Integral,Panes,0.25,144,119
2024-06-23,Pan Caracol,Panes,0.25,144,120
2024-06-23,Pan Hamburguesa,Panes,0.4,288,240
2024-06-23,Cachito,Panes,0.25,144,114
2024-06-23,Pan Manjar,Panes,0.3,72,68
2024-06-23,Leche,Abarrotes,4.0,5,3
2024-06-23,Jamon,Abarrotes,2.5,6,4
2024-06-23,Café,Abarrotes,2.0,5,4
2024-06-23,Queso,Abarrotes,3.0,4,4
2024-06-23,Alfajores Pequeños,Bocaditos,0.25,200,154
2024-06-23,Alfajores Grandes,Bocaditos,1.0,100,79
2024-06-23,Galletas Pequeñas,Bocaditos,0.25,200,159
2024-06-23,Galletas Grandes,Bocaditos,1.0,300,296
2024-06-23,Cookie,Bocaditos,2.0,100,72
2024-06-23,Orejitas Pequeñas,Bocaditos,0.25,200,159
2024-06-23,Orejas Grandes,Bocaditos,1.0,100,73
2024-06-23,Beso de Moza,Bocaditos,1.0,80,51
2024-06-23,Caramandugas,Bocaditos,0.25,300,250
2024-06-23,Rosquitas,Bocaditos,0.25,300,253
2024-06-24,Pan Chabatta,Panes,0.25,768,720
2024-06-24,Pan Francés,Panes,0.25,648,610
2024-06-24,Pan Yema Largo,Panes,0.25,360,320
2024-06-24,Pan Yema Redondo,Panes,0.25,360,320
2024-06-24,Pan Chapla,Panes,0.25,144,110
2024-06-24,Pan Coliza,Panes,0.25,192,170
2024-06-24,Pan Integral,Panes,0.25,144,110
2024-06-24,Pan Caracol,Panes,0.25,144,110
2024-06-24,Pan Hamburguesa,Panes,0.4,288,240
2024-06-24,Cachito,Panes,0.25,144,110
2024-06-24,Pan Manjar,Panes,0.3,72,68
2024-06-24,Leche,Abarrotes,4.0,5,2
2024-06-24,Jamon,Abarrotes,2.5,6,3
2024-06-24,Café,Abarrotes,2.0,5,2
2024-06-24,Queso,Abarrotes,3.0,4,3
2024-06-24,Alfajores Pequeños,Bocaditos,0.25,200,150
2024-06-24,Alfajores Grandes,Bocaditos,1.0,100,75
2024-06-24,Galletas Pequeñas,Bocaditos,0.25,200,150
2024-06-24,Galletas Grandes,Bocaditos,1.0,300,290
2024-06-24,Cookie,Bocaditos,2.0,100,70
2024-06-24,Orejitas Pequeñas,Bocaditos,0.25,200,150
2024-06-24,Orejas Grandes,Bocaditos,1.0,100,70
2024-06-24,Beso de Moza,Bocaditos,1.0,80,50
2024-06-24,Caramandugas,Bocaditos,0.25,300,250
2024-06-24,Rosquitas,Bocaditos,0.25,300,250
2024-06-25,Pan Chabatta,Panes,0.25,768,720
2024-06-25,Pan Francés,Panes,0.25,648,610
2024-06-25,Pan Yema Largo,Panes,0.25,360,320
2024-06-25,Pan Yema Redondo,Panes,0.25,360,320
2024-06-25,Pan Chapla,Panes,0.25,144,110
2024-06-25,Pan Coliza,Panes,0.25,192,170
2024-06-25,Pan Integral,Panes,0.25,144,110
2024-06-25,Pan Caracol,Panes,0.25,144,110
2024-06-25,Pan Hamburguesa,Panes,0.4,288,240
2024-06-25,Cachito,Panes,0.25,144,110
2024-06-25,Pan Manjar,Panes,0.3,72,68
2024-06-25,Leche,Abarrotes,4.0,5,2
2024-06-25,Jamon,Abarrotes,2.5,6,4
2024-06-25,Café,Abarrotes,2.0,5,3
2024-06-25,Queso,Abarrotes,3.0,4,3
2024-06-25,Alfajores Pequeños,Bocaditos,0.25,200,150
2024-06-25,Alfajores Grandes,Bocaditos,1.0,100,75
2024-06-25,Galletas Pequeñas,Bocaditos,0.25,200,150
2024-06-25,Galletas Grandes,Bocaditos,1.0,300,290
2024-06-25,Cookie,Bocaditos,2.0,100,70
2024-06-25,Orejitas Pequeñas,Bocaditos,0.25,200,150
2024-06-25,Orejas Grandes,Bocaditos,1.0,100,70
2024-06-25,Beso de Moza,Bocaditos,1.0,80,50
2024-06-25,Caramandugas,Bocaditos,0.25,300,250
2024-06-25,Rosquitas,Bocaditos,0.25,300,250
2024-06-26,Pan Chabatta,Panes,0.25,768,720
2024-06-26,Pan Francés,Panes,0.25,648,610
2024-06-26,Pan Yema Largo,Panes,0.25,360,320
2024-06-26,Pan Yema Redondo,Panes,0.25,360,320
2024-06-26,Pan Chapla,Panes,0.25,144,110
2024-06-26,Pan Coliza,Panes,0.25,192,170
2024-06-26,Pan Integral,Panes,0.25,144,110
2024-06-26,Pan Caracol,Panes,0.25,144,110
2024-06-26,Pan Hamburguesa,Panes,0.4,288,240
2024-06-26,Cachito,Panes,0.25,144,110
2024-06-26,Pan Manjar,Panes,0.3,72,68
2024-06-26,Leche,Abarrotes,4.0,5,2
2024-06-26,Jamon,Abarrotes,2.5,6,3
2024-06-26,Café,Abarrotes,2.0,5,3
2024-06-26,Queso,Abarrotes,3.0,4,2
2024-06-26,Alfajores Pequeños,Bocaditos,0.25,200,150
2024-06-26,Alfajores Grandes,Bocaditos,1.0,100,75
2024-06-26,Galletas Pequeñas,Bocaditos,0.25,200,150
2024-06-26,Galletas Grandes,Bocaditos,1.0,300,290
2024-06-26,Cookie,Bocaditos,2.0,100,70
2024-06-26,Orejitas Pequeñas,Bocaditos,0.25,200,150
2024-06-26,Orejas Grandes,Bocaditos,1.0,100,70
2024-06-26,Beso de Moza,Bocaditos,1.0,80,50
2024-06-26,Caramandugas,Bocaditos,0.25,300,250
2024-06-26,Rosquitas,Bocaditos,0.25,300,250
2024-06-27,Pan Chabatta,Panes,0.25,768,720
2024-06-27,Pan Francés,Panes,0.25,648,610
2024-06-27,Pan Yema Largo,Panes,0.25,360,320
2024-06-27,Pan Yema Redondo,Panes,0.25,360,320
2024-06-27,Pan Chapla,Panes,0.25,144,110
2024-06-27,Pan Coliza,Panes,0.25,192,170
2024-06-27,Pan Integral,Panes,0.25,144,110
2024-06-27,Pan Caracol,Panes,0.25,144,110
2024-06-27,Pan Hamburguesa,Panes,0.4,288,240
2024-06-27,Cachito,Panes,0.25,144,110
2024-06-27,Pan Manjar,Panes,0.3,72,68
2024-06-27,Leche,Abarrotes,4.0,5,2
2024-06-27,Jamon,Abarrotes,2.5,6,3
2024-06-27,Café,Abarrotes,2.0,5,2
2024-06-27,Queso,Abarrotes,3.0,4,2
2024-06-27,Alfajores Pequeños,Bocaditos,0.25,200,150
2024-06-27,Alfajores Grandes,Bocaditos,1.0,100,75
2024-06-27,Galletas Pequeñas,Bocaditos,0.25,200,150
2024-06-27,Galletas Grandes,Bocaditos,1.0,300,290
2024-06-27,Cookie,Bocaditos,2.0,100,70
2024-06-27,Orejitas Pequeñas,Bocaditos,0.25,200,150
2024-06-27,Orejas Grandes,Bocaditos,1.0,100,70
2024-06-27,Beso de Moza,Bocaditos,1.0,80,50
2024-06-27,Caramandugas,Bocaditos,0.25,300,250
2024-06-27,Rosquitas,Bocaditos,0.25,300,250
2024-06-28,Pan Chabatta,Panes,0.25,768,720
2024-06-28,Pan Francés,Panes,0.25,648,610
2024-06-28,Pan Yema Largo,Panes,0.25,360,320
2024-06-28,Pan Yema Redondo,Panes,0.25,360,320
2024-06-28,Pan Chapla,Panes,0.25,144,110
2024-06-28,Pan Coliza,Panes,0.25,192,170
2024-06-28,Pan Integral,Panes,0.25,144,110
2024-06-28,Pan Caracol,Panes,0.25,144,110
2024-06-28,Pan Hamburguesa,Panes,0.4,288,240
2024-06-28,Cachito,Panes,0.25,144,110
2024-06-28,Pan Manjar,Panes,0.3,72,68
2024-06-28,Leche,Abarrotes,4.0,5,2
2024-06-28,Jamon,Abarrotes,2.5,6,3
2024-06-28,Café,Abarrotes,2.0,5,2
2024-06-28,Queso,Abarrotes,3.0,4,3
2024-06-28,Alfajores Pequeños,Bocaditos,0.25,200,150
2024-06-28,Alfajores Grandes,Bocaditos,1.0,100,75
2024-06-28,Galletas Pequeñas,Bocaditos,0.25,200,150
2024-06-28,Galletas Grandes,Bocaditos,1.0,300,290
2024-06-28,Cookie,Bocaditos,2.0,100,70
2024-06-28,Orejitas Pequeñas,Bocaditos,0.25,200,150
2024-06-28,Orejas Grandes,Bocaditos,1.0,100,70
2024-06-28,Beso de Moza,Bocaditos,1.0,80,50
2024-06-28,Caramandugas,Bocaditos,0.25,300,250
2024-06-28,Rosquitas,Bocaditos,0.25,300,250
2024-06-29,Pan Chabatta,Panes,0.25,768,734
2024-06-29,Pan Francés,Panes,0.25,648,619
2024-06-29,Pan Yema Largo,Panes,0.25,360,326
2024-06-29,Pan Yema Redondo,Panes,0.25,360,329
2024-06-29,Pan Chapla,Panes,0.25,144,110
2024-06-29,Pan Coliza,Panes,0.25,192,171
2024-06-29,Pan Integral,Panes,0.25,144,110
2024-06-29,Pan Caracol,Panes,0.25,144,118
2024-06-29,Pan Hamburguesa,Panes,0.4,288,246
2024-06-29,Cachito,Panes,0.25,144,111
2024-06-29,Pan Manjar,Panes,0.3,72,70
2024-06-29,Leche,Abarrotes,4.0,5,3
2024-06-29,Jamon,Abarrotes,2.5,6,3
2024-06-29,Café,Abarrotes,2.0,5,2
2024-06-29,Queso,Abarrotes,3.0,4,3
2024-06-29,Alfajores Pequeños,Bocaditos,0.25,200,154
2024-06-29,Alfajores Grandes,Bocaditos,1.0,100,75
2024-06-29,Galletas Pequeñas,Bocaditos,0.25,200,158
2024-06-29,Galletas Grandes,Bocaditos,1.0,300,293
2024-06-29,Cookie,Bocaditos,2.0,100,74
2024-06-29,Orejitas Pequeñas,Bocaditos,0.25,200,157
2024-06-29,Orejas Grandes,Bocaditos,1.0,100,73
2024-06-29,Beso de Moza,Bocaditos,1.0,80,52
2024-06-29,Caramandugas,Bocaditos,0.25,300,253
2024-06-29,Rosquitas,Bocaditos,0.25,300,252
2024-06-30,Pan Chabatta,Panes,0.25,768,730
2024-06-30,Pan Francés,Panes,0.25,648,619
2024-06-30,Pan Yema Largo,Panes,0.25,360,325
2024-06-30,Pan Yema Redondo,Panes,0.25,360,326
2024-06-30,Pan Chapla,Panes,0.25,144,110
2024-06-30,Pan Coliza,Panes,0.25,192,172
2024-06-30,Pan Integral,Panes,0.25,144,110
2024-06-30,Pan Caracol,Panes,0.25,144,110
2024-06-30,Pan Hamburguesa,Panes,0.4,288,246
2024-06-30,Cachito,Panes,0.25,144,120
2024-06-30,Pan Manjar,Panes,0.3,72,71
2024-06-30,Leche,Abarrotes,4.0,5,3
2024-06-30,Jamon,Abarrotes,2.5,6,3
2024-06-30,Café,Abarrotes,2.0,5,3
2024-06-30,Queso,Abarrotes,3.0,4,2
2024-06-30,Alfajores Pequeños,Bocaditos,0.25,200,161
2024-06-30,Alfajores Grandes,Bocaditos,1.0,100,76
2024-06-30,Galletas Pequeñas,Bocaditos,0.25,200,154
2024-06-30,Galletas Grandes,Bocaditos,1.0,300,290
2024-06-30,Cookie,Bocaditos,2.0,100,75
2024-06-30,Orejitas Pequeñas,Bocaditos,0.25,200,150
2024-06-30,Orejas Grandes,Bocaditos,1.0,100,74
2024-06-30,Beso de Moza,Bocaditos,1.0,80,56
2024-06-30,Caramandugas,Bocaditos,0.25,300,254
2024-06-30,Rosquitas,Bocaditos,0.25,300,261
2024-07-01,Pan Chabatta,Panes,0.25,768,720
2024-07-01,Pan Francés,Panes,0.25,648,610
2024-07-01,Pan Yema Largo,Panes,0.25,360,320
2024-07-01,Pan Yema Redondo,Panes,0.25,360,320
2024-07-01,Pan Chapla,Panes,0.25,144,110
2024-07-01,Pan Coliza,Panes,0.25,192,170
2024-07-01,Pan Integral,Panes,0.25,144,110
2024-07-01,Pan Caracol,Panes,0.25,144,110
2024-07-01,Pan Hamburguesa,Panes,0.4,288,240
2024-07-01,Cachito,Panes,0.25,144,110
2024-07-01,Pan Manjar,Panes,0.3,72,68
2024-07-01,Leche,Abarrotes,4.0,5,2
2024-07-01,Jamon,Abarrotes,2.5,6,3
2024-07-01,Café,Abarrotes,2.0,5,2
2024-07-01,Queso,Abarrotes,3.0,4,2
2024-07-01,Alfajores Pequeños,Bocaditos,0.25,200,150
2024-07-01,Alfajores Grandes,Bocaditos,1.0,100,75
2024-07-01,Galletas Pequeñas,Bocaditos,0.25,200,150
2024-07-01,Galletas Grandes,Bocaditos,1.0,300,290
2024-07-01,Cookie,Bocaditos,2.0,100,70
2024-07-01,Orejitas Pequeñas,Bocaditos,0.25,200,150
2024-07-01,Orejas Grandes,Bocaditos,1.0,100,70
2024-07-01,Beso de Moza,Bocaditos,1.0,80,50
2024-07-01,Caramandugas,Bocaditos,0.25,300,250
2024-07-01,Rosquitas,Bocaditos,0.25,300,250
2024-07-02,Pan Chabatta,Panes,0.25,768,720
2024-07-02,Pan Francés,Panes,0.25,648,610
2024-07-02,Pan Yema Largo,Panes,0.25,360,320
2024-07-02,Pan Yema Redondo,Panes,0.25,360,320
2024-07-02,Pan Chapla,Panes,0.25,144,110
2024-07-02,Pan Coliza,Panes,0.25,192,170
2024-07-02,Pan Integral,Panes,0.25,144,110
2024-07-02,Pan Caracol,Panes,0.25,144,110
2024-07-02,Pan Hamburguesa,Panes,0.4,288,240
2024-07-02,Cachito,Panes,0.25,144,110
2024-07-02,Pan Manjar,Panes,0.3,72,68
2024-07-02,Leche,Abarrotes,4.0,5,2
2024-07-02,Jamon,Abarrotes,2.5,6,4
2024-07-02,Café,Abarrotes,2.0,5,3
2024-07-02,Queso,Abarrotes,3.0,4,2
2024-07-02,Alfajores Pequeños,Bocaditos,0.25,200,150
2024-07-02,Alfajores Grandes,Bocaditos,1.0,100,75
2024-07-02,Galletas Pequeñas,Bocaditos,0.25,200,150
2024-07-02,Galletas Grandes,Bocaditos,1.0,300,290
2024-07-02,Cookie,Bocaditos,2.0,100,70
2024-07-02,Orejitas Pequeñas,Bocaditos,0.25,200,150
2024-07-02,Orejas Grandes,Bocaditos,1.0,100,70
2024-07-02,Beso de Moza,Bocaditos,1.0,80,50
2024-07-02,Caramandugas,Bocaditos,0.25,300,250
2024-07-02,Rosquitas,Bocaditos,0.25,300,250
2024-07-03,Pan Chabatta,Panes,0.25,768,720
2024-07-03,Pan Francés,Panes,0.25,648,610
2024-07-03,Pan Yema Largo,Panes,0.25,360,320
2024-07-03,Pan Yema Redondo,Panes,0.25,360,320
2024-07-03,Pan Chapla,Panes,0.25,144,110
2024-07-03,Pan Coliza,Panes,0.25,192,170
2024-07-03,Pan Integral,Panes,0.25,144,110
2024-07-03,Pan Caracol,Panes,0.25,144,110
2024-07-03,Pan Hamburguesa,Panes,0.4,288,240
2024-07-03,Cachito,Panes,0.25,144,110
2024-07-03,Pan Manjar,Panes,0.3,72,68
2024-07-03,Leche,Abarrotes,4.0,5,2
2024-07-03,Jamon,Abarrotes,2.5,6,3
2024-07-03,Café,Abarrotes,2.0,5,2
2024-07-03,Queso,Abarrotes,3.0,4,2
2024-07-03,Alfajores Pequeños,Bocaditos,0.25,200,150
2024-07-03,Alfajores Grandes,Bocaditos,1.0,100,75
2024-07-03,Galletas Pequeñas,Bocaditos,0.25,200,150
2024-07-03,Galletas Grandes,Bocaditos,1.0,300,290
2024-07-03,Cookie,Bocaditos,2.0,100,70
2024-07-03,Orejitas Pequeñas,Bocaditos,0.25,200,150
2024-07-03,Orejas Grandes,Bocaditos,1.0,100,70
2024-07-03,Beso de Moza,Bocaditos,1.0,80,50
2024-07-03,Caramandugas,Bocaditos,0.25,300,250
2024-07-03,Rosquitas,Bocaditos,0.25,300,250
2024-07-04,Pan Chabatta,Panes,0.25,768,720
2024-07-04,Pan Francés,Panes,0.25,648,610
2024-07-04,Pan Yema Largo,Panes,0.25,360,320
2024-07-04,Pan Yema Redondo,Panes,0.25,360,320
2024-07-04,Pan Chapla,Panes,0.25,144,110
2024-07-04,Pan Coliza,Panes,0.25,192,170
2024-07-04,Pan Integral,Panes,0.25,144,110
2024-07-04,Pan Caracol,Panes,0.25,144,110
2024-07-04,Pan Hamburguesa,Panes,0.4,288,240
2024-07-04,Cachito,Panes,0.25,144,110
2024-07-04,Pan Manjar,Panes,0.3,72,68
2024-07-04,Leche,Abarrotes,4.0,5,2
2024-07-04,Jamon,Abarrotes,2.5,6,5
2024-07-04,Café,Abarrotes,2.0,5,3
2024-07-04,Queso,Abarrotes,3.0,4,2
2024-07-04,Alfajores Pequeños,Bocaditos,0.25,200,150
2024-07-04,Alfajores Grandes,Bocaditos,1.0,100,75
2024-07-04,Galletas Pequeñas,Bocaditos,0.25,200,150
2024-07-04,Galletas Grandes,Bocaditos,1.0,300,290
2024-07-04,Cookie,Bocaditos,2.0,100,70
2024-07-04,Orejitas Pequeñas,Bocaditos,0.25,200,150
2024-07-04,Orejas Grandes,Bocaditos,1.0,100,70
2024-07-04,Beso de Moza,Bocaditos,1.0,80,50
2024-07-04,Caramandugas,Bocaditos,0.25,300,250
2024-07-04,Rosquitas,Bocaditos,0.25,300,250
2024-07-05,Pan Chabatta,Panes,0.25,768,720
2024-07-05,Pan Francés,Panes,0.25,648,610
2024-07-05,Pan Yema Largo,Panes,0.25,360,320
2024-07-05,Pan Yema Redondo,Panes,0.25,360,320
2024-07-05,Pan Chapla,Panes,0.25,144,110
2024-07-05,Pan Coliza,Panes,0.25,192,170
2024-07-05,Pan Integral,Panes,0.25,144,110
2024-07-05,Pan Caracol,Panes,0.25,144,110
2024-07-05,Pan Hamburguesa,Panes,0.4,288,240
2024-07-05,Cachito,Panes,0.25,144,110
2024-07-05,Pan Manjar,Panes,0.3,72,68
2024-07-05,Leche,Abarrotes,4.0,5,3
2024-07-05,Jamon,Abarrotes,2.5,6,4
2024-07-05,Café,Abarrotes,2.0,5,3
2024-07-05,Queso,Abarrotes,3.0,4,2
2024-07-05,Alfajores Pequeños,Bocaditos,0.25,200,150
2024-07-05,Alfajores Grandes,Bocaditos,1.0,100,75
2024-07-05,Galletas Pequeñas,Bocaditos,0.25,200,150
2024-07-05,Galletas Grandes,Bocaditos,1.0,300,290
2024-07-05,Cookie,Bocaditos,2.0,100,70
2024-07-05,Orejitas Pequeñas,Bocaditos,0.25,200,150
2024-07-05,Orejas Grandes,Bocaditos,1.0,100,70
2024-07-05,Beso de Moza,Bocaditos,1.0,80,53
2024-07-05,Caramandugas,Bocaditos,0.25,300,250
2024-07-05,Rosquitas,Bocaditos,0.25,300,250
2024-07-06,Pan Chabatta,Panes,0.25,768,731
2024-07-06,Pan Francés,Panes,0.25,648,617
2024-07-06,Pan Yema Largo,Panes,0.25,360,329
2024-07-06,Pan Yema Redondo,Panes,0.25,360,321
2024-07-06,Pan Chapla,Panes,0.25,144,116
2024-07-06,Pan Coliza,Panes,0.25,192,172
2024-07-06,Pan Integral,Panes,0.25,144,115
2024-07-06,Pan Caracol,Panes,0.25,144,113
2024-07-06,Pan Hamburguesa,Panes,0.4,288,245
2024-07-06,Cachito,Panes,0.25,144,112
2024-07-06,Pan Manjar,Panes,0.3,72,68
2024-07-06,Leche,Abarrotes,4.0,5,3
2024-07-06,Jamon,Abarrotes,2.5,6,4
2024-07-06,Café,Abarrotes,2.0,5,4
2024-07-06,Queso,Abarrotes,3.0,4,4
2024-07-06,Alfajores Pequeños,Bocaditos,0.25,200,157
2024-07-06,Alfajores Grandes,Bocaditos,1.0,100,78
2024-07-06,Galletas Pequeñas,Bocaditos,0.25,200,160
2024-07-06,Galletas Grandes,Bocaditos,1.0,300,296
2024-07-06,Cookie,Bocaditos,2.0,100,73
2024-07-06,Orejitas Pequeñas,Bocaditos,0.25,200,152
2024-07-06,Orejas Grandes,Bocaditos,1.0,100,70
2024-07-06,Beso de Moza,Bocaditos,1.0,80,60
2024-07-06,Caramandugas,Bocaditos,0.25,300,261
2024-07-06,Rosquitas,Bocaditos,0.25,300,251
2024-07-07,Pan Chabatta,Panes,0.25,768,736
2024-07-07,Pan Francés,Panes,0.25,648,616
2024-07-07,Pan Yema Largo,Panes,0.25,360,329
2024-07-07,Pan Yema Redondo,Panes,0.25,360,329
2024-07-07,Pan Chapla,Panes,0.25,144,115
2024-07-07,Pan Coliza,Panes,0.25,192,170
2024-07-07,Pan Integral,Panes,0.25,144,117
2024-07-07,Pan Caracol,Panes,0.25,144,113
2024-07-07,Pan Hamburguesa,Panes,0.4,288,242
2024-07-07,Cachito,Panes,0.25,144,118
2024-07-07,Pan Manjar,Panes,0.3,72,69
2024-07-07,Leche,Abarrotes,4.0,5,3
2024-07-07,Jamon,Abarrotes,2.5,6,5
2024-07-07,Café,Abarrotes,2.0,5,4
2024-07-07,Queso,Abarrotes,3.0,4,3
2024-07-07,Alfajores Pequeños,Bocaditos,0.25,200,150
2024-07-07,Alfajores Grandes,Bocaditos,1.0,100,77
2024-07-07,Galletas Pequeñas,Bocaditos,0.25,200,151
2024-07-07,Galletas Grandes,Bocaditos,1.0,300,292
2024-07-07,Cookie,Bocaditos,2.0,100,74
2024-07-07,Orejitas Pequeñas,Bocaditos,0.25,200,160
2024-07-07,Orejas Grandes,Bocaditos,1.0,100,72
2024-07-07,Beso de Moza,Bocaditos,1.0,80,58
2024-07-07,Caramandugas,Bocaditos,0.25,300,257
2024-07-07,Rosquitas,Bocaditos,0.25,300,258
2024-07-08,Pan Chabatta,Panes,0.25,768,720
2024-07-08,Pan Francés,Panes,0.25,648,610
2024-07-08,Pan Yema Largo,Panes,0.25,360,320
2024-07-08,Pan Yema Redondo,Panes,0.25,360,320
2024-07-08,Pan Chapla,Panes,0.25,144,110
2024-07-08,Pan Coliza,Panes,0.25,192,170
2024-07-08,Pan Integral,Panes,0.25,144,110
2024-07-08,Pan Caracol,Panes,0.25,144,110
2024-07-08,Pan Hamburguesa,Panes,0.4,288,240
2024-07-08,Cachito,Panes,0.25,144,110
2024-07-08,Pan Manjar,Panes,0.3,72,68
2024-07-08,Leche,Abarrotes,4.0,5,2
2024-07-08,Jamon,Abarrotes,2.5,6,3
2024-07-08,Café,Abarrotes,2.0,5,2
2024-07-08,Queso,Abarrotes,3.0,4,2
2024-07-08,Alfajores Pequeños,Bocaditos,0.25,200,150
2024-07-08,Alfajores Grandes,Bocaditos,1.0,100,75
2024-07-08,Galletas Pequeñas,Bocaditos,0.25,200,150
2024-07-08,Galletas Grandes,Bocaditos,1.0,300,290
2024-07-08,Cookie,Bocaditos,2.0,100,70
2024-07-08,Orejitas Pequeñas,Bocaditos,0.25,200,150
2024-07-08,Orejas Grandes,Bocaditos,1.0,100,70
2024-07-08,Beso de Moza,Bocaditos,1.0,80,50
2024-07-08,Caramandugas,Bocaditos,0.25,300,250
2024-07-08,Rosquitas,Bocaditos,0.25,300,250
2024-07-09,Pan Chabatta,Panes,0.25,768,720
2024-07-09,Pan Francés,Panes,0.25,648,610
2024-07-09,Pan Yema Largo,Panes,0.25,360,320
2024-07-09,Pan Yema Redondo,Panes,0.25,360,320
2024-07-09,Pan Chapla,Panes,0.25,144,110
2024-07-09,Pan Coliza,Panes,0.25,192,170
2024-07-09,Pan Integral,Panes,0.25,144,110
2024-07-09,Pan Caracol,Panes,0.25,144,110
2024-07-09,Pan Hamburguesa,Panes,0.4,288,240
2024-07-09,Cachito,Panes,0.25,144,110
2024-07-09,Pan Manjar,Panes,0.3,72,68
2024-07-09,Leche,Abarrotes,4.0,5,2
2024-07-09,Jamon,Abarrotes,2.5,6,3
2024-07-09,Café,Abarrotes,2.0,5,2
2024-07-09,Queso,Abarrotes,3.0,4,2
2024-07-09,Alfajores Pequeños,Bocaditos,0.25,200,150
2024-07-09,Alfajores Grandes,Bocaditos,1.0,100,75
2024-07-09,Galletas Pequeñas,Bocaditos,0.25,200,150
2024-07-09,Galletas Grandes,Bocaditos,1.0,300,290
2024-07-09,Cookie,Bocaditos,2.0,100,70
2024-07-09,Orejitas Pequeñas,Bocaditos,0.25,200,150
2024-07-09,Orejas Grandes,Bocaditos,1.0,100,70
2024-07-09,Beso de Moza,Bocaditos,1.0,80,50
2024-07-09,Caramandugas,Bocaditos,0.25,300,250
2024-07-09,Rosquitas,Bocaditos,0.25,300,250
2024-07-10,Pan Chabatta,Panes,0.25,768,720
2024-07-10,Pan Francés,Panes,0.25,648,610
2024-07-10,Pan Yema Largo,Panes,0.25,360,320
2024-07-10,Pan Yema Redondo,Panes,0.25,360,320
2024-07-10,Pan Chapla,Panes,0.25,144,110
2024-07-10,Pan Coliza,Panes,0.25,192,170
2024-07-10,Pan Integral,Panes,0.25,144,110
2024-07-10,Pan Caracol,Panes,0.25,144,110
2024-07-10,Pan Hamburguesa,Panes,0.4,288,240
2024-07-10,Cachito,Panes,0.25,144,110
2024-07-10,Pan Manjar,Panes,0.3,72,68
2024-07-10,Leche,Abarrotes,4.0,5,3
2024-07-10,Jamon,Abarrotes,2.5,6,4
2024-07-10,Café,Abarrotes,2.0,5,3
2024-07-10,Queso,Abarrotes,3.0,4,2
2024-07-10,Alfajores Pequeños,Bocaditos,0.25,200,150
2024-07-10,Alfajores Grandes,Bocaditos,1.0,100,75
2024-07-10,Galletas Pequeñas,Bocaditos,0.25,200,150
2024-07-10,Galletas Grandes,Bocaditos,1.0,300,290
2024-07-10,Cookie,Bocaditos,2.0,100,70
2024-07-10,Orejitas Pequeñas,Bocaditos,0.25,200,150
2024-07-10,Orejas Grandes,Bocaditos,1.0,100,70
2024-07-10,Beso de Moza,Bocaditos,1.0,80,50
2024-07-10,Caramandugas,Bocaditos,0.25,300,250
2024-07-10,Rosquitas,Bocaditos,0.25,300,250
2024-07-11,Pan Chabatta,Panes,0.25,768,720
2024-07-11,Pan Francés,Panes,0.25,648,610
2024-07-11,Pan Yema Largo,Panes,0.25,360,320
2024-07-11,Pan Yema Redondo,Panes,0.25,360,320
2024-07-11,Pan Chapla,Panes,0.25,144,110
2024-07-11,Pan Coliza,Panes,0.25,192,170
2024-07-11,Pan Integral,Panes,0.25,144,110
2024-07-11,Pan Caracol,Panes,0.25,144,110
2024-07-11,Pan Hamburguesa,Panes,0.4,288,240
2024-07-11,Cachito,Panes,0.25,144,110
2024-07-11,Pan Manjar,Panes,0.3,72,68
2024-07-11,Leche,Abarrotes,4.0,5,2
2024-07-11,Jamon,Abarrotes,2.5,6,3
2024-07-11,Café,Abarrotes,2.0,5,2
2024-07-11,Queso,Abarrotes,3.0,4,2
2024-07-11,Alfajores Pequeños,Bocaditos,0.25,200,150
2024-07-11,Alfajores Grandes,Bocaditos,1.0,100,75
2024-07-11,Galletas Pequeñas,Bocaditos,0.25,200,150
2024-07-11,Galletas Grandes,Bocaditos,1.0,300,290
2024-07-11,Cookie,Bocaditos,2.0,100,70
2024-07-11,Orejitas Pequeñas,Bocaditos,0.25,200,150
2024-07-11,Orejas Grandes,Bocaditos,1.0,100,70
2024-07-11,Beso de Moza,Bocaditos,1.0,80,50
2024-07-11,Caramandugas,Bocaditos,0.25,300,250
2024-07-11,Rosquitas,Bocaditos,0.25,300,250
2024-07-12,Pan Chabatta,Panes,0.25,768,720
2024-07-12,Pan Francés,Panes,0.25,648,610
2024-07-12,Pan Yema Largo,Panes,0.25,360,320
2024-07-12,Pan Yema Redondo,Panes,0.25,360,320
2024-07-12,Pan Chapla,Panes,0.25,144,110
2024-07-12,Pan Coliza,Panes,0.25,192,170
2024-07-12,Pan Integral,Panes,0.25,144,110
2024-07-12,Pan Caracol,Panes,0.25,144,110
2024-07-12,Pan Hamburguesa,Panes,0.4,288,240
2024-07-12,Cachito,Panes,0.25,144,110
2024-07-12,Pan Manjar,Panes,0.3,72,68
2024-07-12,Leche,Abarrotes,4.0,5,4
2024-07-12,Jamon,Abarrotes,2.5,6,3
2024-07-12,Café,Abarrotes,2.0,5,4
2024-07-12,Queso,Abarrotes,3.0,4,3
2024-07-12,Alfajores Pequeños,Bocaditos,0.25,200,150
2024-07-12,Alfajores Grandes,Bocaditos,1.0,100,75
2024-07-12,Galletas Pequeñas,Bocaditos,0.25,200,150
2024-07-12,Galletas Grandes,Bocaditos,1.0,300,290
2024-07-12,Cookie,Bocaditos,2.0,100,70
2024-07-12,Orejitas Pequeñas,Bocaditos,0.25,200,150
2024-07-12,Orejas Grandes,Bocaditos,1.0,100,70
2024-07-12,Beso de Moza,Bocaditos,1.0,80,50
2024-07-12,Caramandugas,Bocaditos,0.25,300,250
2024-07-12,Rosquitas,Bocaditos,0.25,300,250
2024-07-13,Pan Chabatta,Panes,0.25,768,725
2024-07-13,Pan Francés,Panes,0.25,648,614
2024-07-13,Pan Yema Largo,Panes,0.25,360,329
2024-07-13,Pan Yema Redondo,Panes,0.25,360,330
2024-07-13,Pan Chapla,Panes,0.25,144,117
2024-07-13,Pan Coliza,Panes,0.25,192,174
2024-07-13,Pan Integral,Panes,0.25,144,111
2024-07-13,Pan Caracol,Panes,0.25,144,117
2024-07-13,Pan Hamburguesa,Panes,0.4,288,247
2024-07-13,Cachito,Panes,0.25,144,111
2024-07-13,Pan Manjar,Panes,0.3,72,71
2024-07-13,Leche,Abarrotes,4.0,5,4
2024-07-13,Jamon,Abarrotes,2.5,6,5
2024-07-13,Café,Abarrotes,2.0,5,2
2024-07-13,Queso,Abarrotes,3.0,4,2
2024-07-13,Alfajores Pequeños,Bocaditos,0.25,200,154
2024-07-13,Alfajores Grandes,Bocaditos,1.0,100,77
2024-07-13,Galletas Pequeñas,Bocaditos,0.25,200,161
2024-07-13,Galletas Grandes,Bocaditos,1.0,300,290
2024-07-13,Cookie,Bocaditos,2.0,100,70
2024-07-13,Orejitas Pequeñas,Bocaditos,0.25,200,156
2024-07-13,Orejas Grandes,Bocaditos,1.0,100,72
2024-07-13,Beso de Moza,Bocaditos,1.0,80,53
2024-07-13,Caramandugas,Bocaditos,0.25,300,253
2024-07-13,Rosquitas,Bocaditos,0.25,300,255
2024-07-14,Pan Chabatta,Panes,0.25,768,735
2024-07-14,Pan Francés,Panes,0.25,648,612
2024-07-14,Pan Yema Largo,Panes,0.25,360,324
2024-07-14,Pan Yema Redondo,Panes,0.25,360,328
2024-07-14,Pan Chapla,Panes,0.25,144,121
2024-07-14,Pan Coliza,Panes,0.25,192,172
2024-07-14,Pan Integral,Panes,0.25,144,114
2024-07-14,Pan Caracol,Panes,0.25,144,112
2024-07-14,Pan Hamburguesa,Panes,0.4,288,243
2024-07-14,Cachito,Panes,0.25,144,111
2024-07-14,Pan Manjar,Panes,0.3,72,71
2024-07-14,Leche,Abarrotes,4.0,5,2
2024-07-14,Jamon,Abarrotes,2.5,6,3
2024-07-14,Café,Abarrotes,2.0,5,4
2024-07-14,Queso,Abarrotes,3.0,4,2
2024-07-14,Alfajores Pequeños,Bocaditos,0.25,200,150
2024-07-14,Alfajores Grandes,Bocaditos,1.0,100,79
2024-07-14,Galletas Pequeñas,Bocaditos,0.25,200,158
2024-07-14,Galletas Grandes,Bocaditos,1.0,300,294
2024-07-14,Cookie,Bocaditos,2.0,100,71
2024-07-14,Orejitas Pequeñas,Bocaditos,0.25,200,154
2024-07-14,Orejas Grandes,Bocaditos,1.0,100,71
2024-07-14,Beso de Moza,Bocaditos,1.0,80,59
2024-07-14,Caramandugas,Bocaditos,0.25,300,259
2024-07-14,Rosquitas,Bocaditos,0.25,300,250
2024-07-15,Pan Chabatta,Panes,0.25,768,720
2024-07-15,Pan Francés,Panes,0.25,648,610
2024-07-15,Pan Yema Largo,Panes,0.25,360,320
2024-07-15,Pan Yema Redondo,Panes,0.25,360,320
2024-07-15,Pan Chapla,Panes,0.25,144,110
2024-07-15,Pan Coliza,Panes,0.25,192,170
2024-07-15,Pan Integral,Panes,0.25,144,110
2024-07-15,Pan Caracol,Panes,0.25,144,110
2024-07-15,Pan Hamburguesa,Panes,0.4,288,240
2024-07-15,Cachito,Panes,0.25,144,110
2024-07-15,Pan Manjar,Panes,0.3,72,68
2024-07-15,Leche,Abarrotes,4.0,5,2
2024-07-15,Jamon,Abarrotes,2.5,6,3
2024-07-15,Café,Abarrotes,2.0,5,2
2024-07-15,Queso,Abarrotes,3.0,4,2
2024-07-15,Alfajores Pequeños,Bocaditos,0.25,200,150
2024-07-15,Alfajores Grandes,Bocaditos,1.0,100,75
2024-07-15,Galletas Pequeñas,Bocaditos,0.25,200,150
2024-07-15,Galletas Grandes,Bocaditos,1.0,300,290
2024-07-15,Cookie,Bocaditos,2.0,100,70
2024-07-15,Orejitas Pequeñas,Bocaditos,0.25,200,150
2024-07-15,Orejas Grandes,Bocaditos,1.0,100,70
2024-07-15,Beso de Moza,Bocaditos,1.0,80,50
2024-07-15,Caramandugas,Bocaditos,0.25,300,250
2024-07-15,Rosquitas,Bocaditos,0.25,300,250
2024-07-16,Pan Chabatta,Panes,0.25,768,720
2024-07-16,Pan Francés,Panes,0.25,648,610
2024-07-16,Pan Yema Largo,Panes,0.25,360,320
2024-07-16,Pan Yema Redondo,Panes,0.25,360,320
2024-07-16,Pan Chapla,Panes,0.25,144,110
2024-07-16,Pan Coliza,Panes,0.25,192,170
2024-07-16,Pan Integral,Panes,0.25,144,110
2024-07-16,Pan Caracol,Panes,0.25,144,110
2024-07-16,Pan Hamburguesa,Panes,0.4,288,240
2024-07-16,Cachito,Panes,0.25,144,110
2024-07-16,Pan Manjar,Panes,0.3,72,68
2024-07-16,Leche,Abarrotes,4.0,5,2
2024-07-16,Jamon,Abarrotes,2.5,6,3
2024-07-16,Café,Abarrotes,2.0,5,2
2024-07-16,Queso,Abarrotes,3.0,4,2
2024-07-16,Alfajores Pequeños,Bocaditos,0.25,200,150
2024-07-16,Alfajores Grandes,Bocaditos,1.0,100,75
2024-07-16,Galletas Pequeñas,Bocaditos,0.25,200,150
2024-07-16,Galletas Grandes,Bocaditos,1.0,300,290
2024-07-16,Cookie,Bocaditos,2.0,100,70
2024-07-16,Orejitas Pequeñas,Bocaditos,0.25,200,150
2024-07-16,Orejas Grandes,Bocaditos,1.0,100,70
2024-07-16,Beso de Moza,Bocaditos,1.0,80,50
2024-07-16,Caramandugas,Bocaditos,0.25,300,250
2024-07-16,Rosquitas,Bocaditos,0.25,300,250
2024-07-17,Pan Chabatta,Panes,0.25,768,720
2024-07-17,Pan Francés,Panes,0.25,648,610
2024-07-17,Pan Yema Largo,Panes,0.25,360,320
2024-07-17,Pan Yema Redondo,Panes,0.25,360,320
2024-07-17,Pan Chapla,Panes,0.25,144,110
2024-07-17,Pan Coliza,Panes,0.25,192,170
2024-07-17,Pan Integral,Panes,0.25,144,110
2024-07-17,Pan Caracol,Panes,0.25,144,110
2024-07-17,Pan Hamburguesa,Panes,0.4,288,240
2024-07-17,Cachito,Panes,0.25,144,110
2024-07-17,Pan Manjar,Panes,0.3,72,68
2024-07-17,Leche,Abarrotes,4.0,5,2
2024-07-17,Jamon,Abarrotes,2.5,6,3
2024-07-17,Café,Abarrotes,2.0,5,2
2024-07-17,Queso,Abarrotes,3.0,4,2
2024-07-17,Alfajores Pequeños,Bocaditos,0.25,200,150
2024-07-17,Alfajores Grandes,Bocaditos,1.0,100,75
2024-07-17,Galletas Pequeñas,Bocaditos,0.25,200,150
2024-07-17,Galletas Grandes,Bocaditos,1.0,300,290
2024-07-17,Cookie,Bocaditos,2.0,100,70
2024-07-17,Orejitas Pequeñas,Bocaditos,0.25,200,150
2024-07-17,Orejas Grandes,Bocaditos,1.0,100,70
2024-07-17,Beso de Moza,Bocaditos,1.0,80,50
2024-07-17,Caramandugas,Bocaditos,0.25,300,250
2024-07-17,Rosquitas,Bocaditos,0.25,300,250
2024-07-18,Pan Chabatta,Panes,0.25,768,720
2024-07-18,Pan Francés,Panes,0.25,648,610
2024-07-18,Pan Yema Largo,Panes,0.25,360,320
2024-07-18,Pan Yema Redondo,Panes,0.25,360,320
2024-07-18,Pan Chapla,Panes,0.25,144,110
2024-07-18,Pan Coliza,Panes,0.25,192,170
2024-07-18,Pan Integral,Panes,0.25,144,110
2024-07-18,Pan Caracol,Panes,0.25,144,110
2024-07-18,Pan Hamburguesa,Panes,0.4,288,240
2024-07-18,Cachito,Panes,0.25,144,110
2024-07-18,Pan Manjar,Panes,0.3,72,68
2024-07-18,Leche,Abarrotes,4.0,5,3
2024-07-18,Jamon,Abarrotes,2.5,6,3
2024-07-18,Café,Abarrotes,2.0,5,2
2024-07-18,Queso,Abarrotes,3.0,4,2
2024-07-18,Alfajores Pequeños,Bocaditos,0.25,200,150
2024-07-18,Alfajores Grandes,Bocaditos,1.0,100,75
2024-07-18,Galletas Pequeñas,Bocaditos,0.25,200,150
2024-07-18,Galletas Grandes,Bocaditos,1.0,300,290
2024-07-18,Cookie,Bocaditos,2.0,100,70
2024-07-18,Orejitas Pequeñas,Bocaditos,0.25,200,150
2024-07-18,Orejas Grandes,Bocaditos,1.0,100,70
2024-07-18,Beso de Moza,Bocaditos,1.0,80,50
2024-07-18,Caramandugas,Bocaditos,0.25,300,250
2024-07-18,Rosquitas,Bocaditos,0.25,300,250
2024-07-19,Pan Chabatta,Panes,0.25,768,720
2024-07-19,Pan Francés,Panes,0.25,648,610
2024-07-19,Pan Yema Largo,Panes,0.25,360,320
2024-07-19,Pan Yema Redondo,Panes,0.25,360,320
2024-07-19,Pan Chapla,Panes,0.25,144,110
2024-07-19,Pan Coliza,Panes,0.25,192,170
2024-07-19,Pan Integral,Panes,0.25,144,110
2024-07-19,Pan Caracol,Panes,0.25,144,110
2024-07-19,Pan Hamburguesa,Panes,0.4,288,240
2024-07-19,Cachito,Panes,0.25,144,110
2024-07-19,Pan Manjar,Panes,0.3,72,68
2024-07-19,Leche,Abarrotes,4.0,5,2
2024-07-19,Jamon,Abarrotes,2.5,6,3
2024-07-19,Café,Abarrotes,2.0,5,3
2024-07-19,Queso,Abarrotes,3.0,4,2
2024-07-19,Alfajores Pequeños,Bocaditos,0.25,200,150
2024-07-19,Alfajores Grandes,Bocaditos,1.0,100,75
2024-07-19,Galletas Pequeñas,Bocaditos,0.25,200,150
2024-07-19,Galletas Grandes,Bocaditos,1.0,300,290
2024-07-19,Cookie,Bocaditos,2.0,100,70
2024-07-19,Orejitas Pequeñas,Bocaditos,0.25,200,150
2024-07-19,Orejas Grandes,Bocaditos,1.0,100,70
2024-07-19,Beso de Moza,Bocaditos,1.0,80,54
2024-07-19,Caramandugas,Bocaditos,0.25,300,250
2024-07-19,Rosquitas,Bocaditos,0.25,300,250
2024-07-20,Pan Chabatta,Panes,0.25,768,720
2024-07-20,Pan Francés,Panes,0.25,648,612
2024-07-20,Pan Yema Largo,Panes,0.25,360,324
2024-07-20,Pan Yema Redondo,Panes,0.25,360,324
2024-07-20,Pan Chapla,Panes,0.25,144,119
2024-07-20,Pan Coliza,Panes,0.25,192,171
2024-07-20,Pan Integral,Panes,0.25,144,114
2024-07-20,Pan Caracol,Panes,0.25,144,119
2024-07-20,Pan Hamburguesa,Panes,0.4,288,242
2024-07-20,Cachito,Panes,0.25,144,118
2024-07-20,Pan Manjar,Panes,0.3,72,69
2024-07-20,Leche,Abarrotes,4.0,5,4
2024-07-20,Jamon,Abarrotes,2.5,6,3
2024-07-20,Café,Abarrotes,2.0,5,2
2024-07-20,Queso,Abarrotes,3.0,4,3
2024-07-20,Alfajores Pequeños,Bocaditos,0.25,200,157
2024-07-20,Alfajores Grandes,Bocaditos,1.0,100,77
2024-07-20,Galletas Pequeñas,Bocaditos,0.25,200,153
2024-07-20,Galletas Grandes,Bocaditos,1.0,300,294
2024-07-20,Cookie,Bocaditos,2.0,100,73
2024-07-20,Orejitas Pequeñas,Bocaditos,0.25,200,153
2024-07-20,Orejas Grandes,Bocaditos,1.0,100,73
2024-07-20,Beso de Moza,Bocaditos,1.0,80,58
2024-07-20,Caramandugas,Bocaditos,0.25,300,260
2024-07-20,Rosquitas,Bocaditos,0.25,300,250
2024-07-21,Pan Chabatta,Panes,0.25,768,720
2024-07-21,Pan Francés,Panes,0.25,648,619
2024-07-21,Pan Yema Largo,Panes,0.25,360,327
2024-07-21,Pan Yema Redondo,Panes,0.25,360,320
2024-07-21,Pan Chapla,Panes,0.25,144,119
2024-07-21,Pan Coliza,Panes,0.25,192,173
2024-07-21,Pan Integral,Panes,0.25,144,113
2024-07-21,Pan Caracol,Panes,0.25,144,116
2024-07-21,Pan Hamburguesa,Panes,0.4,288,245
2024-07-21,Cachito,Panes,0.25,144,112
2024-07-21,Pan Manjar,Panes,0.3,72,70
2024-07-21,Leche,Abarrotes,4.0,5,2
2024-07-21,Jamon,Abarrotes,2.5,6,3
2024-07-21,Café,Abarrotes,2.0,5,4
2024-07-21,Queso,Abarrotes,3.0,4,4
2024-07-21,Alfajores Pequeños,Bocaditos,0.25,200,153
2024-07-21,Alfajores Grandes,Bocaditos,1.0,100,75
2024-07-21,Galletas Pequeñas,Bocaditos,0.25,200,158
2024-07-21,Galletas Grandes,Bocaditos,1.0,300,296
2024-07-21,Cookie,Bocaditos,2.0,100,73
2024-07-21,Orejitas Pequeñas,Bocaditos,0.25,200,153
2024-07-21,Orejas Grandes,Bocaditos,1.0,100,75
2024-07-21,Beso de Moza,Bocaditos,1.0,80,55
2024-07-21,Caramandugas,Bocaditos,0.25,300,252
2024-07-21,Rosquitas,Bocaditos,0.25,300,250
2024-07-22,Pan Chabatta,Panes,0.25,768,720
2024-07-22,Pan Francés,Panes,0.25,648,610
2024-07-22,Pan Yema Largo,Panes,0.25,360,320
2024-07-22,Pan Yema Redondo,Panes,0.25,360,320
2024-07-22,Pan Chapla,Panes,0.25,144,110
2024-07-22,Pan Coliza,Panes,0.25,192,170
2024-07-22,Pan Integral,Panes,0.25,144,110
2024-07-22,Pan Caracol,Panes,0.25,144,110
2024-07-22,Pan Hamburguesa,Panes,0.4,288,240
2024-07-22,Cachito,Panes,0.25,144,110
2024-07-22,Pan Manjar,Panes,0.3,72,68
2024-07-22,Leche,Abarrotes,4.0,5,2
2024-07-22,Jamon,Abarrotes,2.5,6,3
2024-07-22,Café,Abarrotes,2.0,5,2
2024-07-22,Queso,Abarrotes,3.0,4,2
2024-07-22,Alfajores Pequeños,Bocaditos,0.25,200,150
2024-07-22,Alfajores Grandes,Bocaditos,1.0,100,75
2024-07-22,Galletas Pequeñas,Bocaditos,0.25,200,150
2024-07-22,Galletas Grandes,Bocaditos,1.0,300,290
2024-07-22,Cookie,Bocaditos,2.0,100,70
2024-07-22,Orejitas Pequeñas,Bocaditos,0.25,200,150
2024-07-22,Orejas Grandes,Bocaditos,1.0,100,70
2024-07-22,Beso de Moza,Bocaditos,1.0,80,50
2024-07-22,Caramandugas,Bocaditos,0.25,300,250
2024-07-22,Rosquitas,Bocaditos,0.25,300,250
2024-07-23,Pan Chabatta,Panes,0.25,768,720
2024-07-23,Pan Francés,Panes,0.25,648,610
2024-07-23,Pan Yema Largo,Panes,0.25,360,320
2024-07-23,Pan Yema Redondo,Panes,0.25,360,320
2024-07-23,Pan Chapla,Panes,0.25,144,110
2024-07-23,Pan Coliza,Panes,0.25,192,170
2024-07-23,Pan Integral,Panes,0.25,144,110
2024-07-23,Pan Caracol,Panes,0.25,144,110
2024-07-23,Pan Hamburguesa,Panes,0.4,288,240
2024-07-23,Cachito,Panes,0.25,144,110
2024-07-23,Pan Manjar,Panes,0.3,72,68
2024-07-23,Leche,Abarrotes,4.0,5,4
2024-07-23,Jamon,Abarrotes,2.5,6,3
2024-07-23,Café,Abarrotes,2.0,5,2
2024-07-23,Queso,Abarrotes,3.0,4,2
2024-07-23,Alfajores Pequeños,Bocaditos,0.25,200,150
2024-07-23,Alfajores Grandes,Bocaditos,1.0,100,75
2024-07-23,Galletas Pequeñas,Bocaditos,0.25,200,150
2024-07-23,Galletas Grandes,Bocaditos,1.0,300,290
2024-07-23,Cookie,Bocaditos,2.0,100,70
2024-07-23,Orejitas Pequeñas,Bocaditos,0.25,200,150
2024-07-23,Orejas Grandes,Bocaditos,1.0,100,70
2024-07-23,Beso de Moza,Bocaditos,1.0,80,50
2024-07-23,Caramandugas,Bocaditos,0.25,300,250
2024-07-23,Rosquitas,Bocaditos,0.25,300,250
2024-07-24,Pan Chabatta,Panes,0.25,768,720
2024-07-24,Pan Francés,Panes,0.25,648,610
2024-07-24,Pan Yema Largo,Panes,0.25,360,320
2024-07-24,Pan Yema Redondo,Panes,0.25,360,320
2024-07-24,Pan Chapla,Panes,0.25,144,110
2024-07-24,Pan Coliza,Panes,0.25,192,170
2024-07-24,Pan Integral,Panes,0.25,144,110
2024-07-24,Pan Caracol,Panes,0.25,144,110
2024-07-24,Pan Hamburguesa,Panes,0.4,288,240
2024-07-24,Cachito,Panes,0.25,144,110
2024-07-24,Pan Manjar,Panes,0.3,72,68
2024-07-24,Leche,Abarrotes,4.0,5,3
2024-07-24,Jamon,Abarrotes,2.5,6,3
2024-07-24,Café,Abarrotes,2.0,5,4
2024-07-24,Queso,Abarrotes,3.0,4,2
2024-07-24,Alfajores Pequeños,Bocaditos,0.25,200,150
2024-07-24,Alfajores Grandes,Bocaditos,1.0,100,75
2024-07-24,Galletas Pequeñas,Bocaditos,0.25,200,150
2024-07-24,Galletas Grandes,Bocaditos,1.0,300,290
2024-07-24,Cookie,Bocaditos,2.0,100,70
2024-07-24,Orejitas Pequeñas,Bocaditos,0.25,200,150
2024-07-24,Orejas Grandes,Bocaditos,1.0,100,70
2024-07-24,Beso de Moza,Bocaditos,1.0,80,50
2024-07-24,Caramandugas,Bocaditos,0.25,300,250
2024-07-24,Rosquitas,Bocaditos,0.25,300,250
2024-07-25,Pan Chabatta,Panes,0.25,768,720
2024-07-25,Pan Francés,Panes,0.25,648,610
2024-07-25,Pan Yema Largo,Panes,0.25,360,320
2024-07-25,Pan Yema Redondo,Panes,0.25,360,320
2024-07-25,Pan Chapla,Panes,0.25,144,110
2024-07-25,Pan Coliza,Panes,0.25,192,170
2024-07-25,Pan Integral,Panes,0.25,144,110
2024-07-25,Pan Caracol,Panes,0.25,144,110
2024-07-25,Pan Hamburguesa,Panes,0.4,288,240
2024-07-25,Cachito,Panes,0.25,144,110
2024-07-25,Pan Manjar,Panes,0.3,72,68
2024-07-25,Leche,Abarrotes,4.0,5,2
2024-07-25,Jamon,Abarrotes,2.5,6,3
2024-07-25,Café,Abarrotes,2.0,5,3
2024-07-25,Queso,Abarrotes,3.0,4,2
2024-07-25,Alfajores Pequeños,Bocaditos,0.25,200,150
2024-07-25,Alfajores Grandes,Bocaditos,1.0,100,75
2024-07-25,Galletas Pequeñas,Bocaditos,0.25,200,150
2024-07-25,Galletas Grandes,Bocaditos,1.0,300,290
2024-07-25,Cookie,Bocaditos,2.0,100,70
2024-07-25,Orejitas Pequeñas,Bocaditos,0.25,200,150
2024-07-25,Orejas Grandes,Bocaditos,1.0,100,70
2024-07-25,Beso de Moza,Bocaditos,1.0,80,50
2024-07-25,Caramandugas,Bocaditos,0.25,300,250
2024-07-25,Rosquitas,Bocaditos,0.25,300,250
2024-07-26,Pan Chabatta,Panes,0.25,768,720
2024-07-26,Pan Francés,Panes,0.25,648,610
2024-07-26,Pan Yema Largo,Panes,0.25,360,320
2024-07-26,Pan Yema Redondo,Panes,0.25,360,320
2024-07-26,Pan Chapla,Panes,0.25,144,110
2024-07-26,Pan Coliza,Panes,0.25,192,170
2024-07-26,Pan Integral,Panes,0.25,144,110
2024-07-26,Pan Caracol,Panes,0.25,144,110
2024-07-26,Pan Hamburguesa,Panes,0.4,288,240
2024-07-26,Cachito,Panes,0.25,144,110
2024-07-26,Pan Manjar,Panes,0.3,72,68
2024-07-26,Leche,Abarrotes,4.0,5,2
2024-07-26,Jamon,Abarrotes,2.5,6,3
2024-07-26,Café,Abarrotes,2.0,5,3
2024-07-26,Queso,Abarrotes,3.0,4,3
2024-07-26,Alfajores Pequeños,Bocaditos,0.25,200,150
2024-07-26,Alfajores Grandes,Bocaditos,1.0,100,75
2024-07-26,Galletas Pequeñas,Bocaditos,0.25,200,150
2024-07-26,Galletas Grandes,Bocaditos,1.0,300,290
2024-07-26,Cookie,Bocaditos,2.0,100,70
2024-07-26,Orejitas Pequeñas,Bocaditos,0.25,200,150
2024-07-26,Orejas Grandes,Bocaditos,1.0,100,70
2024-07-26,Beso de Moza,Bocaditos,1.0,80,50
2024-07-26,Caramandugas,Bocaditos,0.25,300,250
2024-07-26,Rosquitas,Bocaditos,0.25,300,250
2024-07-27,Pan Chabatta,Panes,0.25,768,726
2024-07-27,Pan Francés,Panes,0.25,648,619
2024-07-27,Pan Yema Largo,Panes,0.25,360,323
2024-07-27,Pan Yema Redondo,Panes,0.25,360,331
2024-07-27,Pan Chapla,Panes,0.25,144,118
2024-07-27,Pan Coliza,Panes,0.25,192,171
2024-07-27,Pan Integral,Panes,0.25,144,118
2024-07-27,Pan Caracol,Panes,0.25,144,118
2024-07-27,Pan Hamburguesa,Panes,0.4,288,249
2024-07-27,Cachito,Panes,0.25,144,115
2024-07-27,Pan Manjar,Panes,0.3,72,68
2024-07-27,Leche,Abarrotes,4.0,5,3
2024-07-27,Jamon,Abarrotes,2.5,6,4
2024-07-27,Café,Abarrotes,2.0,5,4
2024-07-27,Queso,Abarrotes,3.0,4,3
2024-07-27,Alfajores Pequeños,Bocaditos,0.25,200,155
2024-07-27,Alfajores Grandes,Bocaditos,1.0,100,75
2024-07-27,Galletas Pequeñas,Bocaditos,0.25,200,160
2024-07-27,Galletas Grandes,Bocaditos,1.0,300,290
2024-07-27,Cookie,Bocaditos,2.0,100,71
2024-07-27,Orejitas Pequeñas,Bocaditos,0.25,200,150
2024-07-27,Orejas Grandes,Bocaditos,1.0,100,75
2024-07-27,Beso de Moza,Bocaditos,1.0,80,59
2024-07-27,Caramandugas,Bocaditos,0.25,300,253
2024-07-27,Rosquitas,Bocaditos,0.25,300,253
2024-07-28,Pan Chabatta,Panes,0.25,768,732
2024-07-28,Pan Francés,Panes,0.25,648,612
2024-07-28,Pan Yema Largo,Panes,0.25,360,327
2024-07-28,Pan Yema Redondo,Panes,0.25,360,331
2024-07-28,Pan Chapla,Panes,0.25,144,116
2024-07-28,Pan Coliza,Panes,0.25,192,173
2024-07-28,Pan Integral,Panes,0.25,144,113
2024-07-28,Pan Caracol,Panes,0.25,144,119
2024-07-28,Pan Hamburguesa,Panes,0.4,288,246
2024-07-28,Cachito,Panes,0.25,144,112
2024-07-28,Pan Manjar,Panes,0.3,72,68
2024-07-28,Leche,Abarrotes,4.0,5,2
2024-07-28,Jamon,Abarrotes,2.5,6,3
2024-07-28,Café,Abarrotes,2.0,5,2
2024-07-28,Queso,Abarrotes,3.0,4,4
2024-07-28,Alfajores Pequeños,Bocaditos,0.25,200,155
2024-07-28,Alfajores Grandes,Bocaditos,1.0,100,76
2024-07-28,Galletas Pequeñas,Bocaditos,0.25,200,157
2024-07-28,Galletas Grandes,Bocaditos,1.0,300,290
2024-07-28,Cookie,Bocaditos,2.0,100,71
2024-07-28,Orejitas Pequeñas,Bocaditos,0.25,200,152
2024-07-28,Orejas Grandes,Bocaditos,1.0,100,71
2024-07-28,Beso de Moza,Bocaditos,1.0,80,58
2024-07-28,Caramandugas,Bocaditos,0.25,300,258
2024-07-28,Rosquitas,Bocaditos,0.25,300,255
2024-07-29,Pan Chabatta,Panes,0.25,768,720
2024-07-29,Pan Francés,Panes,0.25,648,610
2024-07-29,Pan Yema Largo,Panes,0.25,360,320
2024-07-29,Pan Yema Redondo,Panes,0.25,360,320
2024-07-29,Pan Chapla,Panes,0.25,144,110
2024-07-29,Pan Coliza,Panes,0.25,192,170
2024-07-29,Pan Integral,Panes,0.25,144,110
2024-07-29,Pan Caracol,Panes,0.25,144,110
2024-07-29,Pan Hamburguesa,Panes,0.4,288,240
2024-07-29,Cachito,Panes,0.25,144,110
2024-07-29,Pan Manjar,Panes,0.3,72,68
2024-07-29,Leche,Abarrotes,4.0,5,3
2024-07-29,Jamon,Abarrotes,2.5,6,3
2024-07-29,Café,Abarrotes,2.0,5,2
2024-07-29,Queso,Abarrotes,3.0,4,3
2024-07-29,Alfajores Pequeños,Bocaditos,0.25,200,150
2024-07-29,Alfajores Grandes,Bocaditos,1.0,100,75
2024-07-29,Galletas Pequeñas,Bocaditos,0.25,200,150
2024-07-29,Galletas Grandes,Bocaditos,1.0,300,290
2024-07-29,Cookie,Bocaditos,2.0,100,70
2024-07-29,Orejitas Pequeñas,Bocaditos,0.25,200,150
2024-07-29,Orejas Grandes,Bocaditos,1.0,100,70
2024-07-29,Beso de Moza,Bocaditos,1.0,80,50
2024-07-29,Caramandugas,Bocaditos,0.25,300,250
2024-07-29,Rosquitas,Bocaditos,0.25,300,250
2024-07-30,Pan Chabatta,Panes,0.25,768,720
2024-07-30,Pan Francés,Panes,0.25,648,610
2024-07-30,Pan Yema Largo,Panes,0.25,360,320
2024-07-30,Pan Yema Redondo,Panes,0.25,360,320
2024-07-30,Pan Chapla,Panes,0.25,144,110
2024-07-30,Pan Coliza,Panes,0.25,192,170
2024-07-30,Pan Integral,Panes,0.25,144,110
2024-07-30,Pan Caracol,Panes,0.25,144,110
2024-07-30,Pan Hamburguesa,Panes,0.4,288,240
2024-07-30,Cachito,Panes,0.25,144,110
2024-07-30,Pan Manjar,Panes,0.3,72,68
2024-07-30,Leche,Abarrotes,4.0,5,2
2024-07-30,Jamon,Abarrotes,2.5,6,5
2024-07-30,Café,Abarrotes,2.0,5,4
2024-07-30,Queso,Abarrotes,3.0,4,2
2024-07-30,Alfajores Pequeños,Bocaditos,0.25,200,150
2024-07-30,Alfajores Grandes,Bocaditos,1.0,100,75
2024-07-30,Galletas Pequeñas,Bocaditos,0.25,200,150
2024-07-30,Galletas Grandes,Bocaditos,1.0,300,290
2024-07-30,Cookie,Bocaditos,2.0,100,70
2024-07-30,Orejitas Pequeñas,Bocaditos,0.25,200,150
2024-07-30,Orejas Grandes,Bocaditos,1.0,100,70
2024-07-30,Beso de Moza,Bocaditos,1.0,80,50
2024-07-30,Caramandugas,Bocaditos,0.25,300,250
2024-07-30,Rosquitas,Bocaditos,0.25,300,250
2024-07-31,Pan Chabatta,Panes,0.25,768,720
2024-07-31,Pan Francés,Panes,0.25,648,610
2024-07-31,Pan Yema Largo,Panes,0.25,360,320
2024-07-31,Pan Yema Redondo,Panes,0.25,360,320
2024-07-31,Pan Chapla,Panes,0.25,144,110
2024-07-31,Pan Coliza,Panes,0.25,192,170
2024-07-31,Pan Integral,Panes,0.25,144,110
2024-07-31,Pan Caracol,Panes,0.25,144,110
2024-07-31,Pan Hamburguesa,Panes,0.4,288,240
2024-07-31,Cachito,Panes,0.25,144,110
2024-07-31,Pan Manjar,Panes,0.3,72,68
2024-07-31,Leche,Abarrotes,4.0,5,2
2024-07-31,Jamon,Abarrotes,2.5,6,3
2024-07-31,Café,Abarrotes,2.0,5,2
2024-07-31,Queso,Abarrotes,3.0,4,2
2024-07-31,Alfajores Pequeños,Bocaditos,0.25,200,150
2024-07-31,Alfajores Grandes,Bocaditos,1.0,100,75
2024-07-31,Galletas Pequeñas,Bocaditos,0.25,200,150
2024-07-31,Galletas Grandes,Bocaditos,1.0,300,290
2024-07-31,Cookie,Bocaditos,2.0,100,70
2024-07-31,Orejitas Pequeñas,Bocaditos,0.25,200,150
2024-07-31,Orejas Grandes,Bocaditos,1.0,100,70
2024-07-31,Beso de Moza,Bocaditos,1.0,80,50
2024-07-31,Caramandugas,Bocaditos,0.25,300,250
2024-07-31,Rosquitas,Bocaditos,0.25,300,250
2024-08-01,Pan Chabatta,Panes,0.25,768,720
2024-08-01,Pan Francés,Panes,0.25,648,610
2024-08-01,Pan Yema Largo,Panes,0.25,360,320
2024-08-01,Pan Yema Redondo,Panes,0.25,360,320
2024-08-01,Pan Chapla,Panes,0.25,144,110
2024-08-01,Pan Coliza,Panes,0.25,192,170
2024-08-01,Pan Integral,Panes,0.25,144,110
2024-08-01,Pan Caracol,Panes,0.25,144,110
2024-08-01,Pan Hamburguesa,Panes,0.4,288,240
2024-08-01,Cachito,Panes,0.25,144,110
2024-08-01,Pan Manjar,Panes,0.3,72,68
2024-08-01,Leche,Abarrotes,4.0,5,3
2024-08-01,Jamon,Abarrotes,2.5,6,3
2024-08-01,Café,Abarrotes,2.0,5,4
2024-08-01,Queso,Abarrotes,3.0,4,2
2024-08-01,Alfajores Pequeños,Bocaditos,0.25,200,150
2024-08-01,Alfajores Grandes,Bocaditos,1.0,100,75
2024-08-01,Galletas Pequeñas,Bocaditos,0.25,200,150
2024-08-01,Galletas Grandes,Bocaditos,1.0,300,290
2024-08-01,Cookie,Bocaditos,2.0,100,70
2024-08-01,Orejitas Pequeñas,Bocaditos,0.25,200,150
2024-08-01,Orejas Grandes,Bocaditos,1.0,100,70
2024-08-01,Beso de Moza,Bocaditos,1.0,80,50
2024-08-01,Caramandugas,Bocaditos,0.25,300,250
2024-08-01,Rosquitas,Bocaditos,0.25,300,250
2024-08-02,Pan Chabatta,Panes,0.25,768,720
2024-08-02,Pan Francés,Panes,0.25,648,610
2024-08-02,Pan Yema Largo,Panes,0.25,360,320
2024-08-02,Pan Yema Redondo,Panes,0.25,360,320
2024-08-02,Pan Chapla,Panes,0.25,144,110
2024-08-02,Pan Coliza,Panes,0.25,192,170
2024-08-02,Pan Integral,Panes,0.25,144,110
2024-08-02,Pan Caracol,Panes,0.25,144,110
2024-08-02,Pan Hamburguesa,Panes,0.4,288,240
2024-08-02,Cachito,Panes,0.25,144,110
2024-08-02,Pan Manjar,Panes,0.3,72,68
2024-08-02,Leche,Abarrotes,4.0,5,2
2024-08-02,Jamon,Abarrotes,2.5,6,3
2024-08-02,Café,Abarrotes,2.0,5,2
2024-08-02,Queso,Abarrotes,3.0,4,2
2024-08-02,Alfajores Pequeños,Bocaditos,0.25,200,150
2024-08-02,Alfajores Grandes,Bocaditos,1.0,100,75
2024-08-02,Galletas Pequeñas,Bocaditos,0.25,200,150
2024-08-02,Galletas Grandes,Bocaditos,1.0,300,290
2024-08-02,Cookie,Bocaditos,2.0,100,70
2024-08-02,Orejitas Pequeñas,Bocaditos,0.25,200,150
2024-08-02,Orejas Grandes,Bocaditos,1.0,100,70
2024-08-02,Beso de Moza,Bocaditos,1.0,80,50
2024-08-02,Caramandugas,Bocaditos,0.25,300,250
2024-08-02,Rosquitas,Bocaditos,0.25,300,250
2024-08-03,Pan Chabatta,Panes,0.25,768,720
2024-08-03,Pan Francés,Panes,0.25,648,612
2024-08-03,Pan Yema Largo,Panes,0.25,360,329
2024-08-03,Pan Yema Redondo,Panes,0.25,360,326
2024-08-03,Pan Chapla,Panes,0.25,144,120
2024-08-03,Pan Coliza,Panes,0.25,192,175
2024-08-03,Pan Integral,Panes,0.25,144,115
2024-08-03,Pan Caracol,Panes,0.25,144,119
2024-08-03,Pan Hamburguesa,Panes,0.4,288,251
2024-08-03,Cachito,Panes,0.25,144,119
2024-08-03,Pan Manjar,Panes,0.3,72,68
2024-08-03,Leche,Abarrotes,4.0,5,4
2024-08-03,Jamon,Abarrotes,2.5,6,5
2024-08-03,Café,Abarrotes,2.0,5,2
2024-08-03,Queso,Abarrotes,3.0,4,3
2024-08-03,Alfajores Pequeños,Bocaditos,0.25,200,157
2024-08-03,Alfajores Grandes,Bocaditos,1.0,100,76
2024-08-03,Galletas Pequeñas,Bocaditos,0.25,200,156
2024-08-03,Galletas Grandes,Bocaditos,1.0,300,290
2024-08-03,Cookie,Bocaditos,2.0,100,74
2024-08-03,Orejitas Pequeñas,Bocaditos,0.25,200,155
2024-08-03,Orejas Grandes,Bocaditos,1.0,100,74
2024-08-03,Beso de Moza,Bocaditos,1.0,80,58
2024-08-03,Caramandugas,Bocaditos,0.25,300,256
2024-08-03,Rosquitas,Bocaditos,0.25,300,259
2024-08-04,Pan Chabatta,Panes,0.25,768,727
2024-08-04,Pan Francés,Panes,0.25,648,616
2024-08-04,Pan Yema Largo,Panes,0.25,360,329
2024-08-04,Pan Yema Redondo,Panes,0.25,360,325
2024-08-04,Pan Chapla,Panes,0.25,144,110
2024-08-04,Pan Coliza,Panes,0.25,192,175
2024-08-04,Pan Integral,Panes,0.25,144,117
2024-08-04,Pan Caracol,Panes,0.25,144,114
2024-08-04,Pan Hamburguesa,Panes,0.4,288,243
2024-08-04,Cachito,Panes,0.25,144,121
2024-08-04,Pan Manjar,Panes,0.3,72,69
2024-08-04,Leche,Abarrotes,4.0,5,2
2024-08-04,Jamon,Abarrotes,2.5,6,5
2024-08-04,Café,Abarrotes,2.0,5,3
2024-08-04,Queso,Abarrotes,3.0,4,3
2024-08-04,Alfajores Pequeños,Bocaditos,0.25,200,153
2024-08-04,Alfajores Grandes,Bocaditos,1.0,100,76
2024-08-04,Galletas Pequeñas,Bocaditos,0.25,200,154
2024-08-04,Galletas Grandes,Bocaditos,1.0,300,290
2024-08-04,Cookie,Bocaditos,2.0,100,74
2024-08-04,Orejitas Pequeñas,Bocaditos,0.25,200,158
2024-08-04,Orejas Grandes,Bocaditos,1.0,100,74
2024-08-04,Beso de Moza,Bocaditos,1.0,80,52
2024-08-04,Caramandugas,Bocaditos,0.25,300,254
2024-08-04,Rosquitas,Bocaditos,0.25,300,258
2024-08-05,Pan Chabatta,Panes,0.25,768,720
2024-08-05,Pan Francés,Panes,0.25,648,610
2024-08-05,Pan Yema Largo,Panes,0.25,360,320
2024-08-05,Pan Yema Redondo,Panes,0.25,360,320
2024-08-05,Pan Chapla,Panes,0.25,144,110
2024-08-05,Pan Coliza,Panes,0.25,192,170
2024-08-05,Pan Integral,Panes,0.25,144,110
2024-08-05,Pan Caracol,Panes,0.25,144,110
2024-08-05,Pan Hamburguesa,Panes,0.4,288,240
2024-08-05,Cachito,Panes,0.25,144,110
2024-08-05,Pan Manjar,Panes,0.3,72,68
2024-08-05,Leche,Abarrotes,4.0,5,2
2024-08-05,Jamon,Abarrotes,2.5,6,3
2024-08-05,Café,Abarrotes,2.0,5,2
2024-08-05,Queso,Abarrotes,3.0,4,2
2024-08-05,Alfajores Pequeños,Bocaditos,0.25,200,150
2024-08-05,Alfajores Grandes,Bocaditos,1.0,100,75
2024-08-05,Galletas Pequeñas,Bocaditos,0.25,200,150
2024-08-05,Galletas Grandes,Bocaditos,1.0,300,290
2024-08-05,Cookie,Bocaditos,2.0,100,70
2024-08-05,Orejitas Pequeñas,Bocaditos,0.25,200,150
2024-08-05,Orejas Grandes,Bocaditos,1.0,100,70
2024-08-05,Beso de Moza,Bocaditos,1.0,80,50
2024-08-05,Caramandugas,Bocaditos,0.25,300,250
2024-08-05,Rosquitas,Bocaditos,0.25,300,250
2024-08-06,Pan Chabatta,Panes,0.25,768,720
2024-08-06,Pan Francés,Panes,0.25,648,610
2024-08-06,Pan Yema Largo,Panes,0.25,360,320
2024-08-06,Pan Yema Redondo,Panes,0.25,360,320
2024-08-06,Pan Chapla,Panes,0.25,144,110
2024-08-06,Pan Coliza,Panes,0.25,192,170
2024-08-06,Pan Integral,Panes,0.25,144,110
2024-08-06,Pan Caracol,Panes,0.25,144,110
2024-08-06,Pan Hamburguesa,Panes,0.4,288,240
2024-08-06,Cachito,Panes,0.25,144,110
2024-08-06,Pan Manjar,Panes,0.3,72,68
2024-08-06,Leche,Abarrotes,4.0,5,2
2024-08-06,Jamon,Abarrotes,2.5,6,3
2024-08-06,Café,Abarrotes,2.0,5,2
2024-08-06,Queso,Abarrotes,3.0,4,2
2024-08-06,Alfajores Pequeños,Bocaditos,0.25,200,150
2024-08-06,Alfajores Grandes,Bocaditos,1.0,100,75
2024-08-06,Galletas Pequeñas,Bocaditos,0.25,200,150
2024-08-06,Galletas Grandes,Bocaditos,1.0,300,290
2024-08-06,Cookie,Bocaditos,2.0,100,70
2024-08-06,Orejitas Pequeñas,Bocaditos,0.25,200,150
2024-08-06,Orejas Grandes,Bocaditos,1.0,100,70
2024-08-06,Beso de Moza,Bocaditos,1.0,80,50
2024-08-06,Caramandugas,Bocaditos,0.25,300,250
2024-08-06,Rosquitas,Bocaditos,0.25,300,250
2024-08-07,Pan Chabatta,Panes,0.25,768,720
2024-08-07,Pan Francés,Panes,0.25,648,610
2024-08-07,Pan Yema Largo,Panes,0.25,360,320
2024-08-07,Pan Yema Redondo,Panes,0.25,360,320
2024-08-07,Pan Chapla,Panes,0.25,144,110
2024-08-07,Pan Coliza,Panes,0.25,192,170
2024-08-07,Pan Integral,Panes,0.25,144,110
2024-08-07,Pan Caracol,Panes,0.25,144,110
2024-08-07,Pan Hamburguesa,Panes,0.4,288,240
2024-08-07,Cachito,Panes,0.25,144,110
2024-08-07,Pan Manjar,Panes,0.3,72,68
2024-08-07,Leche,Abarrotes,4.0,5,2
2024-08-07,Jamon,Abarrotes,2.5,6,3
2024-08-07,Café,Abarrotes,2.0,5,2
2024-08-07,Queso,Abarrotes,3.0,4,3
2024-08-07,Alfajores Pequeños,Bocaditos,0.25,200,150
2024-08-07,Alfajores Grandes,Bocaditos,1.0,100,75
2024-08-07,Galletas Pequeñas,Bocaditos,0.25,200,150
2024-08-07,Galletas Grandes,Bocaditos,1.0,300,290
2024-08-07,Cookie,Bocaditos,2.0,100,70
2024-08-07,Orejitas Pequeñas,Bocaditos,0.25,200,150
2024-08-07,Orejas Grandes,Bocaditos,1.0,100,70
2024-08-07,Beso de Moza,Bocaditos,1.0,80,50
2024-08-07,Caramandugas,Bocaditos,0.25,300,250
2024-08-07,Rosquitas,Bocaditos,0.25,300,250
2024-08-08,Pan Chabatta,Panes,0.25,768,720
2024-08-08,Pan Francés,Panes,0.25,648,610
2024-08-08,Pan Yema Largo,Panes,0.25,360,320
2024-08-08,Pan Yema Redondo,Panes,0.25,360,320
2024-08-08,Pan Chapla,Panes,0.25,144,110
2024-08-08,Pan Coliza,Panes,0.25,192,170
2024-08-08,Pan Integral,Panes,0.25,144,110
2024-08-08,Pan Caracol,Panes,0.25,144,110
2024-08-08,Pan Hamburguesa,Panes,0.4,288,240
2024-08-08,Cachito,Panes,0.25,144,110
2024-08-08,Pan Manjar,Panes,0.3,72,68
2024-08-08,Leche,Abarrotes,4.0,5,2
2024-08-08,Jamon,Abarrotes,2.5,6,3
2024-08-08,Café,Abarrotes,2.0,5,2
2024-08-08,Queso,Abarrotes,3.0,4,2
2024-08-08,Alfajores Pequeños,Bocaditos,0.25,200,150
2024-08-08,Alfajores Grandes,Bocaditos,1.0,100,75
2024-08-08,Galletas Pequeñas,Bocaditos,0.25,200,150
2024-08-08,Galletas Grandes,Bocaditos,1.0,300,290
2024-08-08,Cookie,Bocaditos,2.0,100,70
2024-08-08,Orejitas Pequeñas,Bocaditos,0.25,200,150
2024-08-08,Orejas Grandes,Bocaditos,1.0,100,70
2024-08-08,Beso de Moza,Bocaditos,1.0,80,50
2024-08-08,Caramandugas,Bocaditos,0.25,300,250
2024-08-08,Rosquitas,Bocaditos,0.25,300,250
2024-08-09,Pan Chabatta,Panes,0.25,768,720
2024-08-09,Pan Francés,Panes,0.25,648,610
2024-08-09,Pan Yema Largo,Panes,0.25,360,320
2024-08-09,Pan Yema Redondo,Panes,0.25,360,320
2024-08-09,Pan Chapla,Panes,0.25,144,110
2024-08-09,Pan Coliza,Panes,0.25,192,170
2024-08-09,Pan Integral,Panes,0.25,144,110
2024-08-09,Pan Caracol,Panes,0.25,144,110
2024-08-09,Pan Hamburguesa,Panes,0.4,288,240
2024-08-09,Cachito,Panes,0.25,144,110
2024-08-09,Pan Manjar,Panes,0.3,72,68
2024-08-09,Leche,Abarrotes,4.0,5,2
2024-08-09,Jamon,Abarrotes,2.5,6,3
2024-08-09,Café,Abarrotes,2.0,5,2
2024-08-09,Queso,Abarrotes,3.0,4,2
2024-08-09,Alfajores Pequeños,Bocaditos,0.25,200,150
2024-08-09,Alfajores Grandes,Bocaditos,1.0,100,75
2024-08-09,Galletas Pequeñas,Bocaditos,0.25,200,150
2024-08-09,Galletas Grandes,Bocaditos,1.0,300,290
2024-08-09,Cookie,Bocaditos,2.0,100,70
2024-08-09,Orejitas Pequeñas,Bocaditos,0.25,200,150
2024-08-09,Orejas Grandes,Bocaditos,1.0,100,70
2024-08-09,Beso de Moza,Bocaditos,1.0,80,50
2024-08-09,Caramandugas,Bocaditos,0.25,300,250
2024-08-09,Rosquitas,Bocaditos,0.25,300,250
2024-08-10,Pan Chabatta,Panes,0.25,768,740
2024-08-10,Pan Francés,Panes,0.25,648,618
2024-08-10,Pan Yema Largo,Panes,0.25,360,322
2024-08-10,Pan Yema Redondo,Panes,0.25,360,329
2024-08-10,Pan Chapla,Panes,0.25,144,118
2024-08-10,Pan Coliza,Panes,0.25,192,170
2024-08-10,Pan Integral,Panes,0.25,144,118
2024-08-10,Pan Caracol,Panes,0.25,144,110
2024-08-10,Pan Hamburguesa,Panes,0.4,288,240
2024-08-10,Cachito,Panes,0.25,144,113
2024-08-10,Pan Manjar,Panes,0.3,72,70
2024-08-10,Leche,Abarrotes,4.0,5,2
2024-08-10,Jamon,Abarrotes,2.5,6,5
2024-08-10,Café,Abarrotes,2.0,5,3
2024-08-10,Queso,Abarrotes,3.0,4,2
2024-08-10,Alfajores Pequeños,Bocaditos,0.25,200,155
2024-08-10,Alfajores Grandes,Bocaditos,1.0,100,80
2024-08-10,Galletas Pequeñas,Bocaditos,0.25,200,157
2024-08-10,Galletas Grandes,Bocaditos,1.0,300,294
2024-08-10,Cookie,Bocaditos,2.0,100,72
2024-08-10,Orejitas Pequeñas,Bocaditos,0.25,200,156
2024-08-10,Orejas Grandes,Bocaditos,1.0,100,72
2024-08-10,Beso de Moza,Bocaditos,1.0,80,57
2024-08-10,Caramandugas,Bocaditos,0.25,300,253
2024-08-10,Rosquitas,Bocaditos,0.25,300,259
2024-08-11,Pan Chabatta,Panes,0.25,768,735
2024-08-11,Pan Francés,Panes,0.25,648,616
2024-08-11,Pan Yema Largo,Panes,0.25,360,327
2024-08-11,Pan Yema Redondo,Panes,0.25,360,328
2024-08-11,Pan Chapla,Panes,0.25,144,120
2024-08-11,Pan Coliza,Panes,0.25,192,171
2024-08-11,Pan Integral,Panes,0.25,144,113
2024-08-11,Pan Caracol,Panes,0.25,144,112
2024-08-11,Pan Hamburguesa,Panes,0.4,288,248
2024-08-11,Cachito,Panes,0.25,144,120
2024-08-11,Pan Manjar,Panes,0.3,72,70
2024-08-11,Leche,Abarrotes,4.0,5,3
2024-08-11,Jamon,Abarrotes,2.5,6,4
2024-08-11,Café,Abarrotes,2.0,5,5
2024-08-11,Queso,Abarrotes,3.0,4,4
2024-08-11,Alfajores Pequeños,Bocaditos,0.25,200,154
2024-08-11,Alfajores Grandes,Bocaditos,1.0,100,77
2024-08-11,Galletas Pequeñas,Bocaditos,0.25,200,150
2024-08-11,Galletas Grandes,Bocaditos,1.0,300,292
2024-08-11,Cookie,Bocaditos,2.0,100,70
2024-08-11,Orejitas Pequeñas,Bocaditos,0.25,200,153
2024-08-11,Orejas Grandes,Bocaditos,1.0,100,74
2024-08-11,Beso de Moza,Bocaditos,1.0,80,52
2024-08-11,Caramandugas,Bocaditos,0.25,300,255
2024-08-11,Rosquitas,Bocaditos,0.25,300,254
2024-08-12,Pan Chabatta,Panes,0.25,768,720
2024-08-12,Pan Francés,Panes,0.25,648,610
2024-08-12,Pan Yema Largo,Panes,0.25,360,320
2024-08-12,Pan Yema Redondo,Panes,0.25,360,320
2024-08-12,Pan Chapla,Panes,0.25,144,110
2024-08-12,Pan Coliza,Panes,0.25,192,170
2024-08-12,Pan Integral,Panes,0.25,144,110
2024-08-12,Pan Caracol,Panes,0.25,144,110
2024-08-12,Pan Hamburguesa,Panes,0.4,288,240
2024-08-12,Cachito,Panes,0.25,144,110
2024-08-12,Pan Manjar,Panes,0.3,72,68
2024-08-12,Leche,Abarrotes,4.0,5,2
2024-08-12,Jamon,Abarrotes,2.5,6,3
2024-08-12,Café,Abarrotes,2.0,5,3
2024-08-12,Queso,Abarrotes,3.0,4,2
2024-08-12,Alfajores Pequeños,Bocaditos,0.25,200,150
2024-08-12,Alfajores Grandes,Bocaditos,1.0,100,75
2024-08-12,Galletas Pequeñas,Bocaditos,0.25,200,150
2024-08-12,Galletas Grandes,Bocaditos,1.0,300,290
2024-08-12,Cookie,Bocaditos,2.0,100,70
2024-08-12,Orejitas Pequeñas,Bocaditos,0.25,200,150
2024-08-12,Orejas Grandes,Bocaditos,1.0,100,70
2024-08-12,Beso de Moza,Bocaditos,1.0,80,50
2024-08-12,Caramandugas,Bocaditos,0.25,300,250
2024-08-12,Rosquitas,Bocaditos,0.25,300,250
2024-08-13,Pan Chabatta,Panes,0.25,768,720
2024-08-13,Pan Francés,Panes,0.25,648,610
2024-08-13,Pan Yema Largo,Panes,0.25,360,320
2024-08-13,Pan Yema Redondo,Panes,0.25,360,320
2024-08-13,Pan Chapla,Panes,0.25,144,110
2024-08-13,Pan Coliza,Panes,0.25,192,170
2024-08-13,Pan Integral,Panes,0.25,144,110
2024-08-13,Pan Caracol,Panes,0.25,144,110
2024-08-13,Pan Hamburguesa,Panes,0.4,288,240
2024-08-13,Cachito,Panes,0.25,144,110
2024-08-13,Pan Manjar,Panes,0.3,72,68
2024-08-13,Leche,Abarrotes,4.0,5,4
2024-08-13,Jamon,Abarrotes,2.5,6,3
2024-08-13,Café,Abarrotes,2.0,5,2
2024-08-13,Queso,Abarrotes,3.0,4,2
2024-08-13,Alfajores Pequeños,Bocaditos,0.25,200,150
2024-08-13,Alfajores Grandes,Bocaditos,1.0,100,75
2024-08-13,Galletas Pequeñas,Bocaditos,0.25,200,150
2024-08-13,Galletas Grandes,Bocaditos,1.0,300,290
2024-08-13,Cookie,Bocaditos,2.0,100,70
2024-08-13,Orejitas Pequeñas,Bocaditos,0.25,200,150
2024-08-13,Orejas Grandes,Bocaditos,1.0,100,70
2024-08-13,Beso de Moza,Bocaditos,1.0,80,50
2024-08-13,Caramandugas,Bocaditos,0.25,300,250
2024-08-13,Rosquitas,Bocaditos,0.25,300,250
2024-08-14,Pan Chabatta,Panes,0.25,768,720
2024-08-14,Pan Francés,Panes,0.25,648,610
2024-08-14,Pan Yema Largo,Panes,0.25,360,320
2024-08-14,Pan Yema Redondo,Panes,0.25,360,320
2024-08-14,Pan Chapla,Panes,0.25,144,110
2024-08-14,Pan Coliza,Panes,0.25,192,170
2024-08-14,Pan Integral,Panes,0.25,144,110
2024-08-14,Pan Caracol,Panes,0.25,144,110
2024-08-14,Pan Hamburguesa,Panes,0.4,288,240
2024-08-14,Cachito,Panes,0.25,144,110
2024-08-14,Pan Manjar,Panes,0.3,72,68
2024-08-14,Leche,Abarrotes,4.0,5,2
2024-08-14,Jamon,Abarrotes,2.5,6,3
2024-08-14,Café,Abarrotes,2.0,5,2
2024-08-14,Queso,Abarrotes,3.0,4,3
2024-08-14,Alfajores Pequeños,Bocaditos,0.25,200,150
2024-08-14,Alfajores Grandes,Bocaditos,1.0,100,75
2024-08-14,Galletas Pequeñas,Bocaditos,0.25,200,150
2024-08-14,Galletas Grandes,Bocaditos,1.0,300,290
2024-08-14,Cookie,Bocaditos,2.0,100,70
2024-08-14,Orejitas Pequeñas,Bocaditos,0.25,200,150
2024-08-14,Orejas Grandes,Bocaditos,1.0,100,70
2024-08-14,Beso de Moza,Bocaditos,1.0,80,50
2024-08-14,Caramandugas,Bocaditos,0.25,300,250
2024-08-14,Rosquitas,Bocaditos,0.25,300,250
2024-08-15,Pan Chabatta,Panes,0.25,768,720
2024-08-15,Pan Francés,Panes,0.25,648,610
2024-08-15,Pan Yema Largo,Panes,0.25,360,320
2024-08-15,Pan Yema Redondo,Panes,0.25,360,320
2024-08-15,Pan Chapla,Panes,0.25,144,110
2024-08-15,Pan Coliza,Panes,0.25,192,170
2024-08-15,Pan Integral,Panes,0.25,144,110
2024-08-15,Pan Caracol,Panes,0.25,144,110
2024-08-15,Pan Hamburguesa,Panes,0.4,288,240
2024-08-15,Cachito,Panes,0.25,144,110
2024-08-15,Pan Manjar,Panes,0.3,72,68
2024-08-15,Leche,Abarrotes,4.0,5,3
2024-08-15,Jamon,Abarrotes,2.5,6,3
2024-08-15,Café,Abarrotes,2.0,5,2
2024-08-15,Queso,Abarrotes,3.0,4,2
2024-08-15,Alfajores Pequeños,Bocaditos,0.25,200,150
2024-08-15,Alfajores Grandes,Bocaditos,1.0,100,75
2024-08-15,Galletas Pequeñas,Bocaditos,0.25,200,150
2024-08-15,Galletas Grandes,Bocaditos,1.0,300,290
2024-08-15,Cookie,Bocaditos,2.0,100,70
2024-08-15,Orejitas Pequeñas,Bocaditos,0.25,200,150
2024-08-15,Orejas Grandes,Bocaditos,1.0,100,70
2024-08-15,Beso de Moza,Bocaditos,1.0,80,50
2024-08-15,Caramandugas,Bocaditos,0.25,300,250
2024-08-15,Rosquitas,Bocaditos,0.25,300,250
2024-08-16,Pan Chabatta,Panes,0.25,768,720
2024-08-16,Pan Francés,Panes,0.25,648,610
2024-08-16,Pan Yema Largo,Panes,0.25,360,320
2024-08-16,Pan Yema Redondo,Panes,0.25,360,320
2024-08-16,Pan Chapla,Panes,0.25,144,110
2024-08-16,Pan Coliza,Panes,0.25,192,170
2024-08-16,Pan Integral,Panes,0.25,144,110
2024-08-16,Pan Caracol,Panes,0.25,144,110
2024-08-16,Pan Hamburguesa,Panes,0.4,288,240
2024-08-16,Cachito,Panes,0.25,144,110
2024-08-16,Pan Manjar,Panes,0.3,72,68
2024-08-16,Leche,Abarrotes,4.0,5,2
2024-08-16,Jamon,Abarrotes,2.5,6,3
2024-08-16,Café,Abarrotes,2.0,5,2
2024-08-16,Queso,Abarrotes,3.0,4,2
2024-08-16,Alfajores Pequeños,Bocaditos,0.25,200,150
2024-08-16,Alfajores Grandes,Bocaditos,1.0,100,75
2024-08-16,Galletas Pequeñas,Bocaditos,0.25,200,150
2024-08-16,Galletas Grandes,Bocaditos,1.0,300,290
2024-08-16,Cookie,Bocaditos,2.0,100,70
2024-08-16,Orejitas Pequeñas,Bocaditos,0.25,200,150
2024-08-16,Orejas Grandes,Bocaditos,1.0,100,70
2024-08-16,Beso de Moza,Bocaditos,1.0,80,50
2024-08-16,Caramandugas,Bocaditos,0.25,300,250
2024-08-16,Rosquitas,Bocaditos,0.25,300,250
2024-08-17,Pan Chabatta,Panes,0.25,768,720
2024-08-17,Pan Francés,Panes,0.25,648,612
2024-08-17,Pan Yema Largo,Panes,0.25,360,327
2024-08-17,Pan Yema Redondo,Panes,0.25,360,329
2024-08-17,Pan Chapla,Panes,0.25,144,111
2024-08-17,Pan Coliza,Panes,0.25,192,172
2024-08-17,Pan Integral,Panes,0.25,144,121
2024-08-17,Pan Caracol,Panes,0.25,144,115
2024-08-17,Pan Hamburguesa,Panes,0.4,288,248
2024-08-17,Cachito,Panes,0.25,144,117
2024-08-17,Pan Manjar,Panes,0.3,72,69
2024-08-17,Leche,Abarrotes,4.0,5,4
2024-08-17,Jamon,Abarrotes,2.5,6,6
2024-08-17,Café,Abarrotes,2.0,5,3
2024-08-17,Queso,Abarrotes,3.0,4,3
2024-08-17,Alfajores Pequeños,Bocaditos,0.25,200,156
2024-08-17,Alfajores Grandes,Bocaditos,1.0,100,81
2024-08-17,Galletas Pequeñas,Bocaditos,0.25,200,159
2024-08-17,Galletas Grandes,Bocaditos,1.0,300,294
2024-08-17,Cookie,Bocaditos,2.0,100,70
2024-08-17,Orejitas Pequeñas,Bocaditos,0.25,200,154
2024-08-17,Orejas Grandes,Bocaditos,1.0,100,74
2024-08-17,Beso de Moza,Bocaditos,1.0,80,53
2024-08-17,Caramandugas,Bocaditos,0.25,300,250
2024-08-17,Rosquitas,Bocaditos,0.25,300,255
2024-08-18,Pan Chabatta,Panes,0.25,768,732
2024-08-18,Pan Francés,Panes,0.25,648,611
2024-08-18,Pan Yema Largo,Panes,0.25,360,321
2024-08-18,Pan Yema Redondo,Panes,0.25,360,324
2024-08-18,Pan Chapla,Panes,0.25,144,116
2024-08-18,Pan Coliza,Panes,0.25,192,174
2024-08-18,Pan Integral,Panes,0.25,144,117
2024-08-18,Pan Caracol,Panes,0.25,144,117
2024-08-18,Pan Hamburguesa,Panes,0.4,288,241
2024-08-18,Cachito,Panes,0.25,144,113
2024-08-18,Pan Manjar,Panes,0.3,72,69
2024-08-18,Leche,Abarrotes,4.0,5,2
2024-08-18,Jamon,Abarrotes,2.5,6,4
2024-08-18,Café,Abarrotes,2.0,5,3
2024-08-18,Queso,Abarrotes,3.0,4,3
2024-08-18,Alfajores Pequeños,Bocaditos,0.25,200,150
2024-08-18,Alfajores Grandes,Bocaditos,1.0,100,80
2024-08-18,Galletas Pequeñas,Bocaditos,0.25,200,160
2024-08-18,Galletas Grandes,Bocaditos,1.0,300,292
2024-08-18,Cookie,Bocaditos,2.0,100,71
2024-08-18,Orejitas Pequeñas,Bocaditos,0.25,200,154
2024-08-18,Orejas Grandes,Bocaditos,1.0,100,73
2024-08-18,Beso de Moza,Bocaditos,1.0,80,56
2024-08-18,Caramandugas,Bocaditos,0.25,300,255
2024-08-18,Rosquitas,Bocaditos,0.25,300,252
2024-08-19,Pan Chabatta,Panes,0.25,768,720
2024-08-19,Pan Francés,Panes,0.25,648,610
2024-08-19,Pan Yema Largo,Panes,0.25,360,320
2024-08-19,Pan Yema Redondo,Panes,0.25,360,320
2024-08-19,Pan Chapla,Panes,0.25,144,110
2024-08-19,Pan Coliza,Panes,0.25,192,170
2024-08-19,Pan Integral,Panes,0.25,144,110
2024-08-19,Pan Caracol,Panes,0.25,144,110
2024-08-19,Pan Hamburguesa,Panes,0.4,288,240
2024-08-19,Cachito,Panes,0.25,144,110
2024-08-19,Pan Manjar,Panes,0.3,72,68
2024-08-19,Leche,Abarrotes,4.0,5,2
2024-08-19,Jamon,Abarrotes,2.5,6,3
2024-08-19,Café,Abarrotes,2.0,5,2
2024-08-19,Queso,Abarrotes,3.0,4,2
2024-08-19,Alfajores Pequeños,Bocaditos,0.25,200,150
2024-08-19,Alfajores Grandes,Bocaditos,1.0,100,75
2024-08-19,Galletas Pequeñas,Bocaditos,0.25,200,150
2024-08-19,Galletas Grandes,Bocaditos,1.0,300,290
2024-08-19,Cookie,Bocaditos,2.0,100,70
2024-08-19,Orejitas Pequeñas,Bocaditos,0.25,200,150
2024-08-19,Orejas Grandes,Bocaditos,1.0,100,70
2024-08-19,Beso de Moza,Bocaditos,1.0,80,50
2024-08-19,Caramandugas,Bocaditos,0.25,300,250
2024-08-19,Rosquitas,Bocaditos,0.25,300,250
2024-08-20,Pan Chabatta,Panes,0.25,768,720
2024-08-20,Pan Francés,Panes,0.25,648,610
2024-08-20,Pan Yema Largo,Panes,0.25,360,320
2024-08-20,Pan Yema Redondo,Panes,0.25,360,320
2024-08-20,Pan Chapla,Panes,0.25,144,110
2024-08-20,Pan Coliza,Panes,0.25,192,170
2024-08-20,Pan Integral,Panes,0.25,144,110
2024-08-20,Pan Caracol,Panes,0.25,144,110
2024-08-20,Pan Hamburguesa,Panes,0.4,288,240
2024-08-20,Cachito,Panes,0.25,144,110
2024-08-20,Pan Manjar,Panes,0.3,72,68
2024-08-20,Leche,Abarrotes,4.0,5,2
2024-08-20,Jamon,Abarrotes,2.5,6,3
2024-08-20,Café,Abarrotes,2.0,5,2
2024-08-20,Queso,Abarrotes,3.0,4,2
2024-08-20,Alfajores Pequeños,Bocaditos,0.25,200,150
2024-08-20,Alfajores Grandes,Bocaditos,1.0,100,75
2024-08-20,Galletas Pequeñas,Bocaditos,0.25,200,150
2024-08-20,Galletas Grandes,Bocaditos,1.0,300,290
2024-08-20,Cookie,Bocaditos,2.0,100,70
2024-08-20,Orejitas Pequeñas,Bocaditos,0.25,200,150
2024-08-20,Orejas Grandes,Bocaditos,1.0,100,70
2024-08-20,Beso de Moza,Bocaditos,1.0,80,50
2024-08-20,Caramandugas,Bocaditos,0.25,300,250
2024-08-20,Rosquitas,Bocaditos,0.25,300,250
2024-08-21,Pan Chabatta,Panes,0.25,768,720
2024-08-21,Pan Francés,Panes,0.25,648,610
2024-08-21,Pan Yema Largo,Panes,0.25,360,320
2024-08-21,Pan Yema Redondo,Panes,0.25,360,320
2024-08-21,Pan Chapla,Panes,0.25,144,110
2024-08-21,Pan Coliza,Panes,0.25,192,170
2024-08-21,Pan Integral,Panes,0.25,144,110
2024-08-21,Pan Caracol,Panes,0.25,144,110
2024-08-21,Pan Hamburguesa,Panes,0.4,288,240
2024-08-21,Cachito,Panes,0.25,144,110
2024-08-21,Pan Manjar,Panes,0.3,72,68
2024-08-21,Leche,Abarrotes,4.0,5,2
2024-08-21,Jamon,Abarrotes,2.5,6,5
2024-08-21,Café,Abarrotes,2.0,5,2
2024-08-21,Queso,Abarrotes,3.0,4,2
2024-08-21,Alfajores Pequeños,Bocaditos,0.25,200,150
2024-08-21,Alfajores Grandes,Bocaditos,1.0,100,75
2024-08-21,Galletas Pequeñas,Bocaditos,0.25,200,150
2024-08-21,Galletas Grandes,Bocaditos,1.0,300,290
2024-08-21,Cookie,Bocaditos,2.0,100,70
2024-08-21,Orejitas Pequeñas,Bocaditos,0.25,200,150
2024-08-21,Orejas Grandes,Bocaditos,1.0,100,70
2024-08-21,Beso de Moza,Bocaditos,1.0,80,50
2024-08-21,Caramandugas,Bocaditos,0.25,300,250
2024-08-21,Rosquitas,Bocaditos,0.25,300,250
2024-08-22,Pan Chabatta,Panes,0.25,768,720
2024-08-22,Pan Francés,Panes,0.25,648,610
2024-08-22,Pan Yema Largo,Panes,0.25,360,320
2024-08-22,Pan Yema Redondo,Panes,0.25,360,320
2024-08-22,Pan Chapla,Panes,0.25,144,110
2024-08-22,Pan Coliza,Panes,0.25,192,170
2024-08-22,Pan Integral,Panes,0.25,144,110
2024-08-22,Pan Caracol,Panes,0.25,144,110
2024-08-22,Pan Hamburguesa,Panes,0.4,288,240
2024-08-22,Cachito,Panes,0.25,144,110
2024-08-22,Pan Manjar,Panes,0.3,72,68
2024-08-22,Leche,Abarrotes,4.0,5,3
2024-08-22,Jamon,Abarrotes,2.5,6,3
2024-08-22,Café,Abarrotes,2.0,5,2
2024-08-22,Queso,Abarrotes,3.0,4,2
2024-08-22,Alfajores Pequeños,Bocaditos,0.25,200,150
2024-08-22,Alfajores Grandes,Bocaditos,1.0,100,75
2024-08-22,Galletas Pequeñas,Bocaditos,0.25,200,150
2024-08-22,Galletas Grandes,Bocaditos,1.0,300,290
2024-08-22,Cookie,Bocaditos,2.0,100,70
2024-08-22,Orejitas Pequeñas,Bocaditos,0.25,200,150
2024-08-22,Orejas Grandes,Bocaditos,1.0,100,70
2024-08-22,Beso de Moza,Bocaditos,1.0,80,50
2024-08-22,Caramandugas,Bocaditos,0.25,300,250
2024-08-22,Rosquitas,Bocaditos,0.25,300,250
2024-08-23,Pan Chabatta,Panes,0.25,768,720
2024-08-23,Pan Francés,Panes,0.25,648,610
2024-08-23,Pan Yema Largo,Panes,0.25,360,320
2024-08-23,Pan Yema Redondo,Panes,0.25,360,320
2024-08-23,Pan Chapla,Panes,0.25,144,110
2024-08-23,Pan Coliza,Panes,0.25,192,170
2024-08-23,Pan Integral,Panes,0.25,144,110
2024-08-23,Pan Caracol,Panes,0.25,144,110
2024-08-23,Pan Hamburguesa,Panes,0.4,288,240
2024-08-23,Cachito,Panes,0.25,144,110
2024-08-23,Pan Manjar,Panes,0.3,72,68
2024-08-23,Leche,Abarrotes,4.0,5,2
2024-08-23,Jamon,Abarrotes,2.5,6,3
2024-08-23,Café,Abarrotes,2.0,5,2
2024-08-23,Queso,Abarrotes,3.0,4,2
2024-08-23,Alfajores Pequeños,Bocaditos,0.25,200,150
2024-08-23,Alfajores Grandes,Bocaditos,1.0,100,75
2024-08-23,Galletas Pequeñas,Bocaditos,0.25,200,150
2024-08-23,Galletas Grandes,Bocaditos,1.0,300,290
2024-08-23,Cookie,Bocaditos,2.0,100,70
2024-08-23,Orejitas Pequeñas,Bocaditos,0.25,200,150
2024-08-23,Orejas Grandes,Bocaditos,1.0,100,70
2024-08-23,Beso de Moza,Bocaditos,1.0,80,50
2024-08-23,Caramandugas,Bocaditos,0.25,300,250
2024-08-23,Rosquitas,Bocaditos,0.25,300,250
2024-08-24,Pan Chabatta,Panes,0.25,768,724
2024-08-24,Pan Francés,Panes,0.25,648,610
2024-08-24,Pan Yema Largo,Panes,0.25,360,329
2024-08-24,Pan Yema Redondo,Panes,0.25,360,328
2024-08-24,Pan Chapla,Panes,0.25,144,117
2024-08-24,Pan Coliza,Panes,0.25,192,173
2024-08-24,Pan Integral,Panes,0.25,144,114
2024-08-24,Pan Caracol,Panes,0.25,144,116
2024-08-24,Pan Hamburguesa,Panes,0.4,288,246
2024-08-24,Cachito,Panes,0.25,144,116
2024-08-24,Pan Manjar,Panes,0.3,72,71
2024-08-24,Leche,Abarrotes,4.0,5,2
2024-08-24,Jamon,Abarrotes,2.5,6,3
2024-08-24,Café,Abarrotes,2.0,5,2
2024-08-24,Queso,Abarrotes,3.0,4,3
2024-08-24,Alfajores Pequeños,Bocaditos,0.25,200,159
2024-08-24,Alfajores Grandes,Bocaditos,1.0,100,76
2024-08-24,Galletas Pequeñas,Bocaditos,0.25,200,159
2024-08-24,Galletas Grandes,Bocaditos,1.0,300,294
2024-08-24,Cookie,Bocaditos,2.0,100,72
2024-08-24,Orejitas Pequeñas,Bocaditos,0.25,200,153
2024-08-24,Orejas Grandes,Bocaditos,1.0,100,70
2024-08-24,Beso de Moza,Bocaditos,1.0,80,53
2024-08-24,Caramandugas,Bocaditos,0.25,300,257
2024-08-24,Rosquitas,Bocaditos,0.25,300,259
2024-08-25,Pan Chabatta,Panes,0.25,768,739
2024-08-25,Pan Francés,Panes,0.25,648,618
2024-08-25,Pan Yema Largo,Panes,0.25,360,323
2024-08-25,Pan Yema Redondo,Panes,0.25,360,321
2024-08-25,Pan Chapla,Panes,0.25,144,112
2024-08-25,Pan Coliza,Panes,0.25,192,174
2024-08-25,Pan Integral,Panes,0.25,144,114
2024-08-25,Pan Caracol,Panes,0.25,144,119
2024-08-25,Pan Hamburguesa,Panes,0.4,288,243
2024-08-25,Cachito,Panes,0.25,144,120
2024-08-25,Pan Manjar,Panes,0.3,72,71
2024-08-25,Leche,Abarrotes,4.0,5,5
2024-08-25,Jamon,Abarrotes,2.5,6,5
2024-08-25,Café,Abarrotes,2.0,5,4
2024-08-25,Queso,Abarrotes,3.0,4,4
2024-08-25,Alfajores Pequeños,Bocaditos,0.25,200,151
2024-08-25,Alfajores Grandes,Bocaditos,1.0,100,77
2024-08-25,Galletas Pequeñas,Bocaditos,0.25,200,155
2024-08-25,Galletas Grandes,Bocaditos,1.0,300,291
2024-08-25,Cookie,Bocaditos,2.0,100,76
2024-08-25,Orejitas Pequeñas,Bocaditos,0.25,200,158
2024-08-25,Orejas Grandes,Bocaditos,1.0,100,74
2024-08-25,Beso de Moza,Bocaditos,1.0,80,50
2024-08-25,Caramandugas,Bocaditos,0.25,300,259
2024-08-25,Rosquitas,Bocaditos,0.25,300,250
2024-08-26,Pan Chabatta,Panes,0.25,768,720
2024-08-26,Pan Francés,Panes,0.25,648,610
2024-08-26,Pan Yema Largo,Panes,0.25,360,320
2024-08-26,Pan Yema Redondo,Panes,0.25,360,320
2024-08-26,Pan Chapla,Panes,0.25,144,110
2024-08-26,Pan Coliza,Panes,0.25,192,170
2024-08-26,Pan Integral,Panes,0.25,144,110
2024-08-26,Pan Caracol,Panes,0.25,144,110
2024-08-26,Pan Hamburguesa,Panes,0.4,288,240
2024-08-26,Cachito,Panes,0.25,144,110
2024-08-26,Pan Manjar,Panes,0.3,72,68
2024-08-26,Leche,Abarrotes,4.0,5,2
2024-08-26,Jamon,Abarrotes,2.5,6,3
2024-08-26,Café,Abarrotes,2.0,5,2
2024-08-26,Queso,Abarrotes,3.0,4,2
2024-08-26,Alfajores Pequeños,Bocaditos,0.25,200,150
2024-08-26,Alfajores Grandes,Bocaditos,1.0,100,75
2024-08-26,Galletas Pequeñas,Bocaditos,0.25,200,150
2024-08-26,Galletas Grandes,Bocaditos,1.0,300,290
2024-08-26,Cookie,Bocaditos,2.0,100,70
2024-08-26,Orejitas Pequeñas,Bocaditos,0.25,200,150
2024-08-26,Orejas Grandes,Bocaditos,1.0,100,70
2024-08-26,Beso de Moza,Bocaditos,1.0,80,50
2024-08-26,Caramandugas,Bocaditos,0.25,300,250
2024-08-26,Rosquitas,Bocaditos,0.25,300,250
2024-08-27,Pan Chabatta,Panes,0.25,768,720
2024-08-27,Pan Francés,Panes,0.25,648,610
2024-08-27,Pan Yema Largo,Panes,0.25,360,320
2024-08-27,Pan Yema Redondo,Panes,0.25,360,320
2024-08-27,Pan Chapla,Panes,0.25,144,110
2024-08-27,Pan Coliza,Panes,0.25,192,170
2024-08-27,Pan Integral,Panes,0.25,144,110
2024-08-27,Pan Caracol,Panes,0.25,144,110
2024-08-27,Pan Hamburguesa,Panes,0.4,288,240
2024-08-27,Cachito,Panes,0.25,144,110
2024-08-27,Pan Manjar,Panes,0.3,72,68
2024-08-27,Leche,Abarrotes,4.0,5,3
2024-08-27,Jamon,Abarrotes,2.5,6,3
2024-08-27,Café,Abarrotes,2.0,5,4
2024-08-27,Queso,Abarrotes,3.0,4,2
2024-08-27,Alfajores Pequeños,Bocaditos,0.25,200,150
2024-08-27,Alfajores Grandes,Bocaditos,1.0,100,75
2024-08-27,Galletas Pequeñas,Bocaditos,0.25,200,150
2024-08-27,Galletas Grandes,Bocaditos,1.0,300,290
2024-08-27,Cookie,Bocaditos,2.0,100,70
2024-08-27,Orejitas Pequeñas,Bocaditos,0.25,200,150
2024-08-27,Orejas Grandes,Bocaditos,1.0,100,70
2024-08-27,Beso de Moza,Bocaditos,1.0,80,50
2024-08-27,Caramandugas,Bocaditos,0.25,300,250
2024-08-27,Rosquitas,Bocaditos,0.25,300,250
2024-08-28,Pan Chabatta,Panes,0.25,768,720
2024-08-28,Pan Francés,Panes,0.25,648,610
2024-08-28,Pan Yema Largo,Panes,0.25,360,320
2024-08-28,Pan Yema Redondo,Panes,0.25,360,320
2024-08-28,Pan Chapla,Panes,0.25,144,110
2024-08-28,Pan Coliza,Panes,0.25,192,170
2024-08-28,Pan Integral,Panes,0.25,144,110
2024-08-28,Pan Caracol,Panes,0.25,144,110
2024-08-28,Pan Hamburguesa,Panes,0.4,288,240
2024-08-28,Cachito,Panes,0.25,144,110
2024-08-28,Pan Manjar,Panes,0.3,72,68
2024-08-28,Leche,Abarrotes,4.0,5,4
2024-08-28,Jamon,Abarrotes,2.5,6,5
2024-08-28,Café,Abarrotes,2.0,5,2
2024-08-28,Queso,Abarrotes,3.0,4,2
2024-08-28,Alfajores Pequeños,Bocaditos,0.25,200,150
2024-08-28,Alfajores Grandes,Bocaditos,1.0,100,75
2024-08-28,Galletas Pequeñas,Bocaditos,0.25,200,150
2024-08-28,Galletas Grandes,Bocaditos,1.0,300,290
2024-08-28,Cookie,Bocaditos,2.0,100,70
2024-08-28,Orejitas Pequeñas,Bocaditos,0.25,200,150
2024-08-28,Orejas Grandes,Bocaditos,1.0,100,70
2024-08-28,Beso de Moza,Bocaditos,1.0,80,50
2024-08-28,Caramandugas,Bocaditos,0.25,300,250
2024-08-28,Rosquitas,Bocaditos,0.25,300,250
2024-08-29,Pan Chabatta,Panes,0.25,768,720
2024-08-29,Pan Francés,Panes,0.25,648,610
2024-08-29,Pan Yema Largo,Panes,0.25,360,320
2024-08-29,Pan Yema Redondo,Panes,0.25,360,320
2024-08-29,Pan Chapla,Panes,0.25,144,110
2024-08-29,Pan Coliza,Panes,0.25,192,170
2024-08-29,Pan Integral,Panes,0.25,144,110
2024-08-29,Pan Caracol,Panes,0.25,144,110
2024-08-29,Pan Hamburguesa,Panes,0.4,288,240
2024-08-29,Cachito,Panes,0.25,144,110
2024-08-29,Pan Manjar,Panes,0.3,72,68
2024-08-29,Leche,Abarrotes,4.0,5,3
2024-08-29,Jamon,Abarrotes,2.5,6,4
2024-08-29,Café,Abarrotes,2.0,5,2
2024-08-29,Queso,Abarrotes,3.0,4,3
2024-08-29,Alfajores Pequeños,Bocaditos,0.25,200,150
2024-08-29,Alfajores Grandes,Bocaditos,1.0,100,75
2024-08-29,Galletas Pequeñas,Bocaditos,0.25,200,150
2024-08-29,Galletas Grandes,Bocaditos,1.0,300,290
2024-08-29,Cookie,Bocaditos,2.0,100,70
2024-08-29,Orejitas Pequeñas,Bocaditos,0.25,200,150
2024-08-29,Orejas Grandes,Bocaditos,1.0,100,70
2024-08-29,Beso de Moza,Bocaditos,1.0,80,50
2024-08-29,Caramandugas,Bocaditos,0.25,300,250
2024-08-29,Rosquitas,Bocaditos,0.25,300,250
2024-08-30,Pan Chabatta,Panes,0.25,768,720
2024-08-30,Pan Francés,Panes,0.25,648,610
2024-08-30,Pan Yema Largo,Panes,0.25,360,320
2024-08-30,Pan Yema Redondo,Panes,0.25,360,320
2024-08-30,Pan Chapla,Panes,0.25,144,110
2024-08-30,Pan Coliza,Panes,0.25,192,170
2024-08-30,Pan Integral,Panes,0.25,144,110
2024-08-30,Pan Caracol,Panes,0.25,144,110
2024-08-30,Pan Hamburguesa,Panes,0.4,288,240
2024-08-30,Cachito,Panes,0.25,144,110
2024-08-30,Pan Manjar,Panes,0.3,72,68
2024-08-30,Leche,Abarrotes,4.0,5,2
2024-08-30,Jamon,Abarrotes,2.5,6,5
2024-08-30,Café,Abarrotes,2.0,5,2
2024-08-30,Queso,Abarrotes,3.0,4,2
2024-08-30,Alfajores Pequeños,Bocaditos,0.25,200,150
2024-08-30,Alfajores Grandes,Bocaditos,1.0,100,75
2024-08-30,Galletas Pequeñas,Bocaditos,0.25,200,150
2024-08-30,Galletas Grandes,Bocaditos,1.0,300,290
2024-08-30,Cookie,Bocaditos,2.0,100,70
2024-08-30,Orejitas Pequeñas,Bocaditos,0.25,200,150
2024-08-30,Orejas Grandes,Bocaditos,1.0,100,70
2024-08-30,Beso de Moza,Bocaditos,1.0,80,50
2024-08-30,Caramandugas,Bocaditos,0.25,300,250
2024-08-30,Rosquitas,Bocaditos,0.25,300,250
2024-08-31,Pan Chabatta,Panes,0.25,768,723
2024-08-31,Pan Francés,Panes,0.25,648,613
2024-08-31,Pan Yema Largo,Panes,0.25,360,328
2024-08-31,Pan Yema Redondo,Panes,0.25,360,323
2024-08-31,Pan Chapla,Panes,0.25,144,118
2024-08-31,Pan Coliza,Panes,0.25,192,173
2024-08-31,Pan Integral,Panes,0.25,144,115
2024-08-31,Pan Caracol,Panes,0.25,144,111
2024-08-31,Pan Hamburguesa,Panes,0.4,288,240
2024-08-31,Cachito,Panes,0.25,144,115
2024-08-31,Pan Manjar,Panes,0.3,72,69
2024-08-31,Leche,Abarrotes,4.0,5,3
2024-08-31,Jamon,Abarrotes,2.5,6,5
2024-08-31,Café,Abarrotes,2.0,5,5
2024-08-31,Queso,Abarrotes,3.0,4,2
2024-08-31,Alfajores Pequeños,Bocaditos,0.25,200,154
2024-08-31,Alfajores Grandes,Bocaditos,1.0,100,81
2024-08-31,Galletas Pequeñas,Bocaditos,0.25,200,152
2024-08-31,Galletas Grandes,Bocaditos,1.0,300,290
2024-08-31,Cookie,Bocaditos,2.0,100,73
2024-08-31,Orejitas Pequeñas,Bocaditos,0.25,200,156
2024-08-31,Orejas Grandes,Bocaditos,1.0,100,75
2024-08-31,Beso de Moza,Bocaditos,1.0,80,58
2024-08-31,Caramandugas,Bocaditos,0.25,300,253
2024-08-31,Rosquitas,Bocaditos,0.25,300,252
2024-09-01,Pan Chabatta,Panes,0.25,768,733
2024-09-01,Pan Francés,Panes,0.25,648,617
2024-09-01,Pan Yema Largo,Panes,0.25,360,322
2024-09-01,Pan Yema Redondo,Panes,0.25,360,323
2024-09-01,Pan Chapla,Panes,0.25,144,116
2024-09-01,Pan Coliza,Panes,0.25,192,172
2024-09-01,Pan Integral,Panes,0.25,144,119
2024-09-01,Pan Caracol,Panes,0.25,144,118
2024-09-01,Pan Hamburguesa,Panes,0.4,288,242
2024-09-01,Cachito,Panes,0.25,144,116
2024-09-01,Pan Manjar,Panes,0.3,72,68
2024-09-01,Leche,Abarrotes,4.0,5,2
2024-09-01,Jamon,Abarrotes,2.5,6,3
2024-09-01,Café,Abarrotes,2.0,5,2
2024-09-01,Queso,Abarrotes,3.0,4,3
2024-09-01,Alfajores Pequeños,Bocaditos,0.25,200,153
2024-09-01,Alfajores Grandes,Bocaditos,1.0,100,77
2024-09-01,Galletas Pequeñas,Bocaditos,0.25,200,150
2024-09-01,Galletas Grandes,Bocaditos,1.0,300,292
2024-09-01,Cookie,Bocaditos,2.0,100,73
2024-09-01,Orejitas Pequeñas,Bocaditos,0.25,200,155
2024-09-01,Orejas Grandes,Bocaditos,1.0,100,72
2024-09-01,Beso de Moza,Bocaditos,1.0,80,59
2024-09-01,Caramandugas,Bocaditos,0.25,300,258
2024-09-01,Rosquitas,Bocaditos,0.25,300,253
2024-09-02,Pan Chabatta,Panes,0.25,768,720
2024-09-02,Pan Francés,Panes,0.25,648,610
2024-09-02,Pan Yema Largo,Panes,0.25,360,320
2024-09-02,Pan Yema Redondo,Panes,0.25,360,320
2024-09-02,Pan Chapla,Panes,0.25,144,110
2024-09-02,Pan Coliza,Panes,0.25,192,170
2024-09-02,Pan Integral,Panes,0.25,144,110
2024-09-02,Pan Caracol,Panes,0.25,144,110
2024-09-02,Pan Hamburguesa,Panes,0.4,288,240
2024-09-02,Cachito,Panes,0.25,144,110
2024-09-02,Pan Manjar,Panes,0.3,72,68
2024-09-02,Leche,Abarrotes,4.0,5,3
2024-09-02,Jamon,Abarrotes,2.5,6,3
2024-09-02,Café,Abarrotes,2.0,5,2
2024-09-02,Queso,Abarrotes,3.0,4,2
2024-09-02,Alfajores Pequeños,Bocaditos,0.25,200,150
2024-09-02,Alfajores Grandes,Bocaditos,1.0,100,75
2024-09-02,Galletas Pequeñas,Bocaditos,0.25,200,150
2024-09-02,Galletas Grandes,Bocaditos,1.0,300,290
2024-09-02,Cookie,Bocaditos,2.0,100,70
2024-09-02,Orejitas Pequeñas,Bocaditos,0.25,200,150
2024-09-02,Orejas Grandes,Bocaditos,1.0,100,70
2024-09-02,Beso de Moza,Bocaditos,1.0,80,50
2024-09-02,Caramandugas,Bocaditos,0.25,300,250
2024-09-02,Rosquitas,Bocaditos,0.25,300,250
2024-09-03,Pan Chabatta,Panes,0.25,768,720
2024-09-03,Pan Francés,Panes,0.25,648,610
2024-09-03,Pan Yema Largo,Panes,0.25,360,320
2024-09-03,Pan Yema Redondo,Panes,0.25,360,320
2024-09-03,Pan Chapla,Panes,0.25,144,110
2024-09-03,Pan Coliza,Panes,0.25,192,170
2024-09-03,Pan Integral,Panes,0.25,144,110
2024-09-03,Pan Caracol,Panes,0.25,144,110
2024-09-03,Pan Hamburguesa,Panes,0.4,288,240
2024-09-03,Cachito,Panes,0.25,144,110
2024-09-03,Pan Manjar,Panes,0.3,72,68
2024-09-03,Leche,Abarrotes,4.0,5,2
2024-09-03,Jamon,Abarrotes,2.5,6,3
2024-09-03,Café,Abarrotes,2.0,5,3
2024-09-03,Queso,Abarrotes,3.0,4,2
2024-09-03,Alfajores Pequeños,Bocaditos,0.25,200,150
2024-09-03,Alfajores Grandes,Bocaditos,1.0,100,75
2024-09-03,Galletas Pequeñas,Bocaditos,0.25,200,150
2024-09-03,Galletas Grandes,Bocaditos,1.0,300,290
2024-09-03,Cookie,Bocaditos,2.0,100,70
2024-09-03,Orejitas Pequeñas,Bocaditos,0.25,200,150
2024-09-03,Orejas Grandes,Bocaditos,1.0,100,70
2024-09-03,Beso de Moza,Bocaditos,1.0,80,50
2024-09-03,Caramandugas,Bocaditos,0.25,300,250
2024-09-03,Rosquitas,Bocaditos,0.25,300,250
2024-09-04,Pan Chabatta,Panes,0.25,768,720
2024-09-04,Pan Francés,Panes,0.25,648,610
2024-09-04,Pan Yema Largo,Panes,0.25,360,320
2024-09-04,Pan Yema Redondo,Panes,0.25,360,320
2024-09-04,Pan Chapla,Panes,0.25,144,110
2024-09-04,Pan Coliza,Panes,0.25,192,170
2024-09-04,Pan Integral,Panes,0.25,144,110
2024-09-04,Pan Caracol,Panes,0.25,144,110
2024-09-04,Pan Hamburguesa,Panes,0.4,288,240
2024-09-04,Cachito,Panes,0.25,144,110
2024-09-04,Pan Manjar,Panes,0.3,72,68
2024-09-04,Leche,Abarrotes,4.0,5,2
2024-09-04,Jamon,Abarrotes,2.5,6,3
2024-09-04,Café,Abarrotes,2.0,5,2
2024-09-04,Queso,Abarrotes,3.0,4,2
2024-09-04,Alfajores Pequeños,Bocaditos,0.25,200,150
2024-09-04,Alfajores Grandes,Bocaditos,1.0,100,75
2024-09-04,Galletas Pequeñas,Bocaditos,0.25,200,150
2024-09-04,Galletas Grandes,Bocaditos,1.0,300,290
2024-09-04,Cookie,Bocaditos,2.0,100,70
2024-09-04,Orejitas Pequeñas,Bocaditos,0.25,200,150
2024-09-04,Orejas Grandes,Bocaditos,1.0,100,70
2024-09-04,Beso de Moza,Bocaditos,1.0,80,50
2024-09-04,Caramandugas,Bocaditos,0.25,300,250
2024-09-04,Rosquitas,Bocaditos,0.25,300,250
2024-09-05,Pan Chabatta,Panes,0.25,768,720
2024-09-05,Pan Francés,Panes,0.25,648,610
2024-09-05,Pan Yema Largo,Panes,0.25,360,320
2024-09-05,Pan Yema Redondo,Panes,0.25,360,320
2024-09-05,Pan Chapla,Panes,0.25,144,110
2024-09-05,Pan Coliza,Panes,0.25,192,170
2024-09-05,Pan Integral,Panes,0.25,144,110
2024-09-05,Pan Caracol,Panes,0.25,144,110
2024-09-05,Pan Hamburguesa,Panes,0.4,288,240
2024-09-05,Cachito,Panes,0.25,144,110
2024-09-05,Pan Manjar,Panes,0.3,72,68
2024-09-05,Leche,Abarrotes,4.0,5,2
2024-09-05,Jamon,Abarrotes,2.5,6,5
2024-09-05,Café,Abarrotes,2.0,5,2
2024-09-05,Queso,Abarrotes,3.0,4,3
2024-09-05,Alfajores Pequeños,Bocaditos,0.25,200,150
2024-09-05,Alfajores Grandes,Bocaditos,1.0,100,75
2024-09-05,Galletas Pequeñas,Bocaditos,0.25,200,150
2024-09-05,Galletas Grandes,Bocaditos,1.0,300,290
2024-09-05,Cookie,Bocaditos,2.0,100,70
2024-09-05,Orejitas Pequeñas,Bocaditos,0.25,200,150
2024-09-05,Orejas Grandes,Bocaditos,1.0,100,70
2024-09-05,Beso de Moza,Bocaditos,1.0,80,50
2024-09-05,Caramandugas,Bocaditos,0.25,300,250
2024-09-05,Rosquitas,Bocaditos,0.25,300,250
2024-09-06,Pan Chabatta,Panes,0.25,768,720
2024-09-06,Pan Francés,Panes,0.25,648,610
2024-09-06,Pan Yema Largo,Panes,0.25,360,320
2024-09-06,Pan Yema Redondo,Panes,0.25,360,320
2024-09-06,Pan Chapla,Panes,0.25,144,110
2024-09-06,Pan Coliza,Panes,0.25,192,170
2024-09-06,Pan Integral,Panes,0.25,144,110
2024-09-06,Pan Caracol,Panes,0.25,144,110
2024-09-06,Pan Hamburguesa,Panes,0.4,288,240
2024-09-06,Cachito,Panes,0.25,144,110
2024-09-06,Pan Manjar,Panes,0.3,72,68
2024-09-06,Leche,Abarrotes,4.0,5,2
2024-09-06,Jamon,Abarrotes,2.5,6,5
2024-09-06,Café,Abarrotes,2.0,5,2
2024-09-06,Queso,Abarrotes,3.0,4,2
2024-09-06,Alfajores Pequeños,Bocaditos,0.25,200,150
2024-09-06,Alfajores Grandes,Bocaditos,1.0,100,75
2024-09-06,Galletas Pequeñas,Bocaditos,0.25,200,150
2024-09-06,Galletas Grandes,Bocaditos,1.0,300,290
2024-09-06,Cookie,Bocaditos,2.0,100,70
2024-09-06,Orejitas Pequeñas,Bocaditos,0.25,200,150
2024-09-06,Orejas Grandes,Bocaditos,1.0,100,70
2024-09-06,Beso de Moza,Bocaditos,1.0,80,50
2024-09-06,Caramandugas,Bocaditos,0.25,300,250
2024-09-06,Rosquitas,Bocaditos,0.25,300,250
2024-09-07,Pan Chabatta,Panes,0.25,768,741
2024-09-07,Pan Francés,Panes,0.25,648,613
2024-09-07,Pan Yema Largo,Panes,0.25,360,321
2024-09-07,Pan Yema Redondo,Panes,0.25,360,325
2024-09-07,Pan Chapla,Panes,0.25,144,119
2024-09-07,Pan Coliza,Panes,0.25,192,172
2024-09-07,Pan Integral,Panes,0.25,144,118
2024-09-07,Pan Caracol,Panes,0.25,144,121
2024-09-07,Pan Hamburguesa,Panes,0.4,288,249
2024-09-07,Cachito,Panes,0.25,144,111
2024-09-07,Pan Manjar,Panes,0.3,72,69
2024-09-07,Leche,Abarrotes,4.0,5,2
2024-09-07,Jamon,Abarrotes,2.5,6,3
2024-09-07,Café,Abarrotes,2.0,5,3
2024-09-07,Queso,Abarrotes,3.0,4,3
2024-09-07,Alfajores Pequeños,Bocaditos,0.25,200,153
2024-09-07,Alfajores Grandes,Bocaditos,1.0,100,75
2024-09-07,Galletas Pequeñas,Bocaditos,0.25,200,153
2024-09-07,Galletas Grandes,Bocaditos,1.0,300,294
2024-09-07,Cookie,Bocaditos,2.0,100,72
2024-09-07,Orejitas Pequeñas,Bocaditos,0.25,200,151
2024-09-07,Orejas Grandes,Bocaditos,1.0,100,74
2024-09-07,Beso de Moza,Bocaditos,1.0,80,56
2024-09-07,Caramandugas,Bocaditos,0.25,300,252
2024-09-07,Rosquitas,Bocaditos,0.25,300,251
2024-09-08,Pan Chabatta,Panes,0.25,768,734
2024-09-08,Pan Francés,Panes,0.25,648,617
2024-09-08,Pan Yema Largo,Panes,0.25,360,324
2024-09-08,Pan Yema Redondo,Panes,0.25,360,327
2024-09-08,Pan Chapla,Panes,0.25,144,114
2024-09-08,Pan Coliza,Panes,0.25,192,172
2024-09-08,Pan Integral,Panes,0.25,144,112
2024-09-08,Pan Caracol,Panes,0.25,144,113
2024-09-08,Pan Hamburguesa,Panes,0.4,288,246
2024-09-08,Cachito,Panes,0.25,144,113
2024-09-08,Pan Manjar,Panes,0.3,72,70
2024-09-08,Leche,Abarrotes,4.0,5,5
2024-09-08,Jamon,Abarrotes,2.5,6,3
2024-09-08,Café,Abarrotes,2.0,5,4
2024-09-08,Queso,Abarrotes,3.0,4,2
2024-09-08,Alfajores Pequeños,Bocaditos,0.25,200,150
2024-09-08,Alfajores Grandes,Bocaditos,1.0,100,76
2024-09-08,Galletas Pequeñas,Bocaditos,0.25,200,159
2024-09-08,Galletas Grandes,Bocaditos,1.0,300,293
2024-09-08,Cookie,Bocaditos,2.0,100,74
2024-09-08,Orejitas Pequeñas,Bocaditos,0.25,200,159
2024-09-08,Orejas Grandes,Bocaditos,1.0,100,76
2024-09-08,Beso de Moza,Bocaditos,1.0,80,51
2024-09-08,Caramandugas,Bocaditos,0.25,300,257
2024-09-08,Rosquitas,Bocaditos,0.25,300,258
2024-09-09,Pan Chabatta,Panes,0.25,768,720
2024-09-09,Pan Francés,Panes,0.25,648,610
2024-09-09,Pan Yema Largo,Panes,0.25,360,320
2024-09-09,Pan Yema Redondo,Panes,0.25,360,320
2024-09-09,Pan Chapla,Panes,0.25,144,110
2024-09-09,Pan Coliza,Panes,0.25,192,170
2024-09-09,Pan Integral,Panes,0.25,144,110
2024-09-09,Pan Caracol,Panes,0.25,144,110
2024-09-09,Pan Hamburguesa,Panes,0.4,288,240
2024-09-09,Cachito,Panes,0.25,144,110
2024-09-09,Pan Manjar,Panes,0.3,72,68
2024-09-09,Leche,Abarrotes,4.0,5,3
2024-09-09,Jamon,Abarrotes,2.5,6,3
2024-09-09,Café,Abarrotes,2.0,5,3
2024-09-09,Queso,Abarrotes,3.0,4,2
2024-09-09,Alfajores Pequeños,Bocaditos,0.25,200,150
2024-09-09,Alfajores Grandes,Bocaditos,1.0,100,75
2024-09-09,Galletas Pequeñas,Bocaditos,0.25,200,150
2024-09-09,Galletas Grandes,Bocaditos,1.0,300,290
2024-09-09,Cookie,Bocaditos,2.0,100,70
2024-09-09,Orejitas Pequeñas,Bocaditos,0.25,200,150
2024-09-09,Orejas Grandes,Bocaditos,1.0,100,70
2024-09-09,Beso de Moza,Bocaditos,1.0,80,50
2024-09-09,Caramandugas,Bocaditos,0.25,300,250
2024-09-09,Rosquitas,Bocaditos,0.25,300,250
2024-09-10,Pan Chabatta,Panes,0.25,768,720
2024-09-10,Pan Francés,Panes,0.25,648,610
2024-09-10,Pan Yema Largo,Panes,0.25,360,320
2024-09-10,Pan Yema Redondo,Panes,0.25,360,320
2024-09-10,Pan Chapla,Panes,0.25,144,110
2024-09-10,Pan Coliza,Panes,0.25,192,170
2024-09-10,Pan Integral,Panes,0.25,144,110
2024-09-10,Pan Caracol,Panes,0.25,144,110
2024-09-10,Pan Hamburguesa,Panes,0.4,288,240
2024-09-10,Cachito,Panes,0.25,144,110
2024-09-10,Pan Manjar,Panes,0.3,72,68
2024-09-10,Leche,Abarrotes,4.0,5,2
2024-09-10,Jamon,Abarrotes,2.5,6,4
2024-09-10,Café,Abarrotes,2.0,5,2
2024-09-10,Queso,Abarrotes,3.0,4,2
2024-09-10,Alfajores Pequeños,Bocaditos,0.25,200,150
2024-09-10,Alfajores Grandes,Bocaditos,1.0,100,75
2024-09-10,Galletas Pequeñas,Bocaditos,0.25,200,150
2024-09-10,Galletas Grandes,Bocaditos,1.0,300,290
2024-09-10,Cookie,Bocaditos,2.0,100,70
2024-09-10,Orejitas Pequeñas,Bocaditos,0.25,200,150
2024-09-10,Orejas Grandes,Bocaditos,1.0,100,70
2024-09-10,Beso de Moza,Bocaditos,1.0,80,50
2024-09-10,Caramandugas,Bocaditos,0.25,300,250
2024-09-10,Rosquitas,Bocaditos,0.25,300,250
2024-09-11,Pan Chabatta,Panes,0.25,768,720
2024-09-11,Pan Francés,Panes,0.25,648,610
2024-09-11,Pan Yema Largo,Panes,0.25,360,320
2024-09-11,Pan Yema Redondo,Panes,0.25,360,320
2024-09-11,Pan Chapla,Panes,0.25,144,110
2024-09-11,Pan Coliza,Panes,0.25,192,170
2024-09-11,Pan Integral,Panes,0.25,144,110
2024-09-11,Pan Caracol,Panes,0.25,144,110
2024-09-11,Pan Hamburguesa,Panes,0.4,288,240
2024-09-11,Cachito,Panes,0.25,144,110
2024-09-11,Pan Manjar,Panes,0.3,72,68
2024-09-11,Leche,Abarrotes,4.0,5,2
2024-09-11,Jamon,Abarrotes,2.5,6,3
2024-09-11,Café,Abarrotes,2.0,5,2
2024-09-11,Queso,Abarrotes,3.0,4,2
2024-09-11,Alfajores Pequeños,Bocaditos,0.25,200,150
2024-09-11,Alfajores Grandes,Bocaditos,1.0,100,75
2024-09-11,Galletas Pequeñas,Bocaditos,0.25,200,150
2024-09-11,Galletas Grandes,Bocaditos,1.0,300,290
2024-09-11,Cookie,Bocaditos,2.0,100,70
2024-09-11,Orejitas Pequeñas,Bocaditos,0.25,200,150
2024-09-11,Orejas Grandes,Bocaditos,1.0,100,70
2024-09-11,Beso de Moza,Bocaditos,1.0,80,50
2024-09-11,Caramandugas,Bocaditos,0.25,300,250
2024-09-11,Rosquitas,Bocaditos,0.25,300,250
2024-09-12,Pan Chabatta,Panes,0.25,768,720
2024-09-12,Pan Francés,Panes,0.25,648,610
2024-09-12,Pan Yema Largo,Panes,0.25,360,320
2024-09-12,Pan Yema Redondo,Panes,0.25,360,320
2024-09-12,Pan Chapla,Panes,0.25,144,110
2024-09-12,Pan Coliza,Panes,0.25,192,170
2024-09-12,Pan Integral,Panes,0.25,144,110
2024-09-12,Pan Caracol,Panes,0.25,144,110
2024-09-12,Pan Hamburguesa,Panes,0.4,288,240
2024-09-12,Cachito,Panes,0.25,144,110
2024-09-12,Pan Manjar,Panes,0.3,72,68
2024-09-12,Leche,Abarrotes,4.0,5,3
2024-09-12,Jamon,Abarrotes,2.5,6,3
2024-09-12,Café,Abarrotes,2.0,5,3
2024-09-12,Queso,Abarrotes,3.0,4,2
2024-09-12,Alfajores Pequeños,Bocaditos,0.25,200,150
2024-09-12,Alfajores Grandes,Bocaditos,1.0,100,75
2024-09-12,Galletas Pequeñas,Bocaditos,0.25,200,150
2024-09-12,Galletas Grandes,Bocaditos,1.0,300,290
2024-09-12,Cookie,Bocaditos,2.0,100,70
2024-09-12,Orejitas Pequeñas,Bocaditos,0.25,200,150
2024-09-12,Orejas Grandes,Bocaditos,1.0,100,70
2024-09-12,Beso de Moza,Bocaditos,1.0,80,50
2024-09-12,Caramandugas,Bocaditos,0.25,300,250
2024-09-12,Rosquitas,Bocaditos,0.25,300,250
2024-09-13,Pan Chabatta,Panes,0.25,768,720
2024-09-13,Pan Francés,Panes,0.25,648,610
2024-09-13,Pan Yema Largo,Panes,0.25,360,320
2024-09-13,Pan Yema Redondo,Panes,0.25,360,320
2024-09-13,Pan Chapla,Panes,0.25,144,110
2024-09-13,Pan Coliza,Panes,0.25,192,170
2024-09-13,Pan Integral,Panes,0.25,144,110
2024-09-13,Pan Caracol,Panes,0.25,144,110
2024-09-13,Pan Hamburguesa,Panes,0.4,288,240
2024-09-13,Cachito,Panes,0.25,144,110
2024-09-13,Pan Manjar,Panes,0.3,72,68
2024-09-13,Leche,Abarrotes,4.0,5,3
2024-09-13,Jamon,Abarrotes,2.5,6,3
2024-09-13,Café,Abarrotes,2.0,5,2
2024-09-13,Queso,Abarrotes,3.0,4,2
2024-09-13,Alfajores Pequeños,Bocaditos,0.25,200,150
2024-09-13,Alfajores Grandes,Bocaditos,1.0,100,75
2024-09-13,Galletas Pequeñas,Bocaditos,0.25,200,150
2024-09-13,Galletas Grandes,Bocaditos,1.0,300,290
2024-09-13,Cookie,Bocaditos,2.0,100,70
2024-09-13,Orejitas Pequeñas,Bocaditos,0.25,200,150
2024-09-13,Orejas Grandes,Bocaditos,1.0,100,70
2024-09-13,Beso de Moza,Bocaditos,1.0,80,52
2024-09-13,Caramandugas,Bocaditos,0.25,300,250
2024-09-13,Rosquitas,Bocaditos,0.25,300,250
2024-09-14,Pan Chabatta,Panes,0.25,768,724
2024-09-14,Pan Francés,Panes,0.25,648,612
2024-09-14,Pan Yema Largo,Panes,0.25,360,325
2024-09-14,Pan Yema Redondo,Panes,0.25,360,327
2024-09-14,Pan Chapla,Panes,0.25,144,113
2024-09-14,Pan Coliza,Panes,0.25,192,170
2024-09-14,Pan Integral,Panes,0.25,144,120
2024-09-14,Pan Caracol,Panes,0.25,144,121
2024-09-14,Pan Hamburguesa,Panes,0.4,288,241
2024-09-14,Cachito,Panes,0.25,144,117
2024-09-14,Pan Manjar,Panes,0.3,72,69
2024-09-14,Leche,Abarrotes,4.0,5,4
2024-09-14,Jamon,Abarrotes,2.5,6,3
2024-09-14,Café,Abarrotes,2.0,5,5
2024-09-14,Queso,Abarrotes,3.0,4,3
2024-09-14,Alfajores Pequeños,Bocaditos,0.25,200,150
2024-09-14,Alfajores Grandes,Bocaditos,1.0,100,76
2024-09-14,Galletas Pequeñas,Bocaditos,0.25,200,159
2024-09-14,Galletas Grandes,Bocaditos,1.0,300,292
2024-09-14,Cookie,Bocaditos,2.0,100,73
2024-09-14,Orejitas Pequeñas,Bocaditos,0.25,200,158
2024-09-14,Orejas Grandes,Bocaditos,1.0,100,70
2024-09-14,Beso de Moza,Bocaditos,1.0,80,54
2024-09-14,Caramandugas,Bocaditos,0.25,300,259
2024-09-14,Rosquitas,Bocaditos,0.25,300,252
2024-09-15,Pan Chabatta,Panes,0.25,768,738
2024-09-15,Pan Francés,Panes,0.25,648,611
2024-09-15,Pan Yema Largo,Panes,0.25,360,328
2024-09-15,Pan Yema Redondo,Panes,0.25,360,321
2024-09-15,Pan Chapla,Panes,0.25,144,117
2024-09-15,Pan Coliza,Panes,0.25,192,174
2024-09-15,Pan Integral,Panes,0.25,144,114
2024-09-15,Pan Caracol,Panes,0.25,144,118
2024-09-15,Pan Hamburguesa,Panes,0.4,288,240
2024-09-15,Cachito,Panes,0.25,144,110
2024-09-15,Pan Manjar,Panes,0.3,72,69
2024-09-15,Leche,Abarrotes,4.0,5,4
2024-09-15,Jamon,Abarrotes,2.5,6,5
2024-09-15,Café,Abarrotes,2.0,5,3
2024-09-15,Queso,Abarrotes,3.0,4,3
2024-09-15,Alfajores Pequeños,Bocaditos,0.25,200,155
2024-09-15,Alfajores Grandes,Bocaditos,1.0,100,79
2024-09-15,Galletas Pequeñas,Bocaditos,0.25,200,150
2024-09-15,Galletas Grandes,Bocaditos,1.0,300,290
2024-09-15,Cookie,Bocaditos,2.0,100,72
2024-09-15,Orejitas Pequeñas,Bocaditos,0.25,200,155
2024-09-15,Orejas Grandes,Bocaditos,1.0,100,75
2024-09-15,Beso de Moza,Bocaditos,1.0,80,59
2024-09-15,Caramandugas,Bocaditos,0.25,300,255
2024-09-15,Rosquitas,Bocaditos,0.25,300,252
2024-09-16,Pan Chabatta,Panes,0.25,768,720
2024-09-16,Pan Francés,Panes,0.25,648,610
2024-09-16,Pan Yema Largo,Panes,0.25,360,320
2024-09-16,Pan Yema Redondo,Panes,0.25,360,320
2024-09-16,Pan Chapla,Panes,0.25,144,110
2024-09-16,Pan Coliza,Panes,0.25,192,170
2024-09-16,Pan Integral,Panes,0.25,144,110
2024-09-16,Pan Caracol,Panes,0.25,144,110
2024-09-16,Pan Hamburguesa,Panes,0.4,288,240
2024-09-16,Cachito,Panes,0.25,144,110
2024-09-16,Pan Manjar,Panes,0.3,72,68
2024-09-16,Leche,Abarrotes,4.0,5,2
2024-09-16,Jamon,Abarrotes,2.5,6,3
2024-09-16,Café,Abarrotes,2.0,5,3
2024-09-16,Queso,Abarrotes,3.0,4,2
2024-09-16,Alfajores Pequeños,Bocaditos,0.25,200,150
2024-09-16,Alfajores Grandes,Bocaditos,1.0,100,75
2024-09-16,Galletas Pequeñas,Bocaditos,0.25,200,150
2024-09-16,Galletas Grandes,Bocaditos,1.0,300,290
2024-09-16,Cookie,Bocaditos,2.0,100,70
2024-09-16,Orejitas Pequeñas,Bocaditos,0.25,200,150
2024-09-16,Orejas Grandes,Bocaditos,1.0,100,70
2024-09-16,Beso de Moza,Bocaditos,1.0,80,50
2024-09-16,Caramandugas,Bocaditos,0.25,300,250
2024-09-16,Rosquitas,Bocaditos,0.25,300,250
2024-09-17,Pan Chabatta,Panes,0.25,768,720
2024-09-17,Pan Francés,Panes,0.25,648,610
2024-09-17,Pan Yema Largo,Panes,0.25,360,320
2024-09-17,Pan Yema Redondo,Panes,0.25,360,320
2024-09-17,Pan Chapla,Panes,0.25,144,110
2024-09-17,Pan Coliza,Panes,0.25,192,170
2024-09-17,Pan Integral,Panes,0.25,144,110
2024-09-17,Pan Caracol,Panes,0.25,144,110
2024-09-17,Pan Hamburguesa,Panes,0.4,288,240
2024-09-17,Cachito,Panes,0.25,144,110
2024-09-17,Pan Manjar,Panes,0.3,72,68
2024-09-17,Leche,Abarrotes,4.0,5,2
2024-09-17,Jamon,Abarrotes,2.5,6,3
2024-09-17,Café,Abarrotes,2.0,5,2
2024-09-17,Queso,Abarrotes,3.0,4,3
2024-09-17,Alfajores Pequeños,Bocaditos,0.25,200,150
2024-09-17,Alfajores Grandes,Bocaditos,1.0,100,75
2024-09-17,Galletas Pequeñas,Bocaditos,0.25,200,150
2024-09-17,Galletas Grandes,Bocaditos,1.0,300,290
2024-09-17,Cookie,Bocaditos,2.0,100,70
2024-09-17,Orejitas Pequeñas,Bocaditos,0.25,200,150
2024-09-17,Orejas Grandes,Bocaditos,1.0,100,70
2024-09-17,Beso de Moza,Bocaditos,1.0,80,50
2024-09-17,Caramandugas,Bocaditos,0.25,300,250
2024-09-17,Rosquitas,Bocaditos,0.25,300,250
2024-09-18,Pan Chabatta,Panes,0.25,768,720
2024-09-18,Pan Francés,Panes,0.25,648,610
2024-09-18,Pan Yema Largo,Panes,0.25,360,320
2024-09-18,Pan Yema Redondo,Panes,0.25,360,320
2024-09-18,Pan Chapla,Panes,0.25,144,110
2024-09-18,Pan Coliza,Panes,0.25,192,170
2024-09-18,Pan Integral,Panes,0.25,144,110
2024-09-18,Pan Caracol,Panes,0.25,144,110
2024-09-18,Pan Hamburguesa,Panes,0.4,288,240
2024-09-18,Cachito,Panes,0.25,144,110
2024-09-18,Pan Manjar,Panes,0.3,72,68
2024-09-18,Leche,Abarrotes,4.0,5,2
2024-09-18,Jamon,Abarrotes,2.5,6,3
2024-09-18,Café,Abarrotes,2.0,5,4
2024-09-18,Queso,Abarrotes,3.0,4,2
2024-09-18,Alfajores Pequeños,Bocaditos,0.25,200,150
2024-09-18,Alfajores Grandes,Bocaditos,1.0,100,75
2024-09-18,Galletas Pequeñas,Bocaditos,0.25,200,150
2024-09-18,Galletas Grandes,Bocaditos,1.0,300,290
2024-09-18,Cookie,Bocaditos,2.0,100,70
2024-09-18,Orejitas Pequeñas,Bocaditos,0.25,200,150
2024-09-18,Orejas Grandes,Bocaditos,1.0,100,70
2024-09-18,Beso de Moza,Bocaditos,1.0,80,50
2024-09-18,Caramandugas,Bocaditos,0.25,300,250
2024-09-18,Rosquitas,Bocaditos,0.25,300,250
2024-09-19,Pan Chabatta,Panes,0.25,768,720
2024-09-19,Pan Francés,Panes,0.25,648,610
2024-09-19,Pan Yema Largo,Panes,0.25,360,320
2024-09-19,Pan Yema Redondo,Panes,0.25,360,320
2024-09-19,Pan Chapla,Panes,0.25,144,110
2024-09-19,Pan Coliza,Panes,0.25,192,170
2024-09-19,Pan Integral,Panes,0.25,144,110
2024-09-19,Pan Caracol,Panes,0.25,144,110
2024-09-19,Pan Hamburguesa,Panes,0.4,288,240
2024-09-19,Cachito,Panes,0.25,144,110
2024-09-19,Pan Manjar,Panes,0.3,72,68
2024-09-19,Leche,Abarrotes,4.0,5,2
2024-09-19,Jamon,Abarrotes,2.5,6,3
2024-09-19,Café,Abarrotes,2.0,5,2
2024-09-19,Queso,Abarrotes,3.0,4,2
2024-09-19,Alfajores Pequeños,Bocaditos,0.25,200,150
2024-09-19,Alfajores Grandes,Bocaditos,1.0,100,75
2024-09-19,Galletas Pequeñas,Bocaditos,0.25,200,150
2024-09-19,Galletas Grandes,Bocaditos,1.0,300,290
2024-09-19,Cookie,Bocaditos,2.0,100,70
2024-09-19,Orejitas Pequeñas,Bocaditos,0.25,200,150
2024-09-19,Orejas Grandes,Bocaditos,1.0,100,70
2024-09-19,Beso de Moza,Bocaditos,1.0,80,50
2024-09-19,Caramandugas,Bocaditos,0.25,300,250
2024-09-19,Rosquitas,Bocaditos,0.25,300,250
2024-09-20,Pan Chabatta,Panes,0.25,768,720
2024-09-20,Pan Francés,Panes,0.25,648,610
2024-09-20,Pan Yema Largo,Panes,0.25,360,320
2024-09-20,Pan Yema Redondo,Panes,0.25,360,320
2024-09-20,Pan Chapla,Panes,0.25,144,110
2024-09-20,Pan Coliza,Panes,0.25,192,170
2024-09-20,Pan Integral,Panes,0.25,144,110
2024-09-20,Pan Caracol,Panes,0.25,144,110
2024-09-20,Pan Hamburguesa,Panes,0.4,288,240
2024-09-20,Cachito,Panes,0.25,144,110
2024-09-20,Pan Manjar,Panes,0.3,72,68
2024-09-20,Leche,Abarrotes,4.0,5,3
2024-09-20,Jamon,Abarrotes,2.5,6,3
2024-09-20,Café,Abarrotes,2.0,5,2
2024-09-20,Queso,Abarrotes,3.0,4,3
2024-09-20,Alfajores Pequeños,Bocaditos,0.25,200,150
2024-09-20,Alfajores Grandes,Bocaditos,1.0,100,75
2024-09-20,Galletas Pequeñas,Bocaditos,0.25,200,150
2024-09-20,Galletas Grandes,Bocaditos,1.0,300,290
2024-09-20,Cookie,Bocaditos,2.0,100,70
2024-09-20,Orejitas Pequeñas,Bocaditos,0.25,200,150
2024-09-20,Orejas Grandes,Bocaditos,1.0,100,70
2024-09-20,Beso de Moza,Bocaditos,1.0,80,50
2024-09-20,Caramandugas,Bocaditos,0.25,300,250
2024-09-20,Rosquitas,Bocaditos,0.25,300,250
2024-09-21,Pan Chabatta,Panes,0.25,768,732
2024-09-21,Pan Francés,Panes,0.25,648,616
2024-09-21,Pan Yema Largo,Panes,0.25,360,321
2024-09-21,Pan Yema Redondo,Panes,0.25,360,325
2024-09-21,Pan Chapla,Panes,0.25,144,118
2024-09-21,Pan Coliza,Panes,0.25,192,172
2024-09-21,Pan Integral,Panes,0.25,144,117
2024-09-21,Pan Caracol,Panes,0.25,144,121
2024-09-21,Pan Hamburguesa,Panes,0.4,288,250
2024-09-21,Cachito,Panes,0.25,144,111
2024-09-21,Pan Manjar,Panes,0.3,72,71
2024-09-21,Leche,Abarrotes,4.0,5,4
2024-09-21,Jamon,Abarrotes,2.5,6,4
2024-09-21,Café,Abarrotes,2.0,5,5
2024-09-21,Queso,Abarrotes,3.0,4,3
2024-09-21,Alfajores Pequeños,Bocaditos,0.25,200,157
2024-09-21,Alfajores Grandes,Bocaditos,1.0,100,77
2024-09-21,Galletas Pequeñas,Bocaditos,0.25,200,153
2024-09-21,Galletas Grandes,Bocaditos,1.0,300,295
2024-09-21,Cookie,Bocaditos,2.0,100,74
2024-09-21,Orejitas Pequeñas,Bocaditos,0.25,200,159
2024-09-21,Orejas Grandes,Bocaditos,1.0,100,74
2024-09-21,Beso de Moza,Bocaditos,1.0,80,58
2024-09-21,Caramandugas,Bocaditos,0.25,300,257
2024-09-21,Rosquitas,Bocaditos,0.25,300,252
2024-09-22,Pan Chabatta,Panes,0.25,768,736
2024-09-22,Pan Francés,Panes,0.25,648,615
2024-09-22,Pan Yema Largo,Panes,0.25,360,327
2024-09-22,Pan Yema Redondo,Panes,0.25,360,324
2024-09-22,Pan Chapla,Panes,0.25,144,114
2024-09-22,Pan Coliza,Panes,0.25,192,175
2024-09-22,Pan Integral,Panes,0.25,144,121
2024-09-22,Pan Caracol,Panes,0.25,144,120
2024-09-22,Pan Hamburguesa,Panes,0.4,288,249
2024-09-22,Cachito,Panes,0.25,144,116
2024-09-22,Pan Manjar,Panes,0.3,72,70
2024-09-22,Leche,Abarrotes,4.0,5,5
2024-09-22,Jamon,Abarrotes,2.5,6,6
2024-09-22,Café,Abarrotes,2.0,5,4
2024-09-22,Queso,Abarrotes,3.0,4,3
2024-09-22,Alfajores Pequeños,Bocaditos,0.25,200,153
2024-09-22,Alfajores Grandes,Bocaditos,1.0,100,75
2024-09-22,Galletas Pequeñas,Bocaditos,0.25,200,154
2024-09-22,Galletas Grandes,Bocaditos,1.0,300,292
2024-09-22,Cookie,Bocaditos,2.0,100,72
2024-09-22,Orejitas Pequeñas,Bocaditos,0.25,200,155
2024-09-22,Orejas Grandes,Bocaditos,1.0,100,73
2024-09-22,Beso de Moza,Bocaditos,1.0,80,56
2024-09-22,Caramandugas,Bocaditos,0.25,300,259
2024-09-22,Rosquitas,Bocaditos,0.25,300,250
2024-09-23,Pan Chabatta,Panes,0.25,768,720
2024-09-23,Pan Francés,Panes,0.25,648,610
2024-09-23,Pan Yema Largo,Panes,0.25,360,320
2024-09-23,Pan Yema Redondo,Panes,0.25,360,320
2024-09-23,Pan Chapla,Panes,0.25,144,110
2024-09-23,Pan Coliza,Panes,0.25,192,170
2024-09-23,Pan Integral,Panes,0.25,144,110
2024-09-23,Pan Caracol,Panes,0.25,144,110
2024-09-23,Pan Hamburguesa,Panes,0.4,288,240
2024-09-23,Cachito,Panes,0.25,144,110
2024-09-23,Pan Manjar,Panes,0.3,72,68
2024-09-23,Leche,Abarrotes,4.0,5,2
2024-09-23,Jamon,Abarrotes,2.5,6,3
2024-09-23,Café,Abarrotes,2.0,5,2
2024-09-23,Queso,Abarrotes,3.0,4,2
2024-09-23,Alfajores Pequeños,Bocaditos,0.25,200,150
2024-09-23,Alfajores Grandes,Bocaditos,1.0,100,75
2024-09-23,Galletas Pequeñas,Bocaditos,0.25,200,150
2024-09-23,Galletas Grandes,Bocaditos,1.0,300,290
2024-09-23,Cookie,Bocaditos,2.0,100,70
2024-09-23,Orejitas Pequeñas,Bocaditos,0.25,200,150
2024-09-23,Orejas Grandes,Bocaditos,1.0,100,70
2024-09-23,Beso de Moza,Bocaditos,1.0,80,50
2024-09-23,Caramandugas,Bocaditos,0.25,300,250
2024-09-23,Rosquitas,Bocaditos,0.25,300,250
2024-09-24,Pan Chabatta,Panes,0.25,768,720
2024-09-24,Pan Francés,Panes,0.25,648,610
2024-09-24,Pan Yema Largo,Panes,0.25,360,320
2024-09-24,Pan Yema Redondo,Panes,0.25,360,320
2024-09-24,Pan Chapla,Panes,0.25,144,110
2024-09-24,Pan Coliza,Panes,0.25,192,170
2024-09-24,Pan Integral,Panes,0.25,144,110
2024-09-24,Pan Caracol,Panes,0.25,144,110
2024-09-24,Pan Hamburguesa,Panes,0.4,288,240
2024-09-24,Cachito,Panes,0.25,144,110
2024-09-24,Pan Manjar,Panes,0.3,72,68
2024-09-24,Leche,Abarrotes,4.0,5,4
2024-09-24,Jamon,Abarrotes,2.5,6,3
2024-09-24,Café,Abarrotes,2.0,5,3
2024-09-24,Queso,Abarrotes,3.0,4,3
2024-09-24,Alfajores Pequeños,Bocaditos,0.25,200,150
2024-09-24,Alfajores Grandes,Bocaditos,1.0,100,75
2024-09-24,Galletas Pequeñas,Bocaditos,0.25,200,150
2024-09-24,Galletas Grandes,Bocaditos,1.0,300,290
2024-09-24,Cookie,Bocaditos,2.0,100,70
2024-09-24,Orejitas Pequeñas,Bocaditos,0.25,200,150
2024-09-24,Orejas Grandes,Bocaditos,1.0,100,70
2024-09-24,Beso de Moza,Bocaditos,1.0,80,50
2024-09-24,Caramandugas,Bocaditos,0.25,300,250
2024-09-24,Rosquitas,Bocaditos,0.25,300,250
2024-09-25,Pan Chabatta,Panes,0.25,768,720
2024-09-25,Pan Francés,Panes,0.25,648,610
2024-09-25,Pan Yema Largo,Panes,0.25,360,320
2024-09-25,Pan Yema Redondo,Panes,0.25,360,320
2024-09-25,Pan Chapla,Panes,0.25,144,110
2024-09-25,Pan Coliza,Panes,0.25,192,170
2024-09-25,Pan Integral,Panes,0.25,144,110
2024-09-25,Pan Caracol,Panes,0.25,144,110
2024-09-25,Pan Hamburguesa,Panes,0.4,288,240
2024-09-25,Cachito,Panes,0.25,144,110
2024-09-25,Pan Manjar,Panes,0.3,72,68
2024-09-25,Leche,Abarrotes,4.0,5,4
2024-09-25,Jamon,Abarrotes,2.5,6,3
2024-09-25,Café,Abarrotes,2.0,5,2
2024-09-25,Queso,Abarrotes,3.0,4,2
2024-09-25,Alfajores Pequeños,Bocaditos,0.25,200,150
2024-09-25,Alfajores Grandes,Bocaditos,1.0,100,75
2024-09-25,Galletas Pequeñas,Bocaditos,0.25,200,150
2024-09-25,Galletas Grandes,Bocaditos,1.0,300,290
2024-09-25,Cookie,Bocaditos,2.0,100,70
2024-09-25,Orejitas Pequeñas,Bocaditos,0.25,200,150
2024-09-25,Orejas Grandes,Bocaditos,1.0,100,70
2024-09-25,Beso de Moza,Bocaditos,1.0,80,50
2024-09-25,Caramandugas,Bocaditos,0.25,300,250
2024-09-25,Rosquitas,Bocaditos,0.25,300,250
2024-09-26,Pan Chabatta,Panes,0.25,768,720
2024-09-26,Pan Francés,Panes,0.25,648,610
2024-09-26,Pan Yema Largo,Panes,0.25,360,320
2024-09-26,Pan Yema Redondo,Panes,0.25,360,320
2024-09-26,Pan Chapla,Panes,0.25,144,110
2024-09-26,Pan Coliza,Panes,0.25,192,170
2024-09-26,Pan Integral,Panes,0.25,144,110
2024-09-26,Pan Caracol,Panes,0.25,144,110
2024-09-26,Pan Hamburguesa,Panes,0.4,288,240
2024-09-26,Cachito,Panes,0.25,144,110
2024-09-26,Pan Manjar,Panes,0.3,72,68
2024-09-26,Leche,Abarrotes,4.0,5,2
2024-09-26,Jamon,Abarrotes,2.5,6,4
2024-09-26,Café,Abarrotes,2.0,5,2
2024-09-26,Queso,Abarrotes,3.0,4,3
2024-09-26,Alfajores Pequeños,Bocaditos,0.25,200,150
2024-09-26,Alfajores Grandes,Bocaditos,1.0,100,75
2024-09-26,Galletas Pequeñas,Bocaditos,0.25,200,150
2024-09-26,Galletas Grandes,Bocaditos,1.0,300,290
2024-09-26,Cookie,Bocaditos,2.0,100,70
2024-09-26,Orejitas Pequeñas,Bocaditos,0.25,200,150
2024-09-26,Orejas Grandes,Bocaditos,1.0,100,70
2024-09-26,Beso de Moza,Bocaditos,1.0,80,50
2024-09-26,Caramandugas,Bocaditos,0.25,300,250
2024-09-26,Rosquitas,Bocaditos,0.25,300,250
2024-09-27,Pan Chabatta,Panes,0.25,768,720
2024-09-27,Pan Francés,Panes,0.25,648,610
2024-09-27,Pan Yema Largo,Panes,0.25,360,320
2024-09-27,Pan Yema Redondo,Panes,0.25,360,320
2024-09-27,Pan Chapla,Panes,0.25,144,110
2024-09-27,Pan Coliza,Panes,0.25,192,170
2024-09-27,Pan Integral,Panes,0.25,144,110
2024-09-27,Pan Caracol,Panes,0.25,144,110
2024-09-27,Pan Hamburguesa,Panes,0.4,288,240
2024-09-27,Cachito,Panes,0.25,144,110
2024-09-27,Pan Manjar,Panes,0.3,72,68
2024-09-27,Leche,Abarrotes,4.0,5,2
2024-09-27,Jamon,Abarrotes,2.5,6,4
2024-09-27,Café,Abarrotes,2.0,5,2
2024-09-27,Queso,Abarrotes,3.0,4,2
2024-09-27,Alfajores Pequeños,Bocaditos,0.25,200,150
2024-09-27,Alfajores Grandes,Bocaditos,1.0,100,75
2024-09-27,Galletas Pequeñas,Bocaditos,0.25,200,150
2024-09-27,Galletas Grandes,Bocaditos,1.0,300,290
2024-09-27,Cookie,Bocaditos,2.0,100,70
2024-09-27,Orejitas Pequeñas,Bocaditos,0.25,200,150
2024-09-27,Orejas Grandes,Bocaditos,1.0,100,70
2024-09-27,Beso de Moza,Bocaditos,1.0,80,50
2024-09-27,Caramandugas,Bocaditos,0.25,300,250
2024-09-27,Rosquitas,Bocaditos,0.25,300,250
2024-09-28,Pan Chabatta,Panes,0.25,768,737
2024-09-28,Pan Francés,Panes,0.25,648,621
2024-09-28,Pan Yema Largo,Panes,0.25,360,327
2024-09-28,Pan Yema Redondo,Panes,0.25,360,325
2024-09-28,Pan Chapla,Panes,0.25,144,110
2024-09-28,Pan Coliza,Panes,0.25,192,173
2024-09-28,Pan Integral,Panes,0.25,144,113
2024-09-28,Pan Caracol,Panes,0.25,144,111
2024-09-28,Pan Hamburguesa,Panes,0.4,288,243
2024-09-28,Cachito,Panes,0.25,144,116
2024-09-28,Pan Manjar,Panes,0.3,72,69
2024-09-28,Leche,Abarrotes,4.0,5,4
2024-09-28,Jamon,Abarrotes,2.5,6,6
2024-09-28,Café,Abarrotes,2.0,5,4
2024-09-28,Queso,Abarrotes,3.0,4,4
2024-09-28,Alfajores Pequeños,Bocaditos,0.25,200,160
2024-09-28,Alfajores Grandes,Bocaditos,1.0,100,76
2024-09-28,Galletas Pequeñas,Bocaditos,0.25,200,157
2024-09-28,Galletas Grandes,Bocaditos,1.0,300,294
2024-09-28,Cookie,Bocaditos,2.0,100,71
2024-09-28,Orejitas Pequeñas,Bocaditos,0.25,200,150
2024-09-28,Orejas Grandes,Bocaditos,1.0,100,72
2024-09-28,Beso de Moza,Bocaditos,1.0,80,58
2024-09-28,Caramandugas,Bocaditos,0.25,300,259
2024-09-28,Rosquitas,Bocaditos,0.25,300,260
2024-09-29,Pan Chabatta,Panes,0.25,768,732
2024-09-29,Pan Francés,Panes,0.25,648,615
2024-09-29,Pan Yema Largo,Panes,0.25,360,323
2024-09-29,Pan Yema Redondo,Panes,0.25,360,329
2024-09-29,Pan Chapla,Panes,0.25,144,118
2024-09-29,Pan Coliza,Panes,0.25,192,170
2024-09-29,Pan Integral,Panes,0.25,144,111
2024-09-29,Pan Caracol,Panes,0.25,144,113
2024-09-29,Pan Hamburguesa,Panes,0.4,288,244
2024-09-29,Cachito,Panes,0.25,144,116
2024-09-29,Pan Manjar,Panes,0.3,72,69
2024-09-29,Leche,Abarrotes,4.0,5,2
2024-09-29,Jamon,Abarrotes,2.5,6,3
2024-09-29,Café,Abarrotes,2.0,5,3
2024-09-29,Queso,Abarrotes,3.0,4,3
2024-09-29,Alfajores Pequeños,Bocaditos,0.25,200,156
2024-09-29,Alfajores Grandes,Bocaditos,1.0,100,76
2024-09-29,Galletas Pequeñas,Bocaditos,0.25,200,151
2024-09-29,Galletas Grandes,Bocaditos,1.0,300,290
2024-09-29,Cookie,Bocaditos,2.0,100,73
2024-09-29,Orejitas Pequeñas,Bocaditos,0.25,200,157
2024-09-29,Orejas Grandes,Bocaditos,1.0,100,71
2024-09-29,Beso de Moza,Bocaditos,1.0,80,56
2024-09-29,Caramandugas,Bocaditos,0.25,300,252
2024-09-29,Rosquitas,Bocaditos,0.25,300,258
2024-09-30,Pan Chabatta,Panes,0.25,768,720
2024-09-30,Pan Francés,Panes,0.25,648,610
2024-09-30,Pan Yema Largo,Panes,0.25,360,320
2024-09-30,Pan Yema Redondo,Panes,0.25,360,320
2024-09-30,Pan Chapla,Panes,0.25,144,110
2024-09-30,Pan Coliza,Panes,0.25,192,170
2024-09-30,Pan Integral,Panes,0.25,144,110
2024-09-30,Pan Caracol,Panes,0.25,144,110
2024-09-30,Pan Hamburguesa,Panes,0.4,288,240
2024-09-30,Cachito,Panes,0.25,144,110
2024-09-30,Pan Manjar,Panes,0.3,72,68
2024-09-30,Leche,Abarrotes,4.0,5,2
2024-09-30,Jamon,Abarrotes,2.5,6,3
2024-09-30,Café,Abarrotes,2.0,5,3
2024-09-30,Queso,Abarrotes,3.0,4,2
2024-09-30,Alfajores Pequeños,Bocaditos,0.25,200,150
2024-09-30,Alfajores Grandes,Bocaditos,1.0,100,75
2024-09-30,Galletas Pequeñas,Bocaditos,0.25,200,150
2024-09-30,Galletas Grandes,Bocaditos,1.0,300,290
2024-09-30,Cookie,Bocaditos,2.0,100,70
2024-09-30,Orejitas Pequeñas,Bocaditos,0.25,200,150
2024-09-30,Orejas Grandes,Bocaditos,1.0,100,70
2024-09-30,Beso de Moza,Bocaditos,1.0,80,50
2024-09-30,Caramandugas,Bocaditos,0.25,300,250
2024-09-30,Rosquitas,Bocaditos,0.25,300,250
2024-10-01,Pan Chabatta,Panes,0.25,768,720
2024-10-01,Pan Francés,Panes,0.25,648,610
2024-10-01,Pan Yema Largo,Panes,0.25,360,320
2024-10-01,Pan Yema Redondo,Panes,0.25,360,320
2024-10-01,Pan Chapla,Panes,0.25,144,110
2024-10-01,Pan Coliza,Panes,0.25,192,170
2024-10-01,Pan Integral,Panes,0.25,144,110
2024-10-01,Pan Caracol,Panes,0.25,144,110
2024-10-01,Pan Hamburguesa,Panes,0.4,288,240
2024-10-01,Cachito,Panes,0.25,144,110
2024-10-01,Pan Manjar,Panes,0.3,72,68
2024-10-01,Leche,Abarrotes,4.0,5,2
2024-10-01,Jamon,Abarrotes,2.5,6,3
2024-10-01,Café,Abarrotes,2.0,5,2
2024-10-01,Queso,Abarrotes,3.0,4,3
2024-10-01,Alfajores Pequeños,Bocaditos,0.25,200,150
2024-10-01,Alfajores Grandes,Bocaditos,1.0,100,75
2024-10-01,Galletas Pequeñas,Bocaditos,0.25,200,150
2024-10-01,Galletas Grandes,Bocaditos,1.0,300,290
2024-10-01,Cookie,Bocaditos,2.0,100,70
2024-10-01,Orejitas Pequeñas,Bocaditos,0.25,200,150
2024-10-01,Orejas Grandes,Bocaditos,1.0,100,70
2024-10-01,Beso de Moza,Bocaditos,1.0,80,50
2024-10-01,Caramandugas,Bocaditos,0.25,300,250
2024-10-01,Rosquitas,Bocaditos,0.25,300,250
2024-10-02,Pan Chabatta,Panes,0.25,768,720
2024-10-02,Pan Francés,Panes,0.25,648,610
2024-10-02,Pan Yema Largo,Panes,0.25,360,320
2024-10-02,Pan Yema Redondo,Panes,0.25,360,320
2024-10-02,Pan Chapla,Panes,0.25,144,110
2024-10-02,Pan Coliza,Panes,0.25,192,170
2024-10-02,Pan Integral,Panes,0.25,144,110
2024-10-02,Pan Caracol,Panes,0.25,144,110
2024-10-02,Pan Hamburguesa,Panes,0.4,288,240
2024-10-02,Cachito,Panes,0.25,144,110
2024-10-02,Pan Manjar,Panes,0.3,72,68
2024-10-02,Leche,Abarrotes,4.0,5,2
2024-10-02,Jamon,Abarrotes,2.5,6,3
2024-10-02,Café,Abarrotes,2.0,5,4
2024-10-02,Queso,Abarrotes,3.0,4,2
2024-10-02,Alfajores Pequeños,Bocaditos,0.25,200,150
2024-10-02,Alfajores Grandes,Bocaditos,1.0,100,75
2024-10-02,Galletas Pequeñas,Bocaditos,0.25,200,150
2024-10-02,Galletas Grandes,Bocaditos,1.0,300,290
2024-10-02,Cookie,Bocaditos,2.0,100,70
2024-10-02,Orejitas Pequeñas,Bocaditos,0.25,200,150
2024-10-02,Orejas Grandes,Bocaditos,1.0,100,70
2024-10-02,Beso de Moza,Bocaditos,1.0,80,50
2024-10-02,Caramandugas,Bocaditos,0.25,300,250
2024-10-02,Rosquitas,Bocaditos,0.25,300,250
2024-10-03,Pan Chabatta,Panes,0.25,768,720
2024-10-03,Pan Francés,Panes,0.25,648,610
2024-10-03,Pan Yema Largo,Panes,0.25,360,320
2024-10-03,Pan Yema Redondo,Panes,0.25,360,320
2024-10-03,Pan Chapla,Panes,0.25,144,110
2024-10-03,Pan Coliza,Panes,0.25,192,170
2024-10-03,Pan Integral,Panes,0.25,144,110
2024-10-03,Pan Caracol,Panes,0.25,144,110
2024-10-03,Pan Hamburguesa,Panes,0.4,288,240
2024-10-03,Cachito,Panes,0.25,144,110
2024-10-03,Pan Manjar,Panes,0.3,72,68
2024-10-03,Leche,Abarrotes,4.0,5,2
2024-10-03,Jamon,Abarrotes,2.5,6,3
2024-10-03,Café,Abarrotes,2.0,5,2
2024-10-03,Queso,Abarrotes,3.0,4,2
2024-10-03,Alfajores Pequeños,Bocaditos,0.25,200,150
2024-10-03,Alfajores Grandes,Bocaditos,1.0,100,75
2024-10-03,Galletas Pequeñas,Bocaditos,0.25,200,150
2024-10-03,Galletas Grandes,Bocaditos,1.0,300,290
2024-10-03,Cookie,Bocaditos,2.0,100,70
2024-10-03,Orejitas Pequeñas,Bocaditos,0.25,200,150
2024-10-03,Orejas Grandes,Bocaditos,1.0,100,70
2024-10-03,Beso de Moza,Bocaditos,1.0,80,50
2024-10-03,Caramandugas,Bocaditos,0.25,300,250
2024-10-03,Rosquitas,Bocaditos,0.25,300,250
2024-10-04,Pan Chabatta,Panes,0.25,768,720
2024-10-04,Pan Francés,Panes,0.25,648,610
2024-10-04,Pan Yema Largo,Panes,0.25,360,320
2024-10-04,Pan Yema Redondo,Panes,0.25,360,320
2024-10-04,Pan Chapla,Panes,0.25,144,110
2024-10-04,Pan Coliza,Panes,0.25,192,170
2024-10-04,Pan Integral,Panes,0.25,144,110
2024-10-04,Pan Caracol,Panes,0.25,144,110
2024-10-04,Pan Hamburguesa,Panes,0.4,288,240
2024-10-04,Cachito,Panes,0.25,144,110
2024-10-04,Pan Manjar,Panes,0.3,72,68
2024-10-04,Leche,Abarrotes,4.0,5,4
2024-10-04,Jamon,Abarrotes,2.5,6,3
2024-10-04,Café,Abarrotes,2.0,5,2
2024-10-04,Queso,Abarrotes,3.0,4,3
2024-10-04,Alfajores Pequeños,Bocaditos,0.25,200,150
2024-10-04,Alfajores Grandes,Bocaditos,1.0,100,75
2024-10-04,Galletas Pequeñas,Bocaditos,0.25,200,150
2024-10-04,Galletas Grandes,Bocaditos,1.0,300,290
2024-10-04,Cookie,Bocaditos,2.0,100,70
2024-10-04,Orejitas Pequeñas,Bocaditos,0.25,200,150
2024-10-04,Orejas Grandes,Bocaditos,1.0,100,70
2024-10-04,Beso de Moza,Bocaditos,1.0,80,50
2024-10-04,Caramandugas,Bocaditos,0.25,300,250
2024-10-04,Rosquitas,Bocaditos,0.25,300,250
2024-10-05,Pan Chabatta,Panes,0.25,768,737
2024-10-05,Pan Francés,Panes,0.25,648,615
2024-10-05,Pan Yema Largo,Panes,0.25,360,328
2024-10-05,Pan Yema Redondo,Panes,0.25,360,327
2024-10-05,Pan Chapla,Panes,0.25,144,115
2024-10-05,Pan Coliza,Panes,0.25,192,171
2024-10-05,Pan Integral,Panes,0.25,144,121
2024-10-05,Pan Caracol,Panes,0.25,144,117
2024-10-05,Pan Hamburguesa,Panes,0.4,288,240
2024-10-05,Cachito,Panes,0.25,144,110
2024-10-05,Pan Manjar,Panes,0.3,72,69
2024-10-05,Leche,Abarrotes,4.0,5,4
2024-10-05,Jamon,Abarrotes,2.5,6,4
2024-10-05,Café,Abarrotes,2.0,5,2
2024-10-05,Queso,Abarrotes,3.0,4,2
2024-10-05,Alfajores Pequeños,Bocaditos,0.25,200,159
2024-10-05,Alfajores Grandes,Bocaditos,1.0,100,81
2024-10-05,Galletas Pequeñas,Bocaditos,0.25,200,152
2024-10-05,Galletas Grandes,Bocaditos,1.0,300,292
2024-10-05,Cookie,Bocaditos,2.0,100,71
2024-10-05,Orejitas Pequeñas,Bocaditos,0.25,200,151
2024-10-05,Orejas Grandes,Bocaditos,1.0,100,74
2024-10-05,Beso de Moza,Bocaditos,1.0,80,61
2024-10-05,Caramandugas,Bocaditos,0.25,300,253
2024-10-05,Rosquitas,Bocaditos,0.25,300,250
2024-10-06,Pan Chabatta,Panes,0.25,768,726
2024-10-06,Pan Francés,Panes,0.25,648,619
2024-10-06,Pan Yema Largo,Panes,0.25,360,329
2024-10-06,Pan Yema Redondo,Panes,0.25,360,322
2024-10-06,Pan Chapla,Panes,0.25,144,118
2024-10-06,Pan Coliza,Panes,0.25,192,173
2024-10-06,Pan Integral,Panes,0.25,144,115
2024-10-06,Pan Caracol,Panes,0.25,144,110
2024-10-06,Pan Hamburguesa,Panes,0.4,288,242
2024-10-06,Cachito,Panes,0.25,144,116
2024-10-06,Pan Manjar,Panes,0.3,72,71
2024-10-06,Leche,Abarrotes,4.0,5,2
2024-10-06,Jamon,Abarrotes,2.5,6,6
2024-10-06,Café,Abarrotes,2.0,5,4
2024-10-06,Queso,Abarrotes,3.0,4,2
2024-10-06,Alfajores Pequeños,Bocaditos,0.25,200,151
2024-10-06,Alfajores Grandes,Bocaditos,1.0,100,76
2024-10-06,Galletas Pequeñas,Bocaditos,0.25,200,150
2024-10-06,Galletas Grandes,Bocaditos,1.0,300,292
2024-10-06,Cookie,Bocaditos,2.0,100,76
2024-10-06,Orejitas Pequeñas,Bocaditos,0.25,200,154
2024-10-06,Orejas Grandes,Bocaditos,1.0,100,72
2024-10-06,Beso de Moza,Bocaditos,1.0,80,59
2024-10-06,Caramandugas,Bocaditos,0.25,300,258
2024-10-06,Rosquitas,Bocaditos,0.25,300,254
2024-10-07,Pan Chabatta,Panes,0.25,768,720
2024-10-07,Pan Francés,Panes,0.25,648,610
2024-10-07,Pan Yema Largo,Panes,0.25,360,320
2024-10-07,Pan Yema Redondo,Panes,0.25,360,320
2024-10-07,Pan Chapla,Panes,0.25,144,110
2024-10-07,Pan Coliza,Panes,0.25,192,170
2024-10-07,Pan Integral,Panes,0.25,144,110
2024-10-07,Pan Caracol,Panes,0.25,144,110
2024-10-07,Pan Hamburguesa,Panes,0.4,288,240
2024-10-07,Cachito,Panes,0.25,144,110
2024-10-07,Pan Manjar,Panes,0.3,72,68
2024-10-07,Leche,Abarrotes,4.0,5,2
2024-10-07,Jamon,Abarrotes,2.5,6,3
2024-10-07,Café,Abarrotes,2.0,5,3
2024-10-07,Queso,Abarrotes,3.0,4,2
2024-10-07,Alfajores Pequeños,Bocaditos,0.25,200,150
2024-10-07,Alfajores Grandes,Bocaditos,1.0,100,75
2024-10-07,Galletas Pequeñas,Bocaditos,0.25,200,150
2024-10-07,Galletas Grandes,Bocaditos,1.0,300,290
2024-10-07,Cookie,Bocaditos,2.0,100,70
2024-10-07,Orejitas Pequeñas,Bocaditos,0.25,200,150
2024-10-07,Orejas Grandes,Bocaditos,1.0,100,70
2024-10-07,Beso de Moza,Bocaditos,1.0,80,50
2024-10-07,Caramandugas,Bocaditos,0.25,300,250
2024-10-07,Rosquitas,Bocaditos,0.25,300,250
2024-10-08,Pan Chabatta,Panes,0.25,768,720
2024-10-08,Pan Francés,Panes,0.25,648,610
2024-10-08,Pan Yema Largo,Panes,0.25,360,320
2024-10-08,Pan Yema Redondo,Panes,0.25,360,320
2024-10-08,Pan Chapla,Panes,0.25,144,110
2024-10-08,Pan Coliza,Panes,0.25,192,170
2024-10-08,Pan Integral,Panes,0.25,144,110
2024-10-08,Pan Caracol,Panes,0.25,144,110
2024-10-08,Pan Hamburguesa,Panes,0.4,288,240
2024-10-08,Cachito,Panes,0.25,144,110
2024-10-08,Pan Manjar,Panes,0.3,72,68
2024-10-08,Leche,Abarrotes,4.0,5,3
2024-10-08,Jamon,Abarrotes,2.5,6,3
2024-10-08,Café,Abarrotes,2.0,5,4
2024-10-08,Queso,Abarrotes,3.0,4,2
2024-10-08,Alfajores Pequeños,Bocaditos,0.25,200,150
2024-10-08,Alfajores Grandes,Bocaditos,1.0,100,75
2024-10-08,Galletas Pequeñas,Bocaditos,0.25,200,150
2024-10-08,Galletas Grandes,Bocaditos,1.0,300,290
2024-10-08,Cookie,Bocaditos,2.0,100,70
2024-10-08,Orejitas Pequeñas,Bocaditos,0.25,200,150
2024-10-08,Orejas Grandes,Bocaditos,1.0,100,70
2024-10-08,Beso de Moza,Bocaditos,1.0,80,50
2024-10-08,Caramandugas,Bocaditos,0.25,300,250
2024-10-08,Rosquitas,Bocaditos,0.25,300,250
2024-10-09,Pan Chabatta,Panes,0.25,768,720
2024-10-09,Pan Francés,Panes,0.25,648,610
2024-10-09,Pan Yema Largo,Panes,0.25,360,320
2024-10-09,Pan Yema Redondo,Panes,0.25,360,320
2024-10-09,Pan Chapla,Panes,0.25,144,110
2024-10-09,Pan Coliza,Panes,0.25,192,170
2024-10-09,Pan Integral,Panes,0.25,144,110
2024-10-09,Pan Caracol,Panes,0.25,144,110
2024-10-09,Pan Hamburguesa,Panes,0.4,288,240
2024-10-09,Cachito,Panes,0.25,144,110
2024-10-09,Pan Manjar,Panes,0.3,72,68
2024-10-09,Leche,Abarrotes,4.0,5,2
2024-10-09,Jamon,Abarrotes,2.5,6,4
2024-10-09,Café,Abarrotes,2.0,5,2
2024-10-09,Queso,Abarrotes,3.0,4,3
2024-10-09,Alfajores Pequeños,Bocaditos,0.25,200,150
2024-10-09,Alfajores Grandes,Bocaditos,1.0,100,75
2024-10-09,Galletas Pequeñas,Bocaditos,0.25,200,150
2024-10-09,Galletas Grandes,Bocaditos,1.0,300,290
2024-10-09,Cookie,Bocaditos,2.0,100,70
2024-10-09,Orejitas Pequeñas,Bocaditos,0.25,200,150
2024-10-09,Orejas Grandes,Bocaditos,1.0,100,70
2024-10-09,Beso de Moza,Bocaditos,1.0,80,50
2024-10-09,Caramandugas,Bocaditos,0.25,300,250
2024-10-09,Rosquitas,Bocaditos,0.25,300,250
2024-10-10,Pan Chabatta,Panes,0.25,768,720
2024-10-10,Pan Francés,Panes,0.25,648,610
2024-10-10,Pan Yema Largo,Panes,0.25,360,320
2024-10-10,Pan Yema Redondo,Panes,0.25,360,320
2024-10-10,Pan Chapla,Panes,0.25,144,110
2024-10-10,Pan Coliza,Panes,0.25,192,170
2024-10-10,Pan Integral,Panes,0.25,144,110
2024-10-10,Pan Caracol,Panes,0.25,144,110
2024-10-10,Pan Hamburguesa,Panes,0.4,288,240
2024-10-10,Cachito,Panes,0.25,144,110
2024-10-10,Pan Manjar,Panes,0.3,72,68
2024-10-10,Leche,Abarrotes,4.0,5,2
2024-10-10,Jamon,Abarrotes,2.5,6,4
2024-10-10,Café,Abarrotes,2.0,5,3
2024-10-10,Queso,Abarrotes,3.0,4,2
2024-10-10,Alfajores Pequeños,Bocaditos,0.25,200,150
2024-10-10,Alfajores Grandes,Bocaditos,1.0,100,75
2024-10-10,Galletas Pequeñas,Bocaditos,0.25,200,150
2024-10-10,Galletas Grandes,Bocaditos,1.0,300,290
2024-10-10,Cookie,Bocaditos,2.0,100,70
2024-10-10,Orejitas Pequeñas,Bocaditos,0.25,200,150
2024-10-10,Orejas Grandes,Bocaditos,1.0,100,70
2024-10-10,Beso de Moza,Bocaditos,1.0,80,50
2024-10-10,Caramandugas,Bocaditos,0.25,300,250
2024-10-10,Rosquitas,Bocaditos,0.25,300,250
2024-10-11,Pan Chabatta,Panes,0.25,768,720
2024-10-11,Pan Francés,Panes,0.25,648,610
2024-10-11,Pan Yema Largo,Panes,0.25,360,320
2024-10-11,Pan Yema Redondo,Panes,0.25,360,320
2024-10-11,Pan Chapla,Panes,0.25,144,110
2024-10-11,Pan Coliza,Panes,0.25,192,170
2024-10-11,Pan Integral,Panes,0.25,144,110
2024-10-11,Pan Caracol,Panes,0.25,144,110
2024-10-11,Pan Hamburguesa,Panes,0.4,288,240
2024-10-11,Cachito,Panes,0.25,144,110
2024-10-11,Pan Manjar,Panes,0.3,72,68
2024-10-11,Leche,Abarrotes,4.0,5,2
2024-10-11,Jamon,Abarrotes,2.5,6,4
2024-10-11,Café,Abarrotes,2.0,5,2
2024-10-11,Queso,Abarrotes,3.0,4,2
2024-10-11,Alfajores Pequeños,Bocaditos,0.25,200,150
2024-10-11,Alfajores Grandes,Bocaditos,1.0,100,75
2024-10-11,Galletas Pequeñas,Bocaditos,0.25,200,150
2024-10-11,Galletas Grandes,Bocaditos,1.0,300,290
2024-10-11,Cookie,Bocaditos,2.0,100,70
2024-10-11,Orejitas Pequeñas,Bocaditos,0.25,200,150
2024-10-11,Orejas Grandes,Bocaditos,1.0,100,70
2024-10-11,Beso de Moza,Bocaditos,1.0,80,52
2024-10-11,Caramandugas,Bocaditos,0.25,300,250
2024-10-11,Rosquitas,Bocaditos,0.25,300,250
2024-10-12,Pan Chabatta,Panes,0.25,768,720
2024-10-12,Pan Francés,Panes,0.25,648,611
2024-10-12,Pan Yema Largo,Panes,0.25,360,330
2024-10-12,Pan Yema Redondo,Panes,0.25,360,329
2024-10-12,Pan Chapla,Panes,0.25,144,110
2024-10-12,Pan Coliza,Panes,0.25,192,170
2024-10-12,Pan Integral,Panes,0.25,144,110
2024-10-12,Pan Caracol,Panes,0.25,144,118
2024-10-12,Pan Hamburguesa,Panes,0.4,288,248
2024-10-12,Cachito,Panes,0.25,144,111
2024-10-12,Pan Manjar,Panes,0.3,72,68
2024-10-12,Leche,Abarrotes,4.0,5,2
2024-10-12,Jamon,Abarrotes,2.5,6,4
2024-10-12,Café,Abarrotes,2.0,5,3
2024-10-12,Queso,Abarrotes,3.0,4,2
2024-10-12,Alfajores Pequeños,Bocaditos,0.25,200,155
2024-10-12,Alfajores Grandes,Bocaditos,1.0,100,78
2024-10-12,Galletas Pequeñas,Bocaditos,0.25,200,155
2024-10-12,Galletas Grandes,Bocaditos,1.0,300,293
2024-10-12,Cookie,Bocaditos,2.0,100,71
2024-10-12,Orejitas Pequeñas,Bocaditos,0.25,200,157
2024-10-12,Orejas Grandes,Bocaditos,1.0,100,74
2024-10-12,Beso de Moza,Bocaditos,1.0,80,56
2024-10-12,Caramandugas,Bocaditos,0.25,300,254
2024-10-12,Rosquitas,Bocaditos,0.25,300,254
2024-10-13,Pan Chabatta,Panes,0.25,768,723
2024-10-13,Pan Francés,Panes,0.25,648,618
2024-10-13,Pan Yema Largo,Panes,0.25,360,330
2024-10-13,Pan Yema Redondo,Panes,0.25,360,323
2024-10-13,Pan Chapla,Panes,0.25,144,116
2024-10-13,Pan Coliza,Panes,0.25,192,171
2024-10-13,Pan Integral,Panes,0.25,144,117
2024-10-13,Pan Caracol,Panes,0.25,144,111
2024-10-13,Pan Hamburguesa,Panes,0.4,288,244
2024-10-13,Cachito,Panes,0.25,144,110
2024-10-13,Pan Manjar,Panes,0.3,72,68
2024-10-13,Leche,Abarrotes,4.0,5,2
2024-10-13,Jamon,Abarrotes,2.5,6,4
2024-10-13,Café,Abarrotes,2.0,5,2
2024-10-13,Queso,Abarrotes,3.0,4,2
2024-10-13,Alfajores Pequeños,Bocaditos,0.25,200,155
2024-10-13,Alfajores Grandes,Bocaditos,1.0,100,80
2024-10-13,Galletas Pequeñas,Bocaditos,0.25,200,155
2024-10-13,Galletas Grandes,Bocaditos,1.0,300,295
2024-10-13,Cookie,Bocaditos,2.0,100,73
2024-10-13,Orejitas Pequeñas,Bocaditos,0.25,200,157
2024-10-13,Orejas Grandes,Bocaditos,1.0,100,74
2024-10-13,Beso de Moza,Bocaditos,1.0,80,61
2024-10-13,Caramandugas,Bocaditos,0.25,300,260
2024-10-13,Rosquitas,Bocaditos,0.25,300,259
2024-10-14,Pan Chabatta,Panes,0.25,768,720
2024-10-14,Pan Francés,Panes,0.25,648,610
2024-10-14,Pan Yema Largo,Panes,0.25,360,320
2024-10-14,Pan Yema Redondo,Panes,0.25,360,320
2024-10-14,Pan Chapla,Panes,0.25,144,110
2024-10-14,Pan Coliza,Panes,0.25,192,170
2024-10-14,Pan Integral,Panes,0.25,144,110
2024-10-14,Pan Caracol,Panes,0.25,144,110
2024-10-14,Pan Hamburguesa,Panes,0.4,288,240
2024-10-14,Cachito,Panes,0.25,144,110
2024-10-14,Pan Manjar,Panes,0.3,72,68
2024-10-14,Leche,Abarrotes,4.0,5,2
2024-10-14,Jamon,Abarrotes,2.5,6,3
2024-10-14,Café,Abarrotes,2.0,5,2
2024-10-14,Queso,Abarrotes,3.0,4,2
2024-10-14,Alfajores Pequeños,Bocaditos,0.25,200,150
2024-10-14,Alfajores Grandes,Bocaditos,1.0,100,75
2024-10-14,Galletas Pequeñas,Bocaditos,0.25,200,150
2024-10-14,Galletas Grandes,Bocaditos,1.0,300,290
2024-10-14,Cookie,Bocaditos,2.0,100,70
2024-10-14,Orejitas Pequeñas,Bocaditos,0.25,200,150
2024-10-14,Orejas Grandes,Bocaditos,1.0,100,70
2024-10-14,Beso de Moza,Bocaditos,1.0,80,50
2024-10-14,Caramandugas,Bocaditos,0.25,300,250
2024-10-14,Rosquitas,Bocaditos,0.25,300,250
2024-10-15,Pan Chabatta,Panes,0.25,768,720
2024-10-15,Pan Francés,Panes,0.25,648,610
2024-10-15,Pan Yema Largo,Panes,0.25,360,320
2024-10-15,Pan Yema Redondo,Panes,0.25,360,320
2024-10-15,Pan Chapla,Panes,0.25,144,110
2024-10-15,Pan Coliza,Panes,0.25,192,170
2024-10-15,Pan Integral,Panes,0.25,144,110
2024-10-15,Pan Caracol,Panes,0.25,144,110
2024-10-15,Pan Hamburguesa,Panes,0.4,288,240
2024-10-15,Cachito,Panes,0.25,144,110
2024-10-15,Pan Manjar,Panes,0.3,72,68
2024-10-15,Leche,Abarrotes,4.0,5,2
2024-10-15,Jamon,Abarrotes,2.5,6,5
2024-10-15,Café,Abarrotes,2.0,5,3
2024-10-15,Queso,Abarrotes,3.0,4,2
2024-10-15,Alfajores Pequeños,Bocaditos,0.25,200,150
2024-10-15,Alfajores Grandes,Bocaditos,1.0,100,75
2024-10-15,Galletas Pequeñas,Bocaditos,0.25,200,150
2024-10-15,Galletas Grandes,Bocaditos,1.0,300,290
2024-10-15,Cookie,Bocaditos,2.0,100,70
2024-10-15,Orejitas Pequeñas,Bocaditos,0.25,200,150
2024-10-15,Orejas Grandes,Bocaditos,1.0,100,70
2024-10-15,Beso de Moza,Bocaditos,1.0,80,50
2024-10-15,Caramandugas,Bocaditos,0.25,300,250
2024-10-15,Rosquitas,Bocaditos,0.25,300,250
2024-10-16,Pan Chabatta,Panes,0.25,768,720
2024-10-16,Pan Francés,Panes,0.25,648,610
2024-10-16,Pan Yema Largo,Panes,0.25,360,320
2024-10-16,Pan Yema Redondo,Panes,0.25,360,320
2024-10-16,Pan Chapla,Panes,0.25,144,110
2024-10-16,Pan Coliza,Panes,0.25,192,170
2024-10-16,Pan Integral,Panes,0.25,144,110
2024-10-16,Pan Caracol,Panes,0.25,144,110
2024-10-16,Pan Hamburguesa,Panes,0.4,288,240
2024-10-16,Cachito,Panes,0.25,144,110
2024-10-16,Pan Manjar,Panes,0.3,72,68
2024-10-16,Leche,Abarrotes,4.0,5,2
2024-10-16,Jamon,Abarrotes,2.5,6,4
2024-10-16,Café,Abarrotes,2.0,5,2
2024-10-16,Queso,Abarrotes,3.0,4,2
2024-10-16,Alfajores Pequeños,Bocaditos,0.25,200,150
2024-10-16,Alfajores Grandes,Bocaditos,1.0,100,75
2024-10-16,Galletas Pequeñas,Bocaditos,0.25,200,150
2024-10-16,Galletas Grandes,Bocaditos,1.0,300,290
2024-10-16,Cookie,Bocaditos,2.0,100,70
2024-10-16,Orejitas Pequeñas,Bocaditos,0.25,200,150
2024-10-16,Orejas Grandes,Bocaditos,1.0,100,70
2024-10-16,Beso de Moza,Bocaditos,1.0,80,50
2024-10-16,Caramandugas,Bocaditos,0.25,300,250
2024-10-16,Rosquitas,Bocaditos,0.25,300,250
2024-10-17,Pan Chabatta,Panes,0.25,768,720
2024-10-17,Pan Francés,Panes,0.25,648,610
2024-10-17,Pan Yema Largo,Panes,0.25,360,320
2024-10-17,Pan Yema Redondo,Panes,0.25,360,320
2024-10-17,Pan Chapla,Panes,0.25,144,110
2024-10-17,Pan Coliza,Panes,0.25,192,170
2024-10-17,Pan Integral,Panes,0.25,144,110
2024-10-17,Pan Caracol,Panes,0.25,144,110
2024-10-17,Pan Hamburguesa,Panes,0.4,288,240
2024-10-17,Cachito,Panes,0.25,144,110
2024-10-17,Pan Manjar,Panes,0.3,72,68
2024-10-17,Leche,Abarrotes,4.0,5,3
2024-10-17,Jamon,Abarrotes,2.5,6,3
2024-10-17,Café,Abarrotes,2.0,5,4
2024-10-17,Queso,Abarrotes,3.0,4,2
2024-10-17,Alfajores Pequeños,Bocaditos,0.25,200,150
2024-10-17,Alfajores Grandes,Bocaditos,1.0,100,75
2024-10-17,Galletas Pequeñas,Bocaditos,0.25,200,150
2024-10-17,Galletas Grandes,Bocaditos,1.0,300,290
2024-10-17,Cookie,Bocaditos,2.0,100,70
2024-10-17,Orejitas Pequeñas,Bocaditos,0.25,200,150
2024-10-17,Orejas Grandes,Bocaditos,1.0,100,70
2024-10-17,Beso de Moza,Bocaditos,1.0,80,50
2024-10-17,Caramandugas,Bocaditos,0.25,300,250
2024-10-17,Rosquitas,Bocaditos,0.25,300,250
2024-10-18,Pan Chabatta,Panes,0.25,768,720
2024-10-18,Pan Francés,Panes,0.25,648,610
2024-10-18,Pan Yema Largo,Panes,0.25,360,320
2024-10-18,Pan Yema Redondo,Panes,0.25,360,320
2024-10-18,Pan Chapla,Panes,0.25,144,110
2024-10-18,Pan Coliza,Panes,0.25,192,170
2024-10-18,Pan Integral,Panes,0.25,144,110
2024-10-18,Pan Caracol,Panes,0.25,144,110
2024-10-18,Pan Hamburguesa,Panes,0.4,288,240
2024-10-18,Cachito,Panes,0.25,144,110
2024-10-18,Pan Manjar,Panes,0.3,72,68
2024-10-18,Leche,Abarrotes,4.0,5,2
2024-10-18,Jamon,Abarrotes,2.5,6,3
2024-10-18,Café,Abarrotes,2.0,5,2
2024-10-18,Queso,Abarrotes,3.0,4,2
2024-10-18,Alfajores Pequeños,Bocaditos,0.25,200,150
2024-10-18,Alfajores Grandes,Bocaditos,1.0,100,75
2024-10-18,Galletas Pequeñas,Bocaditos,0.25,200,150
2024-10-18,Galletas Grandes,Bocaditos,1.0,300,290
2024-10-18,Cookie,Bocaditos,2.0,100,70
2024-10-18,Orejitas Pequeñas,Bocaditos,0.25,200,150
2024-10-18,Orejas Grandes,Bocaditos,1.0,100,70
2024-10-18,Beso de Moza,Bocaditos,1.0,80,50
2024-10-18,Caramandugas,Bocaditos,0.25,300,250
2024-10-18,Rosquitas,Bocaditos,0.25,300,250
2024-10-19,Pan Chabatta,Panes,0.25,768,737
2024-10-19,Pan Francés,Panes,0.25,648,610
2024-10-19,Pan Yema Largo,Panes,0.25,360,323
2024-10-19,Pan Yema Redondo,Panes,0.25,360,322
2024-10-19,Pan Chapla,Panes,0.25,144,116
2024-10-19,Pan Coliza,Panes,0.25,192,176
2024-10-19,Pan Integral,Panes,0.25,144,119
2024-10-19,Pan Caracol,Panes,0.25,144,111
2024-10-19,Pan Hamburguesa,Panes,0.4,288,240
2024-10-19,Cachito,Panes,0.25,144,116
2024-10-19,Pan Manjar,Panes,0.3,72,69
2024-10-19,Leche,Abarrotes,4.0,5,2
2024-10-19,Jamon,Abarrotes,2.5,6,4
2024-10-19,Café,Abarrotes,2.0,5,2
2024-10-19,Queso,Abarrotes,3.0,4,4
2024-10-19,Alfajores Pequeños,Bocaditos,0.25,200,155
2024-10-19,Alfajores Grandes,Bocaditos,1.0,100,78
2024-10-19,Galletas Pequeñas,Bocaditos,0.25,200,158
2024-10-19,Galletas Grandes,Bocaditos,1.0,300,293
2024-10-19,Cookie,Bocaditos,2.0,100,75
2024-10-19,Orejitas Pequeñas,Bocaditos,0.25,200,152
2024-10-19,Orejas Grandes,Bocaditos,1.0,100,72
2024-10-19,Beso de Moza,Bocaditos,1.0,80,52
2024-10-19,Caramandugas,Bocaditos,0.25,300,255
2024-10-19,Rosquitas,Bocaditos,0.25,300,255
2024-10-20,Pan Chabatta,Panes,0.25,768,738
2024-10-20,Pan Francés,Panes,0.25,648,613
2024-10-20,Pan Yema Largo,Panes,0.25,360,330
2024-10-20,Pan Yema Redondo,Panes,0.25,360,325
2024-10-20,Pan Chapla,Panes,0.25,144,116
2024-10-20,Pan Coliza,Panes,0.25,192,174
2024-10-20,Pan Integral,Panes,0.25,144,118
2024-10-20,Pan Caracol,Panes,0.25,144,115
2024-10-20,Pan Hamburguesa,Panes,0.4,288,242
2024-10-20,Cachito,Panes,0.25,144,114
2024-10-20,Pan Manjar,Panes,0.3,72,69
2024-10-20,Leche,Abarrotes,4.0,5,2
2024-10-20,Jamon,Abarrotes,2.5,6,3
2024-10-20,Café,Abarrotes,2.0,5,2
2024-10-20,Queso,Abarrotes,3.0,4,2
2024-10-20,Alfajores Pequeños,Bocaditos,0.25,200,158
2024-10-20,Alfajores Grandes,Bocaditos,1.0,100,78
2024-10-20,Galletas Pequeñas,Bocaditos,0.25,200,156
2024-10-20,Galletas Grandes,Bocaditos,1.0,300,290
2024-10-20,Cookie,Bocaditos,2.0,100,72
2024-10-20,Orejitas Pequeñas,Bocaditos,0.25,200,158
2024-10-20,Orejas Grandes,Bocaditos,1.0,100,75
2024-10-20,Beso de Moza,Bocaditos,1.0,80,51
2024-10-20,Caramandugas,Bocaditos,0.25,300,257
2024-10-20,Rosquitas,Bocaditos,0.25,300,256
2024-10-21,Pan Chabatta,Panes,0.25,768,720
2024-10-21,Pan Francés,Panes,0.25,648,610
2024-10-21,Pan Yema Largo,Panes,0.25,360,320
2024-10-21,Pan Yema Redondo,Panes,0.25,360,320
2024-10-21,Pan Chapla,Panes,0.25,144,110
2024-10-21,Pan Coliza,Panes,0.25,192,170
2024-10-21,Pan Integral,Panes,0.25,144,110
2024-10-21,Pan Caracol,Panes,0.25,144,110
2024-10-21,Pan Hamburguesa,Panes,0.4,288,240
2024-10-21,Cachito,Panes,0.25,144,110
2024-10-21,Pan Manjar,Panes,0.3,72,68
2024-10-21,Leche,Abarrotes,4.0,5,2
2024-10-21,Jamon,Abarrotes,2.5,6,3
2024-10-21,Café,Abarrotes,2.0,5,2
2024-10-21,Queso,Abarrotes,3.0,4,2
2024-10-21,Alfajores Pequeños,Bocaditos,0.25,200,150
2024-10-21,Alfajores Grandes,Bocaditos,1.0,100,75
2024-10-21,Galletas Pequeñas,Bocaditos,0.25,200,150
2024-10-21,Galletas Grandes,Bocaditos,1.0,300,290
2024-10-21,Cookie,Bocaditos,2.0,100,70
2024-10-21,Orejitas Pequeñas,Bocaditos,0.25,200,150
2024-10-21,Orejas Grandes,Bocaditos,1.0,100,70
2024-10-21,Beso de Moza,Bocaditos,1.0,80,50
2024-10-21,Caramandugas,Bocaditos,0.25,300,250
2024-10-21,Rosquitas,Bocaditos,0.25,300,250
2024-10-22,Pan Chabatta,Panes,0.25,768,720
2024-10-22,Pan Francés,Panes,0.25,648,610
2024-10-22,Pan Yema Largo,Panes,0.25,360,320
2024-10-22,Pan Yema Redondo,Panes,0.25,360,320
2024-10-22,Pan Chapla,Panes,0.25,144,110
2024-10-22,Pan Coliza,Panes,0.25,192,170
2024-10-22,Pan Integral,Panes,0.25,144,110
2024-10-22,Pan Caracol,Panes,0.25,144,110
2024-10-22,Pan Hamburguesa,Panes,0.4,288,240
2024-10-22,Cachito,Panes,0.25,144,110
2024-10-22,Pan Manjar,Panes,0.3,72,68
2024-10-22,Leche,Abarrotes,4.0,5,2
2024-10-22,Jamon,Abarrotes,2.5,6,3
2024-10-22,Café,Abarrotes,2.0,5,4
2024-10-22,Queso,Abarrotes,3.0,4,2
2024-10-22,Alfajores Pequeños,Bocaditos,0.25,200,150
2024-10-22,Alfajores Grandes,Bocaditos,1.0,100,75
2024-10-22,Galletas Pequeñas,Bocaditos,0.25,200,150
2024-10-22,Galletas Grandes,Bocaditos,1.0,300,290
2024-10-22,Cookie,Bocaditos,2.0,100,70
2024-10-22,Orejitas Pequeñas,Bocaditos,0.25,200,150
2024-10-22,Orejas Grandes,Bocaditos,1.0,100,70
2024-10-22,Beso de Moza,Bocaditos,1.0,80,50
2024-10-22,Caramandugas,Bocaditos,0.25,300,250
2024-10-22,Rosquitas,Bocaditos,0.25,300,250
2024-10-23,Pan Chabatta,Panes,0.25,768,720
2024-10-23,Pan Francés,Panes,0.25,648,610
2024-10-23,Pan Yema Largo,Panes,0.25,360,320
2024-10-23,Pan Yema Redondo,Panes,0.25,360,320
2024-10-23,Pan Chapla,Panes,0.25,144,110
2024-10-23,Pan Coliza,Panes,0.25,192,170
2024-10-23,Pan Integral,Panes,0.25,144,110
2024-10-23,Pan Caracol,Panes,0.25,144,110
2024-10-23,Pan Hamburguesa,Panes,0.4,288,240
2024-10-23,Cachito,Panes,0.25,144,110
2024-10-23,Pan Manjar,Panes,0.3,72,68
2024-10-23,Leche,Abarrotes,4.0,5,4
2024-10-23,Jamon,Abarrotes,2.5,6,3
2024-10-23,Café,Abarrotes,2.0,5,2
2024-10-23,Queso,Abarrotes,3.0,4,2
2024-10-23,Alfajores Pequeños,Bocaditos,0.25,200,150
2024-10-23,Alfajores Grandes,Bocaditos,1.0,100,75
2024-10-23,Galletas Pequeñas,Bocaditos,0.25,200,150
2024-10-23,Galletas Grandes,Bocaditos,1.0,300,290
2024-10-23,Cookie,Bocaditos,2.0,100,70
2024-10-23,Orejitas Pequeñas,Bocaditos,0.25,200,150
2024-10-23,Orejas Grandes,Bocaditos,1.0,100,70
2024-10-23,Beso de Moza,Bocaditos,1.0,80,50
2024-10-23,Caramandugas,Bocaditos,0.25,300,250
2024-10-23,Rosquitas,Bocaditos,0.25,300,250
2024-10-24,Pan Chabatta,Panes,0.25,768,720
2024-10-24,Pan Francés,Panes,0.25,648,610
2024-10-24,Pan Yema Largo,Panes,0.25,360,320
2024-10-24,Pan Yema Redondo,Panes,0.25,360,320
2024-10-24,Pan Chapla,Panes,0.25,144,110
2024-10-24,Pan Coliza,Panes,0.25,192,170
2024-10-24,Pan Integral,Panes,0.25,144,110
2024-10-24,Pan Caracol,Panes,0.25,144,110
2024-10-24,Pan Hamburguesa,Panes,0.4,288,240
2024-10-24,Cachito,Panes,0.25,144,110
2024-10-24,Pan Manjar,Panes,0.3,72,68
2024-10-24,Leche,Abarrotes,4.0,5,2
2024-10-24,Jamon,Abarrotes,2.5,6,3
2024-10-24,Café,Abarrotes,2.0,5,2
2024-10-24,Queso,Abarrotes,3.0,4,2
2024-10-24,Alfajores Pequeños,Bocaditos,0.25,200,150
2024-10-24,Alfajores Grandes,Bocaditos,1.0,100,75
2024-10-24,Galletas Pequeñas,Bocaditos,0.25,200,150
2024-10-24,Galletas Grandes,Bocaditos,1.0,300,290
2024-10-24,Cookie,Bocaditos,2.0,100,70
2024-10-24,Orejitas Pequeñas,Bocaditos,0.25,200,150
2024-10-24,Orejas Grandes,Bocaditos,1.0,100,70
2024-10-24,Beso de Moza,Bocaditos,1.0,80,50
2024-10-24,Caramandugas,Bocaditos,0.25,300,250
2024-10-24,Rosquitas,Bocaditos,0.25,300,250
2024-10-25,Pan Chabatta,Panes,0.25,768,720
2024-10-25,Pan Francés,Panes,0.25,648,610
2024-10-25,Pan Yema Largo,Panes,0.25,360,320
2024-10-25,Pan Yema Redondo,Panes,0.25,360,320
2024-10-25,Pan Chapla,Panes,0.25,144,110
2024-10-25,Pan Coliza,Panes,0.25,192,170
2024-10-25,Pan Integral,Panes,0.25,144,110
2024-10-25,Pan Caracol,Panes,0.25,144,110
2024-10-25,Pan Hamburguesa,Panes,0.4,288,240
2024-10-25,Cachito,Panes,0.25,144,110
2024-10-25,Pan Manjar,Panes,0.3,72,68
2024-10-25,Leche,Abarrotes,4.0,5,2
2024-10-25,Jamon,Abarrotes,2.5,6,3
2024-10-25,Café,Abarrotes,2.0,5,2
2024-10-25,Queso,Abarrotes,3.0,4,2
2024-10-25,Alfajores Pequeños,Bocaditos,0.25,200,150
2024-10-25,Alfajores Grandes,Bocaditos,1.0,100,75
2024-10-25,Galletas Pequeñas,Bocaditos,0.25,200,150
2024-10-25,Galletas Grandes,Bocaditos,1.0,300,290
2024-10-25,Cookie,Bocaditos,2.0,100,70
2024-10-25,Orejitas Pequeñas,Bocaditos,0.25,200,150
2024-10-25,Orejas Grandes,Bocaditos,1.0,100,70
2024-10-25,Beso de Moza,Bocaditos,1.0,80,54
2024-10-25,Caramandugas,Bocaditos,0.25,300,250
2024-10-25,Rosquitas,Bocaditos,0.25,300,250
2024-10-26,Pan Chabatta,Panes,0.25,768,739
2024-10-26,Pan Francés,Panes,0.25,648,612
2024-10-26,Pan Yema Largo,Panes,0.25,360,326
2024-10-26,Pan Yema Redondo,Panes,0.25,360,323
2024-10-26,Pan Chapla,Panes,0.25,144,119
2024-10-26,Pan Coliza,Panes,0.25,192,170
2024-10-26,Pan Integral,Panes,0.25,144,116
2024-10-26,Pan Caracol,Panes,0.25,144,120
2024-10-26,Pan Hamburguesa,Panes,0.4,288,243
2024-10-26,Cachito,Panes,0.25,144,113
2024-10-26,Pan Manjar,Panes,0.3,72,68
2024-10-26,Leche,Abarrotes,4.0,5,2
2024-10-26,Jamon,Abarrotes,2.5,6,5
2024-10-26,Café,Abarrotes,2.0,5,4
2024-10-26,Queso,Abarrotes,3.0,4,3
2024-10-26,Alfajores Pequeños,Bocaditos,0.25,200,158
2024-10-26,Alfajores Grandes,Bocaditos,1.0,100,81
2024-10-26,Galletas Pequeñas,Bocaditos,0.25,200,157
2024-10-26,Galletas Grandes,Bocaditos,1.0,300,294
2024-10-26,Cookie,Bocaditos,2.0,100,74
2024-10-26,Orejitas Pequeñas,Bocaditos,0.25,200,155
2024-10-26,Orejas Grandes,Bocaditos,1.0,100,72
2024-10-26,Beso de Moza,Bocaditos,1.0,80,57
2024-10-26,Caramandugas,Bocaditos,0.25,300,256
2024-10-26,Rosquitas,Bocaditos,0.25,300,250
2024-10-27,Pan Chabatta,Panes,0.25,768,738
2024-10-27,Pan Francés,Panes,0.25,648,612
2024-10-27,Pan Yema Largo,Panes,0.25,360,326
2024-10-27,Pan Yema Redondo,Panes,0.25,360,326
2024-10-27,Pan Chapla,Panes,0.25,144,112
2024-10-27,Pan Coliza,Panes,0.25,192,171
2024-10-27,Pan Integral,Panes,0.25,144,111
2024-10-27,Pan Caracol,Panes,0.25,144,118
2024-10-27,Pan Hamburguesa,Panes,0.4,288,242
2024-10-27,Cachito,Panes,0.25,144,119
2024-10-27,Pan Manjar,Panes,0.3,72,68
2024-10-27,Leche,Abarrotes,4.0,5,3
2024-10-27,Jamon,Abarrotes,2.5,6,3
2024-10-27,Café,Abarrotes,2.0,5,4
2024-10-27,Queso,Abarrotes,3.0,4,2
2024-10-27,Alfajores Pequeños,Bocaditos,0.25,200,154
2024-10-27,Alfajores Grandes,Bocaditos,1.0,100,75
2024-10-27,Galletas Pequeñas,Bocaditos,0.25,200,150
2024-10-27,Galletas Grandes,Bocaditos,1.0,300,291
2024-10-27,Cookie,Bocaditos,2.0,100,72
2024-10-27,Orejitas Pequeñas,Bocaditos,0.25,200,160
2024-10-27,Orejas Grandes,Bocaditos,1.0,100,75
2024-10-27,Beso de Moza,Bocaditos,1.0,80,52
2024-10-27,Caramandugas,Bocaditos,0.25,300,252
2024-10-27,Rosquitas,Bocaditos,0.25,300,254
2024-10-28,Pan Chabatta,Panes,0.25,768,720
2024-10-28,Pan Francés,Panes,0.25,648,610
2024-10-28,Pan Yema Largo,Panes,0.25,360,320
2024-10-28,Pan Yema Redondo,Panes,0.25,360,320
2024-10-28,Pan Chapla,Panes,0.25,144,110
2024-10-28,Pan Coliza,Panes,0.25,192,170
2024-10-28,Pan Integral,Panes,0.25,144,110
2024-10-28,Pan Caracol,Panes,0.25,144,110
2024-10-28,Pan Hamburguesa,Panes,0.4,288,240
2024-10-28,Cachito,Panes,0.25,144,110
2024-10-28,Pan Manjar,Panes,0.3,72,68
2024-10-28,Leche,Abarrotes,4.0,5,2
2024-10-28,Jamon,Abarrotes,2.5,6,3
2024-10-28,Café,Abarrotes,2.0,5,2
2024-10-28,Queso,Abarrotes,3.0,4,3
2024-10-28,Alfajores Pequeños,Bocaditos,0.25,200,150
2024-10-28,Alfajores Grandes,Bocaditos,1.0,100,75
2024-10-28,Galletas Pequeñas,Bocaditos,0.25,200,150
2024-10-28,Galletas Grandes,Bocaditos,1.0,300,290
2024-10-28,Cookie,Bocaditos,2.0,100,70
2024-10-28,Orejitas Pequeñas,Bocaditos,0.25,200,150
2024-10-28,Orejas Grandes,Bocaditos,1.0,100,70
2024-10-28,Beso de Moza,Bocaditos,1.0,80,50
2024-10-28,Caramandugas,Bocaditos,0.25,300,250
2024-10-28,Rosquitas,Bocaditos,0.25,300,250
2024-10-29,Pan Chabatta,Panes,0.25,768,720
2024-10-29,Pan Francés,Panes,0.25,648,610
2024-10-29,Pan Yema Largo,Panes,0.25,360,320
2024-10-29,Pan Yema Redondo,Panes,0.25,360,320
2024-10-29,Pan Chapla,Panes,0.25,144,110
2024-10-29,Pan Coliza,Panes,0.25,192,170
2024-10-29,Pan Integral,Panes,0.25,144,110
2024-10-29,Pan Caracol,Panes,0.25,144,110
2024-10-29,Pan Hamburguesa,Panes,0.4,288,240
2024-10-29,Cachito,Panes,0.25,144,110
2024-10-29,Pan Manjar,Panes,0.3,72,68
2024-10-29,Leche,Abarrotes,4.0,5,3
2024-10-29,Jamon,Abarrotes,2.5,6,3
2024-10-29,Café,Abarrotes,2.0,5,2
2024-10-29,Queso,Abarrotes,3.0,4,2
2024-10-29,Alfajores Pequeños,Bocaditos,0.25,200,150
2024-10-29,Alfajores Grandes,Bocaditos,1.0,100,75
2024-10-29,Galletas Pequeñas,Bocaditos,0.25,200,150
2024-10-29,Galletas Grandes,Bocaditos,1.0,300,290
2024-10-29,Cookie,Bocaditos,2.0,100,70
2024-10-29,Orejitas Pequeñas,Bocaditos,0.25,200,150
2024-10-29,Orejas Grandes,Bocaditos,1.0,100,70
2024-10-29,Beso de Moza,Bocaditos,1.0,80,50
2024-10-29,Caramandugas,Bocaditos,0.25,300,250
2024-10-29,Rosquitas,Bocaditos,0.25,300,250
2024-10-30,Pan Chabatta,Panes,0.25,768,720
2024-10-30,Pan Francés,Panes,0.25,648,610
2024-10-30,Pan Yema Largo,Panes,0.25,360,320
2024-10-30,Pan Yema Redondo,Panes,0.25,360,320
2024-10-30,Pan Chapla,Panes,0.25,144,110
2024-10-30,Pan Coliza,Panes,0.25,192,170
2024-10-30,Pan Integral,Panes,0.25,144,110
2024-10-30,Pan Caracol,Panes,0.25,144,110
2024-10-30,Pan Hamburguesa,Panes,0.4,288,240
2024-10-30,Cachito,Panes,0.25,144,110
2024-10-30,Pan Manjar,Panes,0.3,72,68
2024-10-30,Leche,Abarrotes,4.0,5,3
2024-10-30,Jamon,Abarrotes,2.5,6,4
2024-10-30,Café,Abarrotes,2.0,5,2
2024-10-30,Queso,Abarrotes,3.0,4,2
2024-10-30,Alfajores Pequeños,Bocaditos,0.25,200,150
2024-10-30,Alfajores Grandes,Bocaditos,1.0,100,75
2024-10-30,Galletas Pequeñas,Bocaditos,0.25,200,150
2024-10-30,Galletas Grandes,Bocaditos,1.0,300,290
2024-10-30,Cookie,Bocaditos,2.0,100,70
2024-10-30,Orejitas Pequeñas,Bocaditos,0.25,200,150
2024-10-30,Orejas Grandes,Bocaditos,1.0,100,70
2024-10-30,Beso de Moza,Bocaditos,1.0,80,50
2024-10-30,Caramandugas,Bocaditos,0.25,300,250
2024-10-30,Rosquitas,Bocaditos,0.25,300,250
2024-10-31,Pan Chabatta,Panes,0.25,768,720
2024-10-31,Pan Francés,Panes,0.25,648,610
2024-10-31,Pan Yema Largo,Panes,0.25,360,320
2024-10-31,Pan Yema Redondo,Panes,0.25,360,320
2024-10-31,Pan Chapla,Panes,0.25,144,110
2024-10-31,Pan Coliza,Panes,0.25,192,170
2024-10-31,Pan Integral,Panes,0.25,144,110
2024-10-31,Pan Caracol,Panes,0.25,144,110
2024-10-31,Pan Hamburguesa,Panes,0.4,288,240
2024-10-31,Cachito,Panes,0.25,144,110
2024-10-31,Pan Manjar,Panes,0.3,72,68
2024-10-31,Leche,Abarrotes,4.0,5,2
2024-10-31,Jamon,Abarrotes,2.5,6,4
2024-10-31,Café,Abarrotes,2.0,5,2
2024-10-31,Queso,Abarrotes,3.0,4,2
2024-10-31,Alfajores Pequeños,Bocaditos,0.25,200,150
2024-10-31,Alfajores Grandes,Bocaditos,1.0,100,75
2024-10-31,Galletas Pequeñas,Bocaditos,0.25,200,150
2024-10-31,Galletas Grandes,Bocaditos,1.0,300,290
2024-10-31,Cookie,Bocaditos,2.0,100,70
2024-10-31,Orejitas Pequeñas,Bocaditos,0.25,200,150
2024-10-31,Orejas Grandes,Bocaditos,1.0,100,70
2024-10-31,Beso de Moza,Bocaditos,1.0,80,50
2024-10-31,Caramandugas,Bocaditos,0.25,300,250
2024-10-31,Rosquitas,Bocaditos,0.25,300,250
2024-11-01,Pan Chabatta,Panes,0.25,768,720
2024-11-01,Pan Francés,Panes,0.25,648,610
2024-11-01,Pan Yema Largo,Panes,0.25,360,320
2024-11-01,Pan Yema Redondo,Panes,0.25,360,320
2024-11-01,Pan Chapla,Panes,0.25,144,110
2024-11-01,Pan Coliza,Panes,0.25,192,170
2024-11-01,Pan Integral,Panes,0.25,144,110
2024-11-01,Pan Caracol,Panes,0.25,144,110
2024-11-01,Pan Hamburguesa,Panes,0.4,288,240
2024-11-01,Cachito,Panes,0.25,144,110
2024-11-01,Pan Manjar,Panes,0.3,72,68
2024-11-01,Leche,Abarrotes,4.0,5,2
2024-11-01,Jamon,Abarrotes,2.5,6,3
2024-11-01,Café,Abarrotes,2.0,5,2
2024-11-01,Queso,Abarrotes,3.0,4,2
2024-11-01,Alfajores Pequeños,Bocaditos,0.25,200,150
2024-11-01,Alfajores Grandes,Bocaditos,1.0,100,75
2024-11-01,Galletas Pequeñas,Bocaditos,0.25,200,150
2024-11-01,Galletas Grandes,Bocaditos,1.0,300,290
2024-11-01,Cookie,Bocaditos,2.0,100,70
2024-11-01,Orejitas Pequeñas,Bocaditos,0.25,200,150
2024-11-01,Orejas Grandes,Bocaditos,1.0,100,70
2024-11-01,Beso de Moza,Bocaditos,1.0,80,50
2024-11-01,Caramandugas,Bocaditos,0.25,300,250
2024-11-01,Rosquitas,Bocaditos,0.25,300,250
2024-11-02,Pan Chabatta,Panes,0.25,768,721
2024-11-02,Pan Francés,Panes,0.25,648,617
2024-11-02,Pan Yema Largo,Panes,0.25,360,323
2024-11-02,Pan Yema Redondo,Panes,0.25,360,329
2024-11-02,Pan Chapla,Panes,0.25,144,116
2024-11-02,Pan Coliza,Panes,0.25,192,172
2024-11-02,Pan Integral,Panes,0.25,144,117
2024-11-02,Pan Caracol,Panes,0.25,144,113
2024-11-02,Pan Hamburguesa,Panes,0.4,288,244
2024-11-02,Cachito,Panes,0.25,144,119
2024-11-02,Pan Manjar,Panes,0.3,72,71
2024-11-02,Leche,Abarrotes,4.0,5,3
2024-11-02,Jamon,Abarrotes,2.5,6,4
2024-11-02,Café,Abarrotes,2.0,5,4
2024-11-02,Queso,Abarrotes,3.0,4,2
2024-11-02,Alfajores Pequeños,Bocaditos,0.25,200,156
2024-11-02,Alfajores Grandes,Bocaditos,1.0,100,76
2024-11-02,Galletas Pequeñas,Bocaditos,0.25,200,154
2024-11-02,Galletas Grandes,Bocaditos,1.0,300,290
2024-11-02,Cookie,Bocaditos,2.0,100,72
2024-11-02,Orejitas Pequeñas,Bocaditos,0.25,200,153
2024-11-02,Orejas Grandes,Bocaditos,1.0,100,72
2024-11-02,Beso de Moza,Bocaditos,1.0,80,58
2024-11-02,Caramandugas,Bocaditos,0.25,300,259
2024-11-02,Rosquitas,Bocaditos,0.25,300,250
2024-11-03,Pan Chabatta,Panes,0.25,768,721
2024-11-03,Pan Francés,Panes,0.25,648,611
2024-11-03,Pan Yema Largo,Panes,0.25,360,323
2024-11-03,Pan Yema Redondo,Panes,0.25,360,325
2024-11-03,Pan Chapla,Panes,0.25,144,115
2024-11-03,Pan Coliza,Panes,0.25,192,173
2024-11-03,Pan Integral,Panes,0.25,144,112
2024-11-03,Pan Caracol,Panes,0.25,144,118
2024-11-03,Pan Hamburguesa,Panes,0.4,288,241
2024-11-03,Cachito,Panes,0.25,144,119
2024-11-03,Pan Manjar,Panes,0.3,72,69
2024-11-03,Leche,Abarrotes,4.0,5,3
2024-11-03,Jamon,Abarrotes,2.5,6,4
2024-11-03,Café,Abarrotes,2.0,5,2
2024-11-03,Queso,Abarrotes,3.0,4,3
2024-11-03,Alfajores Pequeños,Bocaditos,0.25,200,157
2024-11-03,Alfajores Grandes,Bocaditos,1.0,100,75
2024-11-03,Galletas Pequeñas,Bocaditos,0.25,200,154
2024-11-03,Galletas Grandes,Bocaditos,1.0,300,292
2024-11-03,Cookie,Bocaditos,2.0,100,72
2024-11-03,Orejitas Pequeñas,Bocaditos,0.25,200,160
2024-11-03,Orejas Grandes,Bocaditos,1.0,100,73
2024-11-03,Beso de Moza,Bocaditos,1.0,80,58
2024-11-03,Caramandugas,Bocaditos,0.25,300,253
2024-11-03,Rosquitas,Bocaditos,0.25,300,261
2024-11-04,Pan Chabatta,Panes,0.25,768,720
2024-11-04,Pan Francés,Panes,0.25,648,610
2024-11-04,Pan Yema Largo,Panes,0.25,360,320
2024-11-04,Pan Yema Redondo,Panes,0.25,360,320
2024-11-04,Pan Chapla,Panes,0.25,144,110
2024-11-04,Pan Coliza,Panes,0.25,192,170
2024-11-04,Pan Integral,Panes,0.25,144,110
2024-11-04,Pan Caracol,Panes,0.25,144,110
2024-11-04,Pan Hamburguesa,Panes,0.4,288,240
2024-11-04,Cachito,Panes,0.25,144,110
2024-11-04,Pan Manjar,Panes,0.3,72,68
2024-11-04,Leche,Abarrotes,4.0,5,2
2024-11-04,Jamon,Abarrotes,2.5,6,3
2024-11-04,Café,Abarrotes,2.0,5,2
2024-11-04,Queso,Abarrotes,3.0,4,2
2024-11-04,Alfajores Pequeños,Bocaditos,0.25,200,150
2024-11-04,Alfajores Grandes,Bocaditos,1.0,100,75
2024-11-04,Galletas Pequeñas,Bocaditos,0.25,200,150
2024-11-04,Galletas Grandes,Bocaditos,1.0,300,290
2024-11-04,Cookie,Bocaditos,2.0,100,70
2024-11-04,Orejitas Pequeñas,Bocaditos,0.25,200,150
2024-11-04,Orejas Grandes,Bocaditos,1.0,100,70
2024-11-04,Beso de Moza,Bocaditos,1.0,80,50
2024-11-04,Caramandugas,Bocaditos,0.25,300,250
2024-11-04,Rosquitas,Bocaditos,0.25,300,250
2024-11-05,Pan Chabatta,Panes,0.25,768,720
2024-11-05,Pan Francés,Panes,0.25,648,610
2024-11-05,Pan Yema Largo,Panes,0.25,360,320
2024-11-05,Pan Yema Redondo,Panes,0.25,360,320
2024-11-05,Pan Chapla,Panes,0.25,144,110
2024-11-05,Pan Coliza,Panes,0.25,192,170
2024-11-05,Pan Integral,Panes,0.25,144,110
2024-11-05,Pan Caracol,Panes,0.25,144,110
2024-11-05,Pan Hamburguesa,Panes,0.4,288,240
2024-11-05,Cachito,Panes,0.25,144,110
2024-11-05,Pan Manjar,Panes,0.3,72,68
2024-11-05,Leche,Abarrotes,4.0,5,2
2024-11-05,Jamon,Abarrotes,2.5,6,5
2024-11-05,Café,Abarrotes,2.0,5,2
2024-11-05,Queso,Abarrotes,3.0,4,2
2024-11-05,Alfajores Pequeños,Bocaditos,0.25,200,150
2024-11-05,Alfajores Grandes,Bocaditos,1.0,100,75
2024-11-05,Galletas Pequeñas,Bocaditos,0.25,200,150
2024-11-05,Galletas Grandes,Bocaditos,1.0,300,290
2024-11-05,Cookie,Bocaditos,2.0,100,70
2024-11-05,Orejitas Pequeñas,Bocaditos,0.25,200,150
2024-11-05,Orejas Grandes,Bocaditos,1.0,100,70
2024-11-05,Beso de Moza,Bocaditos,1.0,80,50
2024-11-05,Caramandugas,Bocaditos,0.25,300,250
2024-11-05,Rosquitas,Bocaditos,0.25,300,250
2024-11-06,Pan Chabatta,Panes,0.25,768,720
2024-11-06,Pan Francés,Panes,0.25,648,610
2024-11-06,Pan Yema Largo,Panes,0.25,360,320
2024-11-06,Pan Yema Redondo,Panes,0.25,360,320
2024-11-06,Pan Chapla,Panes,0.25,144,110
2024-11-06,Pan Coliza,Panes,0.25,192,170
2024-11-06,Pan Integral,Panes,0.25,144,110
2024-11-06,Pan Caracol,Panes,0.25,144,110
2024-11-06,Pan Hamburguesa,Panes,0.4,288,240
2024-11-06,Cachito,Panes,0.25,144,110
2024-11-06,Pan Manjar,Panes,0.3,72,68
2024-11-06,Leche,Abarrotes,4.0,5,4
2024-11-06,Jamon,Abarrotes,2.5,6,3
2024-11-06,Café,Abarrotes,2.0,5,2
2024-11-06,Queso,Abarrotes,3.0,4,2
2024-11-06,Alfajores Pequeños,Bocaditos,0.25,200,150
2024-11-06,Alfajores Grandes,Bocaditos,1.0,100,75
2024-11-06,Galletas Pequeñas,Bocaditos,0.25,200,150
2024-11-06,Galletas Grandes,Bocaditos,1.0,300,290
2024-11-06,Cookie,Bocaditos,2.0,100,70
2024-11-06,Orejitas Pequeñas,Bocaditos,0.25,200,150
2024-11-06,Orejas Grandes,Bocaditos,1.0,100,70
2024-11-06,Beso de Moza,Bocaditos,1.0,80,50
2024-11-06,Caramandugas,Bocaditos,0.25,300,250
2024-11-06,Rosquitas,Bocaditos,0.25,300,250
2024-11-07,Pan Chabatta,Panes,0.25,768,720
2024-11-07,Pan Francés,Panes,0.25,648,610
2024-11-07,Pan Yema Largo,Panes,0.25,360,320
2024-11-07,Pan Yema Redondo,Panes,0.25,360,320
2024-11-07,Pan Chapla,Panes,0.25,144,110
2024-11-07,Pan Coliza,Panes,0.25,192,170
2024-11-07,Pan Integral,Panes,0.25,144,110
2024-11-07,Pan Caracol,Panes,0.25,144,110
2024-11-07,Pan Hamburguesa,Panes,0.4,288,240
2024-11-07,Cachito,Panes,0.25,144,110
2024-11-07,Pan Manjar,Panes,0.3,72,68
2024-11-07,Leche,Abarrotes,4.0,5,2
2024-11-07,Jamon,Abarrotes,2.5,6,3
2024-11-07,Café,Abarrotes,2.0,5,2
2024-11-07,Queso,Abarrotes,3.0,4,2
2024-11-07,Alfajores Pequeños,Bocaditos,0.25,200,150
2024-11-07,Alfajores Grandes,Bocaditos,1.0,100,75
2024-11-07,Galletas Pequeñas,Bocaditos,0.25,200,150
2024-11-07,Galletas Grandes,Bocaditos,1.0,300,290
2024-11-07,Cookie,Bocaditos,2.0,100,70
2024-11-07,Orejitas Pequeñas,Bocaditos,0.25,200,150
2024-11-07,Orejas Grandes,Bocaditos,1.0,100,70
2024-11-07,Beso de Moza,Bocaditos,1.0,80,50
2024-11-07,Caramandugas,Bocaditos,0.25,300,250
2024-11-07,Rosquitas,Bocaditos,0.25,300,250
2024-11-08,Pan Chabatta,Panes,0.25,768,720
2024-11-08,Pan Francés,Panes,0.25,648,610
2024-11-08,Pan Yema Largo,Panes,0.25,360,320
2024-11-08,Pan Yema Redondo,Panes,0.25,360,320
2024-11-08,Pan Chapla,Panes,0.25,144,110
2024-11-08,Pan Coliza,Panes,0.25,192,170
2024-11-08,Pan Integral,Panes,0.25,144,110
2024-11-08,Pan Caracol,Panes,0.25,144,110
2024-11-08,Pan Hamburguesa,Panes,0.4,288,240
2024-11-08,Cachito,Panes,0.25,144,110
2024-11-08,Pan Manjar,Panes,0.3,72,68
2024-11-08,Leche,Abarrotes,4.0,5,2
2024-11-08,Jamon,Abarrotes,2.5,6,3
2024-11-08,Café,Abarrotes,2.0,5,2
2024-11-08,Queso,Abarrotes,3.0,4,2
2024-11-08,Alfajores Pequeños,Bocaditos,0.25,200,150
2024-11-08,Alfajores Grandes,Bocaditos,1.0,100,75
2024-11-08,Galletas Pequeñas,Bocaditos,0.25,200,150
2024-11-08,Galletas Grandes,Bocaditos,1.0,300,290
2024-11-08,Cookie,Bocaditos,2.0,100,70
2024-11-08,Orejitas Pequeñas,Bocaditos,0.25,200,150
2024-11-08,Orejas Grandes,Bocaditos,1.0,100,70
2024-11-08,Beso de Moza,Bocaditos,1.0,80,50
2024-11-08,Caramandugas,Bocaditos,0.25,300,250
2024-11-08,Rosquitas,Bocaditos,0.25,300,250
2024-11-09,Pan Chabatta,Panes,0.25,768,724
2024-11-09,Pan Francés,Panes,0.25,648,610
2024-11-09,Pan Yema Largo,Panes,0.25,360,330
2024-11-09,Pan Yema Redondo,Panes,0.25,360,324
2024-11-09,Pan Chapla,Panes,0.25,144,116
2024-11-09,Pan Coliza,Panes,0.25,192,170
2024-11-09,Pan Integral,Panes,0.25,144,114
2024-11-09,Pan Caracol,Panes,0.25,144,121
2024-11-09,Pan Hamburguesa,Panes,0.4,288,245
2024-11-09,Cachito,Panes,0.25,144,117
2024-11-09,Pan Manjar,Panes,0.3,72,68
2024-11-09,Leche,Abarrotes,4.0,5,4
2024-11-09,Jamon,Abarrotes,2.5,6,4
2024-11-09,Café,Abarrotes,2.0,5,3
2024-11-09,Queso,Abarrotes,3.0,4,2
2024-11-09,Alfajores Pequeños,Bocaditos,0.25,200,150
2024-11-09,Alfajores Grandes,Bocaditos,1.0,100,76
2024-11-09,Galletas Pequeñas,Bocaditos,0.25,200,151
2024-11-09,Galletas Grandes,Bocaditos,1.0,300,291
2024-11-09,Cookie,Bocaditos,2.0,100,73
2024-11-09,Orejitas Pequeñas,Bocaditos,0.25,200,156
2024-11-09,Orejas Grandes,Bocaditos,1.0,100,75
2024-11-09,Beso de Moza,Bocaditos,1.0,80,51
2024-11-09,Caramandugas,Bocaditos,0.25,300,254
2024-11-09,Rosquitas,Bocaditos,0.25,300,259
2024-11-10,Pan Chabatta,Panes,0.25,768,732
2024-11-10,Pan Francés,Panes,0.25,648,611
2024-11-10,Pan Yema Largo,Panes,0.25,360,321
2024-11-10,Pan Yema Redondo,Panes,0.25,360,331
2024-11-10,Pan Chapla,Panes,0.25,144,114
2024-11-10,Pan Coliza,Panes,0.25,192,171
2024-11-10,Pan Integral,Panes,0.25,144,116
2024-11-10,Pan Caracol,Panes,0.25,144,118
2024-11-10,Pan Hamburguesa,Panes,0.4,288,249
2024-11-10,Cachito,Panes,0.25,144,112
2024-11-10,Pan Manjar,Panes,0.3,72,68
2024-11-10,Leche,Abarrotes,4.0,5,3
2024-11-10,Jamon,Abarrotes,2.5,6,5
2024-11-10,Café,Abarrotes,2.0,5,3
2024-11-10,Queso,Abarrotes,3.0,4,3
2024-11-10,Alfajores Pequeños,Bocaditos,0.25,200,155
2024-11-10,Alfajores Grandes,Bocaditos,1.0,100,76
2024-11-10,Galletas Pequeñas,Bocaditos,0.25,200,150
2024-11-10,Galletas Grandes,Bocaditos,1.0,300,294
2024-11-10,Cookie,Bocaditos,2.0,100,70
2024-11-10,Orejitas Pequeñas,Bocaditos,0.25,200,154
2024-11-10,Orejas Grandes,Bocaditos,1.0,100,74
2024-11-10,Beso de Moza,Bocaditos,1.0,80,51
2024-11-10,Caramandugas,Bocaditos,0.25,300,254
2024-11-10,Rosquitas,Bocaditos,0.25,300,250
2024-11-11,Pan Chabatta,Panes,0.25,768,720
2024-11-11,Pan Francés,Panes,0.25,648,610
2024-11-11,Pan Yema Largo,Panes,0.25,360,320
2024-11-11,Pan Yema Redondo,Panes,0.25,360,320
2024-11-11,Pan Chapla,Panes,0.25,144,110
2024-11-11,Pan Coliza,Panes,0.25,192,170
2024-11-11,Pan Integral,Panes,0.25,144,110
2024-11-11,Pan Caracol,Panes,0.25,144,110
2024-11-11,Pan Hamburguesa,Panes,0.4,288,240
2024-11-11,Cachito,Panes,0.25,144,110
2024-11-11,Pan Manjar,Panes,0.3,72,68
2024-11-11,Leche,Abarrotes,4.0,5,2
2024-11-11,Jamon,Abarrotes,2.5,6,3
2024-11-11,Café,Abarrotes,2.0,5,2
2024-11-11,Queso,Abarrotes,3.0,4,3
2024-11-11,Alfajores Pequeños,Bocaditos,0.25,200,150
2024-11-11,Alfajores Grandes,Bocaditos,1.0,100,75
2024-11-11,Galletas Pequeñas,Bocaditos,0.25,200,150
2024-11-11,Galletas Grandes,Bocaditos,1.0,300,290
2024-11-11,Cookie,Bocaditos,2.0,100,70
2024-11-11,Orejitas Pequeñas,Bocaditos,0.25,200,150
2024-11-11,Orejas Grandes,Bocaditos,1.0,100,70
2024-11-11,Beso de Moza,Bocaditos,1.0,80,50
2024-11-11,Caramandugas,Bocaditos,0.25,300,250
2024-11-11,Rosquitas,Bocaditos,0.25,300,250
2024-11-12,Pan Chabatta,Panes,0.25,768,720
2024-11-12,Pan Francés,Panes,0.25,648,610
2024-11-12,Pan Yema Largo,Panes,0.25,360,320
2024-11-12,Pan Yema Redondo,Panes,0.25,360,320
2024-11-12,Pan Chapla,Panes,0.25,144,110
2024-11-12,Pan Coliza,Panes,0.25,192,170
2024-11-12,Pan Integral,Panes,0.25,144,110
2024-11-12,Pan Caracol,Panes,0.25,144,110
2024-11-12,Pan Hamburguesa,Panes,0.4,288,240
2024-11-12,Cachito,Panes,0.25,144,110
2024-11-12,Pan Manjar,Panes,0.3,72,68
2024-11-12,Leche,Abarrotes,4.0,5,2
2024-11-12,Jamon,Abarrotes,2.5,6,5
2024-11-12,Café,Abarrotes,2.0,5,2
2024-11-12,Queso,Abarrotes,3.0,4,2
2024-11-12,Alfajores Pequeños,Bocaditos,0.25,200,150
2024-11-12,Alfajores Grandes,Bocaditos,1.0,100,75
2024-11-12,Galletas Pequeñas,Bocaditos,0.25,200,150
2024-11-12,Galletas Grandes,Bocaditos,1.0,300,290
2024-11-12,Cookie,Bocaditos,2.0,100,70
2024-11-12,Orejitas Pequeñas,Bocaditos,0.25,200,150
2024-11-12,Orejas Grandes,Bocaditos,1.0,100,70
2024-11-12,Beso de Moza,Bocaditos,1.0,80,50
2024-11-12,Caramandugas,Bocaditos,0.25,300,250
2024-11-12,Rosquitas,Bocaditos,0.25,300,250
2024-11-13,Pan Chabatta,Panes,0.25,768,720
2024-11-13,Pan Francés,Panes,0.25,648,610
2024-11-13,Pan Yema Largo,Panes,0.25,360,320
2024-11-13,Pan Yema Redondo,Panes,0.25,360,320
2024-11-13,Pan Chapla,Panes,0.25,144,110
2024-11-13,Pan Coliza,Panes,0.25,192,170
2024-11-13,Pan Integral,Panes,0.25,144,110
2024-11-13,Pan Caracol,Panes,0.25,144,110
2024-11-13,Pan Hamburguesa,Panes,0.4,288,240
2024-11-13,Cachito,Panes,0.25,144,110
2024-11-13,Pan Manjar,Panes,0.3,72,68
2024-11-13,Leche,Abarrotes,4.0,5,4
2024-11-13,Jamon,Abarrotes,2.5,6,3
2024-11-13,Café,Abarrotes,2.0,5,3
2024-11-13,Queso,Abarrotes,3.0,4,2
2024-11-13,Alfajores Pequeños,Bocaditos,0.25,200,150
2024-11-13,Alfajores Grandes,Bocaditos,1.0,100,75
2024-11-13,Galletas Pequeñas,Bocaditos,0.25,200,150
2024-11-13,Galletas Grandes,Bocaditos,1.0,300,290
2024-11-13,Cookie,Bocaditos,2.0,100,70
2024-11-13,Orejitas Pequeñas,Bocaditos,0.25,200,150
2024-11-13,Orejas Grandes,Bocaditos,1.0,100,70
2024-11-13,Beso de Moza,Bocaditos,1.0,80,50
2024-11-13,Caramandugas,Bocaditos,0.25,300,250
2024-11-13,Rosquitas,Bocaditos,0.25,300,250
2024-11-14,Pan Chabatta,Panes,0.25,768,720
2024-11-14,Pan Francés,Panes,0.25,648,610
2024-11-14,Pan Yema Largo,Panes,0.25,360,320
2024-11-14,Pan Yema Redondo,Panes,0.25,360,320
2024-11-14,Pan Chapla,Panes,0.25,144,110
2024-11-14,Pan Coliza,Panes,0.25,192,170
2024-11-14,Pan Integral,Panes,0.25,144,110
2024-11-14,Pan Caracol,Panes,0.25,144,110
2024-11-14,Pan Hamburguesa,Panes,0.4,288,240
2024-11-14,Cachito,Panes,0.25,144,110
2024-11-14,Pan Manjar,Panes,0.3,72,68
2024-11-14,Leche,Abarrotes,4.0,5,2
2024-11-14,Jamon,Abarrotes,2.5,6,4
2024-11-14,Café,Abarrotes,2.0,5,2
2024-11-14,Queso,Abarrotes,3.0,4,2
2024-11-14,Alfajores Pequeños,Bocaditos,0.25,200,150
2024-11-14,Alfajores Grandes,Bocaditos,1.0,100,75
2024-11-14,Galletas Pequeñas,Bocaditos,0.25,200,150
2024-11-14,Galletas Grandes,Bocaditos,1.0,300,290
2024-11-14,Cookie,Bocaditos,2.0,100,70
2024-11-14,Orejitas Pequeñas,Bocaditos,0.25,200,150
2024-11-14,Orejas Grandes,Bocaditos,1.0,100,70
2024-11-14,Beso de Moza,Bocaditos,1.0,80,50
2024-11-14,Caramandugas,Bocaditos,0.25,300,250
2024-11-14,Rosquitas,Bocaditos,0.25,300,250
2024-11-15,Pan Chabatta,Panes,0.25,768,720
2024-11-15,Pan Francés,Panes,0.25,648,610
2024-11-15,Pan Yema Largo,Panes,0.25,360,320
2024-11-15,Pan Yema Redondo,Panes,0.25,360,320
2024-11-15,Pan Chapla,Panes,0.25,144,110
2024-11-15,Pan Coliza,Panes,0.25,192,170
2024-11-15,Pan Integral,Panes,0.25,144,110
2024-11-15,Pan Caracol,Panes,0.25,144,110
2024-11-15,Pan Hamburguesa,Panes,0.4,288,240
2024-11-15,Cachito,Panes,0.25,144,110
2024-11-15,Pan Manjar,Panes,0.3,72,68
2024-11-15,Leche,Abarrotes,4.0,5,2
2024-11-15,Jamon,Abarrotes,2.5,6,3
2024-11-15,Café,Abarrotes,2.0,5,3
2024-11-15,Queso,Abarrotes,3.0,4,2
2024-11-15,Alfajores Pequeños,Bocaditos,0.25,200,150
2024-11-15,Alfajores Grandes,Bocaditos,1.0,100,75
2024-11-15,Galletas Pequeñas,Bocaditos,0.25,200,150
2024-11-15,Galletas Grandes,Bocaditos,1.0,300,290
2024-11-15,Cookie,Bocaditos,2.0,100,70
2024-11-15,Orejitas Pequeñas,Bocaditos,0.25,200,150
2024-11-15,Orejas Grandes,Bocaditos,1.0,100,70
2024-11-15,Beso de Moza,Bocaditos,1.0,80,52
2024-11-15,Caramandugas,Bocaditos,0.25,300,250
2024-11-15,Rosquitas,Bocaditos,0.25,300,250
2024-11-16,Pan Chabatta,Panes,0.25,768,740
2024-11-16,Pan Francés,Panes,0.25,648,616
2024-11-16,Pan Yema Largo,Panes,0.25,360,322
2024-11-16,Pan Yema Redondo,Panes,0.25,360,325
2024-11-16,Pan Chapla,Panes,0.25,144,112
2024-11-16,Pan Coliza,Panes,0.25,192,171
2024-11-16,Pan Integral,Panes,0.25,144,110
2024-11-16,Pan Caracol,Panes,0.25,144,114
2024-11-16,Pan Hamburguesa,Panes,0.4,288,247
2024-11-16,Cachito,Panes,0.25,144,113
2024-11-16,Pan Manjar,Panes,0.3,72,68
2024-11-16,Leche,Abarrotes,4.0,5,2
2024-11-16,Jamon,Abarrotes,2.5,6,4
2024-11-16,Café,Abarrotes,2.0,5,3
2024-11-16,Queso,Abarrotes,3.0,4,3
2024-11-16,Alfajores Pequeños,Bocaditos,0.25,200,152
2024-11-16,Alfajores Grandes,Bocaditos,1.0,100,78
2024-11-16,Galletas Pequeñas,Bocaditos,0.25,200,156
2024-11-16,Galletas Grandes,Bocaditos,1.0,300,292
2024-11-16,Cookie,Bocaditos,2.0,100,72
2024-11-16,Orejitas Pequeñas,Bocaditos,0.25,200,154
2024-11-16,Orejas Grandes,Bocaditos,1.0,100,70
2024-11-16,Beso de Moza,Bocaditos,1.0,80,60
2024-11-16,Caramandugas,Bocaditos,0.25,300,253
2024-11-16,Rosquitas,Bocaditos,0.25,300,255
2024-11-17,Pan Chabatta,Panes,0.25,768,722
2024-11-17,Pan Francés,Panes,0.25,648,612
2024-11-17,Pan Yema Largo,Panes,0.25,360,322
2024-11-17,Pan Yema Redondo,Panes,0.25,360,324
2024-11-17,Pan Chapla,Panes,0.25,144,117
2024-11-17,Pan Coliza,Panes,0.25,192,171
2024-11-17,Pan Integral,Panes,0.25,144,116
2024-11-17,Pan Caracol,Panes,0.25,144,114
2024-11-17,Pan Hamburguesa,Panes,0.4,288,244
2024-11-17,Cachito,Panes,0.25,144,120
2024-11-17,Pan Manjar,Panes,0.3,72,68
2024-11-17,Leche,Abarrotes,4.0,5,2
2024-11-17,Jamon,Abarrotes,2.5,6,4
2024-11-17,Café,Abarrotes,2.0,5,4
2024-11-17,Queso,Abarrotes,3.0,4,3
2024-11-17,Alfajores Pequeños,Bocaditos,0.25,200,161
2024-11-17,Alfajores Grandes,Bocaditos,1.0,100,78
2024-11-17,Galletas Pequeñas,Bocaditos,0.25,200,155
2024-11-17,Galletas Grandes,Bocaditos,1.0,300,293
2024-11-17,Cookie,Bocaditos,2.0,100,71
2024-11-17,Orejitas Pequeñas,Bocaditos,0.25,200,160
2024-11-17,Orejas Grandes,Bocaditos,1.0,100,70
2024-11-17,Beso de Moza,Bocaditos,1.0,80,61
2024-11-17,Caramandugas,Bocaditos,0.25,300,258
2024-11-17,Rosquitas,Bocaditos,0.25,300,259
2024-11-18,Pan Chabatta,Panes,0.25,768,720
2024-11-18,Pan Francés,Panes,0.25,648,610
2024-11-18,Pan Yema Largo,Panes,0.25,360,320
2024-11-18,Pan Yema Redondo,Panes,0.25,360,320
2024-11-18,Pan Chapla,Panes,0.25,144,110
2024-11-18,Pan Coliza,Panes,0.25,192,170
2024-11-18,Pan Integral,Panes,0.25,144,110
2024-11-18,Pan Caracol,Panes,0.25,144,110
2024-11-18,Pan Hamburguesa,Panes,0.4,288,240
2024-11-18,Cachito,Panes,0.25,144,110
2024-11-18,Pan Manjar,Panes,0.3,72,68
2024-11-18,Leche,Abarrotes,4.0,5,2
2024-11-18,Jamon,Abarrotes,2.5,6,3
2024-11-18,Café,Abarrotes,2.0,5,2
2024-11-18,Queso,Abarrotes,3.0,4,2
2024-11-18,Alfajores Pequeños,Bocaditos,0.25,200,150
2024-11-18,Alfajores Grandes,Bocaditos,1.0,100,75
2024-11-18,Galletas Pequeñas,Bocaditos,0.25,200,150
2024-11-18,Galletas Grandes,Bocaditos,1.0,300,290
2024-11-18,Cookie,Bocaditos,2.0,100,70
2024-11-18,Orejitas Pequeñas,Bocaditos,0.25,200,150
2024-11-18,Orejas Grandes,Bocaditos,1.0,100,70
2024-11-18,Beso de Moza,Bocaditos,1.0,80,50
2024-11-18,Caramandugas,Bocaditos,0.25,300,250
2024-11-18,Rosquitas,Bocaditos,0.25,300,250
2024-11-19,Pan Chabatta,Panes,0.25,768,720
2024-11-19,Pan Francés,Panes,0.25,648,610
2024-11-19,Pan Yema Largo,Panes,0.25,360,320
2024-11-19,Pan Yema Redondo,Panes,0.25,360,320
2024-11-19,Pan Chapla,Panes,0.25,144,110
2024-11-19,Pan Coliza,Panes,0.25,192,170
2024-11-19,Pan Integral,Panes,0.25,144,110
2024-11-19,Pan Caracol,Panes,0.25,144,110
2024-11-19,Pan Hamburguesa,Panes,0.4,288,240
2024-11-19,Cachito,Panes,0.25,144,110
2024-11-19,Pan Manjar,Panes,0.3,72,68
2024-11-19,Leche,Abarrotes,4.0,5,3
2024-11-19,Jamon,Abarrotes,2.5,6,3
2024-11-19,Café,Abarrotes,2.0,5,3
2024-11-19,Queso,Abarrotes,3.0,4,3
2024-11-19,Alfajores Pequeños,Bocaditos,0.25,200,150
2024-11-19,Alfajores Grandes,Bocaditos,1.0,100,75
2024-11-19,Galletas Pequeñas,Bocaditos,0.25,200,150
2024-11-19,Galletas Grandes,Bocaditos,1.0,300,290
2024-11-19,Cookie,Bocaditos,2.0,100,70
2024-11-19,Orejitas Pequeñas,Bocaditos,0.25,200,150
2024-11-19,Orejas Grandes,Bocaditos,1.0,100,70
2024-11-19,Beso de Moza,Bocaditos,1.0,80,50
2024-11-19,Caramandugas,Bocaditos,0.25,300,250
2024-11-19,Rosquitas,Bocaditos,0.25,300,250
2024-11-20,Pan Chabatta,Panes,0.25,768,720
2024-11-20,Pan Francés,Panes,0.25,648,610
2024-11-20,Pan Yema Largo,Panes,0.25,360,320
2024-11-20,Pan Yema Redondo,Panes,0.25,360,320
2024-11-20,Pan Chapla,Panes,0.25,144,110
2024-11-20,Pan Coliza,Panes,0.25,192,170
2024-11-20,Pan Integral,Panes,0.25,144,110
2024-11-20,Pan Caracol,Panes,0.25,144,110
2024-11-20,Pan Hamburguesa,Panes,0.4,288,240
2024-11-20,Cachito,Panes,0.25,144,110
2024-11-20,Pan Manjar,Panes,0.3,72,68
2024-11-20,Leche,Abarrotes,4.0,5,3
2024-11-20,Jamon,Abarrotes,2.5,6,3
2024-11-20,Café,Abarrotes,2.0,5,2
2024-11-20,Queso,Abarrotes,3.0,4,2
2024-11-20,Alfajores Pequeños,Bocaditos,0.25,200,150
2024-11-20,Alfajores Grandes,Bocaditos,1.0,100,75
2024-11-20,Galletas Pequeñas,Bocaditos,0.25,200,150
2024-11-20,Galletas Grandes,Bocaditos,1.0,300,290
2024-11-20,Cookie,Bocaditos,2.0,100,70
2024-11-20,Orejitas Pequeñas,Bocaditos,0.25,200,150
2024-11-20,Orejas Grandes,Bocaditos,1.0,100,70
2024-11-20,Beso de Moza,Bocaditos,1.0,80,50
2024-11-20,Caramandugas,Bocaditos,0.25,300,250
2024-11-20,Rosquitas,Bocaditos,0.25,300,250
2024-11-21,Pan Chabatta,Panes,0.25,768,720
2024-11-21,Pan Francés,Panes,0.25,648,610
2024-11-21,Pan Yema Largo,Panes,0.25,360,320
2024-11-21,Pan Yema Redondo,Panes,0.25,360,320
2024-11-21,Pan Chapla,Panes,0.25,144,110
2024-11-21,Pan Coliza,Panes,0.25,192,170
2024-11-21,Pan Integral,Panes,0.25,144,110
2024-11-21,Pan Caracol,Panes,0.25,144,110
2024-11-21,Pan Hamburguesa,Panes,0.4,288,240
2024-11-21,Cachito,Panes,0.25,144,110
2024-11-21,Pan Manjar,Panes,0.3,72,68
2024-11-21,Leche,Abarrotes,4.0,5,4
2024-11-21,Jamon,Abarrotes,2.5,6,3
2024-11-21,Café,Abarrotes,2.0,5,2
2024-11-21,Queso,Abarrotes,3.0,4,2
2024-11-21,Alfajores Pequeños,Bocaditos,0.25,200,150
2024-11-21,Alfajores Grandes,Bocaditos,1.0,100,75
2024-11-21,Galletas Pequeñas,Bocaditos,0.25,200,150
2024-11-21,Galletas Grandes,Bocaditos,1.0,300,290
2024-11-21,Cookie,Bocaditos,2.0,100,70
2024-11-21,Orejitas Pequeñas,Bocaditos,0.25,200,150
2024-11-21,Orejas Grandes,Bocaditos,1.0,100,70
2024-11-21,Beso de Moza,Bocaditos,1.0,80,50
2024-11-21,Caramandugas,Bocaditos,0.25,300,250
2024-11-21,Rosquitas,Bocaditos,0.25,300,250
2024-11-22,Pan Chabatta,Panes,0.25,768,720
2024-11-22,Pan Francés,Panes,0.25,648,610
2024-11-22,Pan Yema Largo,Panes,0.25,360,320
2024-11-22,Pan Yema Redondo,Panes,0.25,360,320
2024-11-22,Pan Chapla,Panes,0.25,144,110
2024-11-22,Pan Coliza,Panes,0.25,192,170
2024-11-22,Pan Integral,Panes,0.25,144,110
2024-11-22,Pan Caracol,Panes,0.25,144,110
2024-11-22,Pan Hamburguesa,Panes,0.4,288,240
2024-11-22,Cachito,Panes,0.25,144,110
2024-11-22,Pan Manjar,Panes,0.3,72,68
2024-11-22,Leche,Abarrotes,4.0,5,2
2024-11-22,Jamon,Abarrotes,2.5,6,3
2024-11-22,Café,Abarrotes,2.0,5,2
2024-11-22,Queso,Abarrotes,3.0,4,2
2024-11-22,Alfajores Pequeños,Bocaditos,0.25,200,150
2024-11-22,Alfajores Grandes,Bocaditos,1.0,100,75
2024-11-22,Galletas Pequeñas,Bocaditos,0.25,200,150
2024-11-22,Galletas Grandes,Bocaditos,1.0,300,290
2024-11-22,Cookie,Bocaditos,2.0,100,70
2024-11-22,Orejitas Pequeñas,Bocaditos,0.25,200,150
2024-11-22,Orejas Grandes,Bocaditos,1.0,100,70
2024-11-22,Beso de Moza,Bocaditos,1.0,80,50
2024-11-22,Caramandugas,Bocaditos,0.25,300,250
2024-11-22,Rosquitas,Bocaditos,0.25,300,250
2024-11-23,Pan Chabatta,Panes,0.25,768,726
2024-11-23,Pan Francés,Panes,0.25,648,610
2024-11-23,Pan Yema Largo,Panes,0.25,360,327
2024-11-23,Pan Yema Redondo,Panes,0.25,360,326
2024-11-23,Pan Chapla,Panes,0.25,144,111
2024-11-23,Pan Coliza,Panes,0.25,192,172
2024-11-23,Pan Integral,Panes,0.25,144,121
2024-11-23,Pan Caracol,Panes,0.25,144,116
2024-11-23,Pan Hamburguesa,Panes,0.4,288,245
2024-11-23,Cachito,Panes,0.25,144,117
2024-11-23,Pan Manjar,Panes,0.3,72,71
2024-11-23,Leche,Abarrotes,4.0,5,4
2024-11-23,Jamon,Abarrotes,2.5,6,3
2024-11-23,Café,Abarrotes,2.0,5,3
2024-11-23,Queso,Abarrotes,3.0,4,2
2024-11-23,Alfajores Pequeños,Bocaditos,0.25,200,155
2024-11-23,Alfajores Grandes,Bocaditos,1.0,100,75
2024-11-23,Galletas Pequeñas,Bocaditos,0.25,200,158
2024-11-23,Galletas Grandes,Bocaditos,1.0,300,294
2024-11-23,Cookie,Bocaditos,2.0,100,70
2024-11-23,Orejitas Pequeñas,Bocaditos,0.25,200,160
2024-11-23,Orejas Grandes,Bocaditos,1.0,100,75
2024-11-23,Beso de Moza,Bocaditos,1.0,80,56
2024-11-23,Caramandugas,Bocaditos,0.25,300,257
2024-11-23,Rosquitas,Bocaditos,0.25,300,259
2024-11-24,Pan Chabatta,Panes,0.25,768,734
2024-11-24,Pan Francés,Panes,0.25,648,611
2024-11-24,Pan Yema Largo,Panes,0.25,360,326
2024-11-24,Pan Yema Redondo,Panes,0.25,360,329
2024-11-24,Pan Chapla,Panes,0.25,144,119
2024-11-24,Pan Coliza,Panes,0.25,192,172
2024-11-24,Pan Integral,Panes,0.25,144,113
2024-11-24,Pan Caracol,Panes,0.25,144,118
2024-11-24,Pan Hamburguesa,Panes,0.4,288,244
2024-11-24,Cachito,Panes,0.25,144,111
2024-11-24,Pan Manjar,Panes,0.3,72,70
2024-11-24,Leche,Abarrotes,4.0,5,3
2024-11-24,Jamon,Abarrotes,2.5,6,4
2024-11-24,Café,Abarrotes,2.0,5,3
2024-11-24,Queso,Abarrotes,3.0,4,3
2024-11-24,Alfajores Pequeños,Bocaditos,0.25,200,154
2024-11-24,Alfajores Grandes,Bocaditos,1.0,100,77
2024-11-24,Galletas Pequeñas,Bocaditos,0.25,200,159
2024-11-24,Galletas Grandes,Bocaditos,1.0,300,290
2024-11-24,Cookie,Bocaditos,2.0,100,71
2024-11-24,Orejitas Pequeñas,Bocaditos,0.25,200,154
2024-11-24,Orejas Grandes,Bocaditos,1.0,100,70
2024-11-24,Beso de Moza,Bocaditos,1.0,80,56
2024-11-24,Caramandugas,Bocaditos,0.25,300,258
2024-11-24,Rosquitas,Bocaditos,0.25,300,256
2024-11-25,Pan Chabatta,Panes,0.25,768,720
2024-11-25,Pan Francés,Panes,0.25,648,610
2024-11-25,Pan Yema Largo,Panes,0.25,360,320
2024-11-25,Pan Yema Redondo,Panes,0.25,360,320
2024-11-25,Pan Chapla,Panes,0.25,144,110
2024-11-25,Pan Coliza,Panes,0.25,192,170
2024-11-25,Pan Integral,Panes,0.25,144,110
2024-11-25,Pan Caracol,Panes,0.25,144,110
2024-11-25,Pan Hamburguesa,Panes,0.4,288,240
2024-11-25,Cachito,Panes,0.25,144,110
2024-11-25,Pan Manjar,Panes,0.3,72,68
2024-11-25,Leche,Abarrotes,4.0,5,2
2024-11-25,Jamon,Abarrotes,2.5,6,3
2024-11-25,Café,Abarrotes,2.0,5,2
2024-11-25,Queso,Abarrotes,3.0,4,2
2024-11-25,Alfajores Pequeños,Bocaditos,0.25,200,150
2024-11-25,Alfajores Grandes,Bocaditos,1.0,100,75
2024-11-25,Galletas Pequeñas,Bocaditos,0.25,200,150
2024-11-25,Galletas Grandes,Bocaditos,1.0,300,290
2024-11-25,Cookie,Bocaditos,2.0,100,70
2024-11-25,Orejitas Pequeñas,Bocaditos,0.25,200,150
2024-11-25,Orejas Grandes,Bocaditos,1.0,100,70
2024-11-25,Beso de Moza,Bocaditos,1.0,80,50
2024-11-25,Caramandugas,Bocaditos,0.25,300,250
2024-11-25,Rosquitas,Bocaditos,0.25,300,250
2024-11-26,Pan Chabatta,Panes,0.25,768,720
2024-11-26,Pan Francés,Panes,0.25,648,610
2024-11-26,Pan Yema Largo,Panes,0.25,360,320
2024-11-26,Pan Yema Redondo,Panes,0.25,360,320
2024-11-26,Pan Chapla,Panes,0.25,144,110
2024-11-26,Pan Coliza,Panes,0.25,192,170
2024-11-26,Pan Integral,Panes,0.25,144,110
2024-11-26,Pan Caracol,Panes,0.25,144,110
2024-11-26,Pan Hamburguesa,Panes,0.4,288,240
2024-11-26,Cachito,Panes,0.25,144,110
2024-11-26,Pan Manjar,Panes,0.3,72,68
2024-11-26,Leche,Abarrotes,4.0,5,2
2024-11-26,Jamon,Abarrotes,2.5,6,3
2024-11-26,Café,Abarrotes,2.0,5,2
2024-11-26,Queso,Abarrotes,3.0,4,2
2024-11-26,Alfajores Pequeños,Bocaditos,0.25,200,150
2024-11-26,Alfajores Grandes,Bocaditos,1.0,100,75
2024-11-26,Galletas Pequeñas,Bocaditos,0.25,200,150
2024-11-26,Galletas Grandes,Bocaditos,1.0,300,290
2024-11-26,Cookie,Bocaditos,2.0,100,70
2024-11-26,Orejitas Pequeñas,Bocaditos,0.25,200,150
2024-11-26,Orejas Grandes,Bocaditos,1.0,100,70
2024-11-26,Beso de Moza,Bocaditos,1.0,80,50
2024-11-26,Caramandugas,Bocaditos,0.25,300,250
2024-11-26,Rosquitas,Bocaditos,0.25,300,250
2024-11-27,Pan Chabatta,Panes,0.25,768,720
2024-11-27,Pan Francés,Panes,0.25,648,610
2024-11-27,Pan Yema Largo,Panes,0.25,360,320
2024-11-27,Pan Yema Redondo,Panes,0.25,360,320
2024-11-27,Pan Chapla,Panes,0.25,144,110
2024-11-27,Pan Coliza,Panes,0.25,192,170
2024-11-27,Pan Integral,Panes,0.25,144,110
2024-11-27,Pan Caracol,Panes,0.25,144,110
2024-11-27,Pan Hamburguesa,Panes,0.4,288,240
2024-11-27,Cachito,Panes,0.25,144,110
2024-11-27,Pan Manjar,Panes,0.3,72,68
2024-11-27,Leche,Abarrotes,4.0,5,2
2024-11-27,Jamon,Abarrotes,2.5,6,5
2024-11-27,Café,Abarrotes,2.0,5,4
2024-11-27,Queso,Abarrotes,3.0,4,2
2024-11-27,Alfajores Pequeños,Bocaditos,0.25,200,150
2024-11-27,Alfajores Grandes,Bocaditos,1.0,100,75
2024-11-27,Galletas Pequeñas,Bocaditos,0.25,200,150
2024-11-27,Galletas Grandes,Bocaditos,1.0,300,290
2024-11-27,Cookie,Bocaditos,2.0,100,70
2024-11-27,Orejitas Pequeñas,Bocaditos,0.25,200,150
2024-11-27,Orejas Grandes,Bocaditos,1.0,100,70
2024-11-27,Beso de Moza,Bocaditos,1.0,80,50
2024-11-27,Caramandugas,Bocaditos,0.25,300,250
2024-11-27,Rosquitas,Bocaditos,0.25,300,250
2024-11-28,Pan Chabatta,Panes,0.25,768,720
2024-11-28,Pan Francés,Panes,0.25,648,610
2024-11-28,Pan Yema Largo,Panes,0.25,360,320
2024-11-28,Pan Yema Redondo,Panes,0.25,360,320
2024-11-28,Pan Chapla,Panes,0.25,144,110
2024-11-28,Pan Coliza,Panes,0.25,192,170
2024-11-28,Pan Integral,Panes,0.25,144,110
2024-11-28,Pan Caracol,Panes,0.25,144,110
2024-11-28,Pan Hamburguesa,Panes,0.4,288,240
2024-11-28,Cachito,Panes,0.25,144,110
2024-11-28,Pan Manjar,Panes,0.3,72,68
2024-11-28,Leche,Abarrotes,4.0,5,2
2024-11-28,Jamon,Abarrotes,2.5,6,3
2024-11-28,Café,Abarrotes,2.0,5,2
2024-11-28,Queso,Abarrotes,3.0,4,3
2024-11-28,Alfajores Pequeños,Bocaditos,0.25,200,150
2024-11-28,Alfajores Grandes,Bocaditos,1.0,100,75
2024-11-28,Galletas Pequeñas,Bocaditos,0.25,200,150
2024-11-28,Galletas Grandes,Bocaditos,1.0,300,290
2024-11-28,Cookie,Bocaditos,2.0,100,70
2024-11-28,Orejitas Pequeñas,Bocaditos,0.25,200,150
2024-11-28,Orejas Grandes,Bocaditos,1.0,100,70
2024-11-28,Beso de Moza,Bocaditos,1.0,80,50
2024-11-28,Caramandugas,Bocaditos,0.25,300,250
2024-11-28,Rosquitas,Bocaditos,0.25,300,250
2024-11-29,Pan Chabatta,Panes,0.25,768,720
2024-11-29,Pan Francés,Panes,0.25,648,610
2024-11-29,Pan Yema Largo,Panes,0.25,360,320
2024-11-29,Pan Yema Redondo,Panes,0.25,360,320
2024-11-29,Pan Chapla,Panes,0.25,144,110
2024-11-29,Pan Coliza,Panes,0.25,192,170
2024-11-29,Pan Integral,Panes,0.25,144,110
2024-11-29,Pan Caracol,Panes,0.25,144,110
2024-11-29,Pan Hamburguesa,Panes,0.4,288,240
2024-11-29,Cachito,Panes,0.25,144,110
2024-11-29,Pan Manjar,Panes,0.3,72,68
2024-11-29,Leche,Abarrotes,4.0,5,3
2024-11-29,Jamon,Abarrotes,2.5,6,3
2024-11-29,Café,Abarrotes,2.0,5,3
2024-11-29,Queso,Abarrotes,3.0,4,2
2024-11-29,Alfajores Pequeños,Bocaditos,0.25,200,150
2024-11-29,Alfajores Grandes,Bocaditos,1.0,100,75
2024-11-29,Galletas Pequeñas,Bocaditos,0.25,200,150
2024-11-29,Galletas Grandes,Bocaditos,1.0,300,290
2024-11-29,Cookie,Bocaditos,2.0,100,70
2024-11-29,Orejitas Pequeñas,Bocaditos,0.25,200,150
2024-11-29,Orejas Grandes,Bocaditos,1.0,100,70
2024-11-29,Beso de Moza,Bocaditos,1.0,80,50
2024-11-29,Caramandugas,Bocaditos,0.25,300,250
2024-11-29,Rosquitas,Bocaditos,0.25,300,250
2024-11-30,Pan Chabatta,Panes,0.25,768,734
2024-11-30,Pan Francés,Panes,0.25,648,613
2024-11-30,Pan Yema Largo,Panes,0.25,360,327
2024-11-30,Pan Yema Redondo,Panes,0.25,360,321
2024-11-30,Pan Chapla,Panes,0.25,144,117
2024-11-30,Pan Coliza,Panes,0.25,192,174
2024-11-30,Pan Integral,Panes,0.25,144,115
2024-11-30,Pan Caracol,Panes,0.25,144,110
2024-11-30,Pan Hamburguesa,Panes,0.4,288,243
2024-11-30,Cachito,Panes,0.25,144,116
2024-11-30,Pan Manjar,Panes,0.3,72,68
2024-11-30,Leche,Abarrotes,4.0,5,3
2024-11-30,Jamon,Abarrotes,2.5,6,3
2024-11-30,Café,Abarrotes,2.0,5,3
2024-11-30,Queso,Abarrotes,3.0,4,2
2024-11-30,Alfajores Pequeños,Bocaditos,0.25,200,154
2024-11-30,Alfajores Grandes,Bocaditos,1.0,100,78
2024-11-30,Galletas Pequeñas,Bocaditos,0.25,200,158
2024-11-30,Galletas Grandes,Bocaditos,1.0,300,292
2024-11-30,Cookie,Bocaditos,2.0,100,74
2024-11-30,Orejitas Pequeñas,Bocaditos,0.25,200,160
2024-11-30,Orejas Grandes,Bocaditos,1.0,100,71
2024-11-30,Beso de Moza,Bocaditos,1.0,80,55
2024-11-30,Caramandugas,Bocaditos,0.25,300,258
2024-11-30,Rosquitas,Bocaditos,0.25,300,250
2024-12-01,Pan Chabatta,Panes,0.25,768,732
2024-12-01,Pan Francés,Panes,0.25,648,611
2024-12-01,Pan Yema Largo,Panes,0.25,360,329
2024-12-01,Pan Yema Redondo,Panes,0.25,360,327
2024-12-01,Pan Chapla,Panes,0.25,144,115
2024-12-01,Pan Coliza,Panes,0.25,192,173
2024-12-01,Pan Integral,Panes,0.25,144,111
2024-12-01,Pan Caracol,Panes,0.25,144,111
2024-12-01,Pan Hamburguesa,Panes,0.4,288,242
2024-12-01,Cachito,Panes,0.25,144,114
2024-12-01,Pan Manjar,Panes,0.3,72,69
2024-12-01,Leche,Abarrotes,4.0,5,2
2024-12-01,Jamon,Abarrotes,2.5,6,4
2024-12-01,Café,Abarrotes,2.0,5,2
2024-12-01,Queso,Abarrotes,3.0,4,2
2024-12-01,Alfajores Pequeños,Bocaditos,0.25,200,158
2024-12-01,Alfajores Grandes,Bocaditos,1.0,100,75
2024-12-01,Galletas Pequeñas,Bocaditos,0.25,200,161
2024-12-01,Galletas Grandes,Bocaditos,1.0,300,292
2024-12-01,Cookie,Bocaditos,2.0,100,75
2024-12-01,Orejitas Pequeñas,Bocaditos,0.25,200,160
2024-12-01,Orejas Grandes,Bocaditos,1.0,100,72
2024-12-01,Beso de Moza,Bocaditos,1.0,80,50
2024-12-01,Caramandugas,Bocaditos,0.25,300,253
2024-12-01,Rosquitas,Bocaditos,0.25,300,255
2024-12-02,Pan Chabatta,Panes,0.25,768,720
2024-12-02,Pan Francés,Panes,0.25,648,610
2024-12-02,Pan Yema Largo,Panes,0.25,360,320
2024-12-02,Pan Yema Redondo,Panes,0.25,360,320
2024-12-02,Pan Chapla,Panes,0.25,144,110
2024-12-02,Pan Coliza,Panes,0.25,192,170
2024-12-02,Pan Integral,Panes,0.25,144,110
2024-12-02,Pan Caracol,Panes,0.25,144,110
2024-12-02,Pan Hamburguesa,Panes,0.4,288,240
2024-12-02,Cachito,Panes,0.25,144,110
2024-12-02,Pan Manjar,Panes,0.3,72,68
2024-12-02,Leche,Abarrotes,4.0,5,3
2024-12-02,Jamon,Abarrotes,2.5,6,4
2024-12-02,Café,Abarrotes,2.0,5,2
2024-12-02,Queso,Abarrotes,3.0,4,2
2024-12-02,Alfajores Pequeños,Bocaditos,0.25,200,150
2024-12-02,Alfajores Grandes,Bocaditos,1.0,100,75
2024-12-02,Galletas Pequeñas,Bocaditos,0.25,200,150
2024-12-02,Galletas Grandes,Bocaditos,1.0,300,290
2024-12-02,Cookie,Bocaditos,2.0,100,70
2024-12-02,Orejitas Pequeñas,Bocaditos,0.25,200,150
2024-12-02,Orejas Grandes,Bocaditos,1.0,100,70
2024-12-02,Beso de Moza,Bocaditos,1.0,80,50
2024-12-02,Caramandugas,Bocaditos,0.25,300,250
2024-12-02,Rosquitas,Bocaditos,0.25,300,250
2024-12-03,Pan Chabatta,Panes,0.25,768,720
2024-12-03,Pan Francés,Panes,0.25,648,610
2024-12-03,Pan Yema Largo,Panes,0.25,360,320
2024-12-03,Pan Yema Redondo,Panes,0.25,360,320
2024-12-03,Pan Chapla,Panes,0.25,144,110
2024-12-03,Pan Coliza,Panes,0.25,192,170
2024-12-03,Pan Integral,Panes,0.25,144,110
2024-12-03,Pan Caracol,Panes,0.25,144,110
2024-12-03,Pan Hamburguesa,Panes,0.4,288,240
2024-12-03,Cachito,Panes,0.25,144,110
2024-12-03,Pan Manjar,Panes,0.3,72,68
2024-12-03,Leche,Abarrotes,4.0,5,2
2024-12-03,Jamon,Abarrotes,2.5,6,3
2024-12-03,Café,Abarrotes,2.0,5,4
2024-12-03,Queso,Abarrotes,3.0,4,2
2024-12-03,Alfajores Pequeños,Bocaditos,0.25,200,150
2024-12-03,Alfajores Grandes,Bocaditos,1.0,100,75
2024-12-03,Galletas Pequeñas,Bocaditos,0.25,200,150
2024-12-03,Galletas Grandes,Bocaditos,1.0,300,290
2024-12-03,Cookie,Bocaditos,2.0,100,70
2024-12-03,Orejitas Pequeñas,Bocaditos,0.25,200,150
2024-12-03,Orejas Grandes,Bocaditos,1.0,100,70
2024-12-03,Beso de Moza,Bocaditos,1.0,80,50
2024-12-03,Caramandugas,Bocaditos,0.25,300,250
2024-12-03,Rosquitas,Bocaditos,0.25,300,250
2024-12-04,Pan Chabatta,Panes,0.25,768,720
2024-12-04,Pan Francés,Panes,0.25,648,610
2024-12-04,Pan Yema Largo,Panes,0.25,360,320
2024-12-04,Pan Yema Redondo,Panes,0.25,360,320
2024-12-04,Pan Chapla,Panes,0.25,144,110
2024-12-04,Pan Coliza,Panes,0.25,192,170
2024-12-04,Pan Integral,Panes,0.25,144,110
2024-12-04,Pan Caracol,Panes,0.25,144,110
2024-12-04,Pan Hamburguesa,Panes,0.4,288,240
2024-12-04,Cachito,Panes,0.25,144,110
2024-12-04,Pan Manjar,Panes,0.3,72,68
2024-12-04,Leche,Abarrotes,4.0,5,2
2024-12-04,Jamon,Abarrotes,2.5,6,3
2024-12-04,Café,Abarrotes,2.0,5,4
2024-12-04,Queso,Abarrotes,3.0,4,2
2024-12-04,Alfajores Pequeños,Bocaditos,0.25,200,150
2024-12-04,Alfajores Grandes,Bocaditos,1.0,100,75
2024-12-04,Galletas Pequeñas,Bocaditos,0.25,200,150
2024-12-04,Galletas Grandes,Bocaditos,1.0,300,290
2024-12-04,Cookie,Bocaditos,2.0,100,70
2024-12-04,Orejitas Pequeñas,Bocaditos,0.25,200,150
2024-12-04,Orejas Grandes,Bocaditos,1.0,100,70
2024-12-04,Beso de Moza,Bocaditos,1.0,80,50
2024-12-04,Caramandugas,Bocaditos,0.25,300,250
2024-12-04,Rosquitas,Bocaditos,0.25,300,250
2024-12-05,Pan Chabatta,Panes,0.25,768,720
2024-12-05,Pan Francés,Panes,0.25,648,610
2024-12-05,Pan Yema Largo,Panes,0.25,360,320
2024-12-05,Pan Yema Redondo,Panes,0.25,360,320
2024-12-05,Pan Chapla,Panes,0.25,144,110
2024-12-05,Pan Coliza,Panes,0.25,192,170
2024-12-05,Pan Integral,Panes,0.25,144,110
2024-12-05,Pan Caracol,Panes,0.25,144,110
2024-12-05,Pan Hamburguesa,Panes,0.4,288,240
2024-12-05,Cachito,Panes,0.25,144,110
2024-12-05,Pan Manjar,Panes,0.3,72,68
2024-12-05,Leche,Abarrotes,4.0,5,2
2024-12-05,Jamon,Abarrotes,2.5,6,4
2024-12-05,Café,Abarrotes,2.0,5,2
2024-12-05,Queso,Abarrotes,3.0,4,2
2024-12-05,Alfajores Pequeños,Bocaditos,0.25,200,150
2024-12-05,Alfajores Grandes,Bocaditos,1.0,100,75
2024-12-05,Galletas Pequeñas,Bocaditos,0.25,200,150
2024-12-05,Galletas Grandes,Bocaditos,1.0,300,290
2024-12-05,Cookie,Bocaditos,2.0,100,70
2024-12-05,Orejitas Pequeñas,Bocaditos,0.25,200,150
2024-12-05,Orejas Grandes,Bocaditos,1.0,100,70
2024-12-05,Beso de Moza,Bocaditos,1.0,80,50
2024-12-05,Caramandugas,Bocaditos,0.25,300,250
2024-12-05,Rosquitas,Bocaditos,0.25,300,250
2024-12-06,Pan Chabatta,Panes,0.25,768,720
2024-12-06,Pan Francés,Panes,0.25,648,610
2024-12-06,Pan Yema Largo,Panes,0.25,360,320
2024-12-06,Pan Yema Redondo,Panes,0.25,360,320
2024-12-06,Pan Chapla,Panes,0.25,144,110
2024-12-06,Pan Coliza,Panes,0.25,192,170
2024-12-06,Pan Integral,Panes,0.25,144,110
2024-12-06,Pan Caracol,Panes,0.25,144,110
2024-12-06,Pan Hamburguesa,Panes,0.4,288,240
2024-12-06,Cachito,Panes,0.25,144,110
2024-12-06,Pan Manjar,Panes,0.3,72,68
2024-12-06,Leche,Abarrotes,4.0,5,2
2024-12-06,Jamon,Abarrotes,2.5,6,3
2024-12-06,Café,Abarrotes,2.0,5,2
2024-12-06,Queso,Abarrotes,3.0,4,2
2024-12-06,Alfajores Pequeños,Bocaditos,0.25,200,150
2024-12-06,Alfajores Grandes,Bocaditos,1.0,100,75
2024-12-06,Galletas Pequeñas,Bocaditos,0.25,200,150
2024-12-06,Galletas Grandes,Bocaditos,1.0,300,290
2024-12-06,Cookie,Bocaditos,2.0,100,70
2024-12-06,Orejitas Pequeñas,Bocaditos,0.25,200,150
2024-12-06,Orejas Grandes,Bocaditos,1.0,100,70
2024-12-06,Beso de Moza,Bocaditos,1.0,80,50
2024-12-06,Caramandugas,Bocaditos,0.25,300,250
2024-12-06,Rosquitas,Bocaditos,0.25,300,250
2024-12-07,Pan Chabatta,Panes,0.25,768,740
2024-12-07,Pan Francés,Panes,0.25,648,617
2024-12-07,Pan Yema Largo,Panes,0.25,360,320
2024-12-07,Pan Yema Redondo,Panes,0.25,360,322
2024-12-07,Pan Chapla,Panes,0.25,144,110
2024-12-07,Pan Coliza,Panes,0.25,192,170
2024-12-07,Pan Integral,Panes,0.25,144,117
2024-12-07,Pan Caracol,Panes,0.25,144,117
2024-12-07,Pan Hamburguesa,Panes,0.4,288,247
2024-12-07,Cachito,Panes,0.25,144,110
2024-12-07,Pan Manjar,Panes,0.3,72,69
2024-12-07,Leche,Abarrotes,4.0,5,2
2024-12-07,Jamon,Abarrotes,2.5,6,4
2024-12-07,Café,Abarrotes,2.0,5,3
2024-12-07,Queso,Abarrotes,3.0,4,2
2024-12-07,Alfajores Pequeños,Bocaditos,0.25,200,157
2024-12-07,Alfajores Grandes,Bocaditos,1.0,100,81
2024-12-07,Galletas Pequeñas,Bocaditos,0.25,200,152
2024-12-07,Galletas Grandes,Bocaditos,1.0,300,295
2024-12-07,Cookie,Bocaditos,2.0,100,70
2024-12-07,Orejitas Pequeñas,Bocaditos,0.25,200,150
2024-12-07,Orejas Grandes,Bocaditos,1.0,100,71
2024-12-07,Beso de Moza,Bocaditos,1.0,80,52
2024-12-07,Caramandugas,Bocaditos,0.25,300,252
2024-12-07,Rosquitas,Bocaditos,0.25,300,255
2024-12-08,Pan Chabatta,Panes,0.25,768,737
2024-12-08,Pan Francés,Panes,0.25,648,613
2024-12-08,Pan Yema Largo,Panes,0.25,360,328
2024-12-08,Pan Yema Redondo,Panes,0.25,360,330
2024-12-08,Pan Chapla,Panes,0.25,144,119
2024-12-08,Pan Coliza,Panes,0.25,192,171
2024-12-08,Pan Integral,Panes,0.25,144,115
2024-12-08,Pan Caracol,Panes,0.25,144,111
2024-12-08,Pan Hamburguesa,Panes,0.4,288,246
2024-12-08,Cachito,Panes,0.25,144,116
2024-12-08,Pan Manjar,Panes,0.3,72,70
2024-12-08,Leche,Abarrotes,4.0,5,3
2024-12-08,Jamon,Abarrotes,2.5,6,5
2024-12-08,Café,Abarrotes,2.0,5,4
2024-12-08,Queso,Abarrotes,3.0,4,2
2024-12-08,Alfajores Pequeños,Bocaditos,0.25,200,151
2024-12-08,Alfajores Grandes,Bocaditos,1.0,100,75
2024-12-08,Galletas Pequeñas,Bocaditos,0.25,200,154
2024-12-08,Galletas Grandes,Bocaditos,1.0,300,292
2024-12-08,Cookie,Bocaditos,2.0,100,71
2024-12-08,Orejitas Pequeñas,Bocaditos,0.25,200,157
2024-12-08,Orejas Grandes,Bocaditos,1.0,100,72
2024-12-08,Beso de Moza,Bocaditos,1.0,80,58
2024-12-08,Caramandugas,Bocaditos,0.25,300,260
2024-12-08,Rosquitas,Bocaditos,0.25,300,251
2024-12-09,Pan Chabatta,Panes,0.25,768,720
2024-12-09,Pan Francés,Panes,0.25,648,610
2024-12-09,Pan Yema Largo,Panes,0.25,360,320
2024-12-09,Pan Yema Redondo,Panes,0.25,360,320
2024-12-09,Pan Chapla,Panes,0.25,144,110
2024-12-09,Pan Coliza,Panes,0.25,192,170
2024-12-09,Pan Integral,Panes,0.25,144,110
2024-12-09,Pan Caracol,Panes,0.25,144,110
2024-12-09,Pan Hamburguesa,Panes,0.4,288,240
2024-12-09,Cachito,Panes,0.25,144,110
2024-12-09,Pan Manjar,Panes,0.3,72,68
2024-12-09,Leche,Abarrotes,4.0,5,2
2024-12-09,Jamon,Abarrotes,2.5,6,3
2024-12-09,Café,Abarrotes,2.0,5,3
2024-12-09,Queso,Abarrotes,3.0,4,2
2024-12-09,Alfajores Pequeños,Bocaditos,0.25,200,150
2024-12-09,Alfajores Grandes,Bocaditos,1.0,100,75
2024-12-09,Galletas Pequeñas,Bocaditos,0.25,200,150
2024-12-09,Galletas Grandes,Bocaditos,1.0,300,290
2024-12-09,Cookie,Bocaditos,2.0,100,70
2024-12-09,Orejitas Pequeñas,Bocaditos,0.25,200,150
2024-12-09,Orejas Grandes,Bocaditos,1.0,100,70
2024-12-09,Beso de Moza,Bocaditos,1.0,80,50
2024-12-09,Caramandugas,Bocaditos,0.25,300,250
2024-12-09,Rosquitas,Bocaditos,0.25,300,250
2024-12-10,Pan Chabatta,Panes,0.25,768,720
2024-12-10,Pan Francés,Panes,0.25,648,610
2024-12-10,Pan Yema Largo,Panes,0.25,360,320
2024-12-10,Pan Yema Redondo,Panes,0.25,360,320
2024-12-10,Pan Chapla,Panes,0.25,144,110
2024-12-10,Pan Coliza,Panes,0.25,192,170
2024-12-10,Pan Integral,Panes,0.25,144,110
2024-12-10,Pan Caracol,Panes,0.25,144,110
2024-12-10,Pan Hamburguesa,Panes,0.4,288,240
2024-12-10,Cachito,Panes,0.25,144,110
2024-12-10,Pan Manjar,Panes,0.3,72,68
2024-12-10,Leche,Abarrotes,4.0,5,2
2024-12-10,Jamon,Abarrotes,2.5,6,3
2024-12-10,Café,Abarrotes,2.0,5,2
2024-12-10,Queso,Abarrotes,3.0,4,2
2024-12-10,Alfajores Pequeños,Bocaditos,0.25,200,150
2024-12-10,Alfajores Grandes,Bocaditos,1.0,100,75
2024-12-10,Galletas Pequeñas,Bocaditos,0.25,200,150
2024-12-10,Galletas Grandes,Bocaditos,1.0,300,290
2024-12-10,Cookie,Bocaditos,2.0,100,70
2024-12-10,Orejitas Pequeñas,Bocaditos,0.25,200,150
2024-12-10,Orejas Grandes,Bocaditos,1.0,100,70
2024-12-10,Beso de Moza,Bocaditos,1.0,80,50
2024-12-10,Caramandugas,Bocaditos,0.25,300,250
2024-12-10,Rosquitas,Bocaditos,0.25,300,250
2024-12-11,Pan Chabatta,Panes,0.25,768,720
2024-12-11,Pan Francés,Panes,0.25,648,610
2024-12-11,Pan Yema Largo,Panes,0.25,360,320
2024-12-11,Pan Yema Redondo,Panes,0.25,360,320
2024-12-11,Pan Chapla,Panes,0.25,144,110
2024-12-11,Pan Coliza,Panes,0.25,192,170
2024-12-11,Pan Integral,Panes,0.25,144,110
2024-12-11,Pan Caracol,Panes,0.25,144,110
2024-12-11,Pan Hamburguesa,Panes,0.4,288,240
2024-12-11,Cachito,Panes,0.25,144,110
2024-12-11,Pan Manjar,Panes,0.3,72,68
2024-12-11,Leche,Abarrotes,4.0,5,3
2024-12-11,Jamon,Abarrotes,2.5,6,3
2024-12-11,Café,Abarrotes,2.0,5,2
2024-12-11,Queso,Abarrotes,3.0,4,2
2024-12-11,Alfajores Pequeños,Bocaditos,0.25,200,150
2024-12-11,Alfajores Grandes,Bocaditos,1.0,100,75
2024-12-11,Galletas Pequeñas,Bocaditos,0.25,200,150
2024-12-11,Galletas Grandes,Bocaditos,1.0,300,290
2024-12-11,Cookie,Bocaditos,2.0,100,70
2024-12-11,Orejitas Pequeñas,Bocaditos,0.25,200,150
2024-12-11,Orejas Grandes,Bocaditos,1.0,100,70
2024-12-11,Beso de Moza,Bocaditos,1.0,80,50
2024-12-11,Caramandugas,Bocaditos,0.25,300,250
2024-12-11,Rosquitas,Bocaditos,0.25,300,250
2024-12-12,Pan Chabatta,Panes,0.25,768,720
2024-12-12,Pan Francés,Panes,0.25,648,610
2024-12-12,Pan Yema Largo,Panes,0.25,360,320
2024-12-12,Pan Yema Redondo,Panes,0.25,360,320
2024-12-12,Pan Chapla,Panes,0.25,144,110
2024-12-12,Pan Coliza,Panes,0.25,192,170
2024-12-12,Pan Integral,Panes,0.25,144,110
2024-12-12,Pan Caracol,Panes,0.25,144,110
2024-12-12,Pan Hamburguesa,Panes,0.4,288,240
2024-12-12,Cachito,Panes,0.25,144,110
2024-12-12,Pan Manjar,Panes,0.3,72,68
2024-12-12,Leche,Abarrotes,4.0,5,2
2024-12-12,Jamon,Abarrotes,2.5,6,3
2024-12-12,Café,Abarrotes,2.0,5,2
2024-12-12,Queso,Abarrotes,3.0,4,2
2024-12-12,Alfajores Pequeños,Bocaditos,0.25,200,150
2024-12-12,Alfajores Grandes,Bocaditos,1.0,100,75
2024-12-12,Galletas Pequeñas,Bocaditos,0.25,200,150
2024-12-12,Galletas Grandes,Bocaditos,1.0,300,290
2024-12-12,Cookie,Bocaditos,2.0,100,70
2024-12-12,Orejitas Pequeñas,Bocaditos,0.25,200,150
2024-12-12,Orejas Grandes,Bocaditos,1.0,100,70
2024-12-12,Beso de Moza,Bocaditos,1.0,80,50
2024-12-12,Caramandugas,Bocaditos,0.25,300,250
2024-12-12,Rosquitas,Bocaditos,0.25,300,250
2024-12-13,Pan Chabatta,Panes,0.25,768,720
2024-12-13,Pan Francés,Panes,0.25,648,610
2024-12-13,Pan Yema Largo,Panes,0.25,360,320
2024-12-13,Pan Yema Redondo,Panes,0.25,360,320
2024-12-13,Pan Chapla,Panes,0.25,144,110
2024-12-13,Pan Coliza,Panes,0.25,192,170
2024-12-13,Pan Integral,Panes,0.25,144,110
2024-12-13,Pan Caracol,Panes,0.25,144,110
2024-12-13,Pan Hamburguesa,Panes,0.4,288,240
2024-12-13,Cachito,Panes,0.25,144,110
2024-12-13,Pan Manjar,Panes,0.3,72,68
2024-12-13,Leche,Abarrotes,4.0,5,2
2024-12-13,Jamon,Abarrotes,2.5,6,3
2024-12-13,Café,Abarrotes,2.0,5,3
2024-12-13,Queso,Abarrotes,3.0,4,3
2024-12-13,Alfajores Pequeños,Bocaditos,0.25,200,150
2024-12-13,Alfajores Grandes,Bocaditos,1.0,100,75
2024-12-13,Galletas Pequeñas,Bocaditos,0.25,200,150
2024-12-13,Galletas Grandes,Bocaditos,1.0,300,290
2024-12-13,Cookie,Bocaditos,2.0,100,70
2024-12-13,Orejitas Pequeñas,Bocaditos,0.25,200,150
2024-12-13,Orejas Grandes,Bocaditos,1.0,100,70
2024-12-13,Beso de Moza,Bocaditos,1.0,80,51
2024-12-13,Caramandugas,Bocaditos,0.25,300,250
2024-12-13,Rosquitas,Bocaditos,0.25,300,250
2024-12-14,Pan Chabatta,Panes,0.25,768,724
2024-12-14,Pan Francés,Panes,0.25,648,617
2024-12-14,Pan Yema Largo,Panes,0.25,360,327
2024-12-14,Pan Yema Redondo,Panes,0.25,360,328
2024-12-14,Pan Chapla,Panes,0.25,144,116
2024-12-14,Pan Coliza,Panes,0.25,192,173
2024-12-14,Pan Integral,Panes,0.25,144,117
2024-12-14,Pan Caracol,Panes,0.25,144,119
2024-12-14,Pan Hamburguesa,Panes,0.4,288,250
2024-12-14,Cachito,Panes,0.25,144,117
2024-12-14,Pan Manjar,Panes,0.3,72,68
2024-12-14,Leche,Abarrotes,4.0,5,3
2024-12-14,Jamon,Abarrotes,2.5,6,5
2024-12-14,Café,Abarrotes,2.0,5,2
2024-12-14,Queso,Abarrotes,3.0,4,2
2024-12-14,Alfajores Pequeños,Bocaditos,0.25,200,160
2024-12-14,Alfajores Grandes,Bocaditos,1.0,100,79
2024-12-14,Galletas Pequeñas,Bocaditos,0.25,200,153
2024-12-14,Galletas Grandes,Bocaditos,1.0,300,291
2024-12-14,Cookie,Bocaditos,2.0,100,73
2024-12-14,Orejitas Pequeñas,Bocaditos,0.25,200,151
2024-12-14,Orejas Grandes,Bocaditos,1.0,100,73
2024-12-14,Beso de Moza,Bocaditos,1.0,80,56
2024-12-14,Caramandugas,Bocaditos,0.25,300,251
2024-12-14,Rosquitas,Bocaditos,0.25,300,252
2024-12-15,Pan Chabatta,Panes,0.25,768,736
2024-12-15,Pan Francés,Panes,0.25,648,610
2024-12-15,Pan Yema Largo,Panes,0.25,360,328
2024-12-15,Pan Yema Redondo,Panes,0.25,360,328
2024-12-15,Pan Chapla,Panes,0.25,144,114
2024-12-15,Pan Coliza,Panes,0.25,192,172
2024-12-15,Pan Integral,Panes,0.25,144,118
2024-12-15,Pan Caracol,Panes,0.25,144,110
2024-12-15,Pan Hamburguesa,Panes,0.4,288,245
2024-12-15,Cachito,Panes,0.25,144,115
2024-12-15,Pan Manjar,Panes,0.3,72,69
2024-12-15,Leche,Abarrotes,4.0,5,2
2024-12-15,Jamon,Abarrotes,2.5,6,5
2024-12-15,Café,Abarrotes,2.0,5,2
2024-12-15,Queso,Abarrotes,3.0,4,3
2024-12-15,Alfajores Pequeños,Bocaditos,0.25,200,153
2024-12-15,Alfajores Grandes,Bocaditos,1.0,100,79
2024-12-15,Galletas Pequeñas,Bocaditos,0.25,200,158
2024-12-15,Galletas Grandes,Bocaditos,1.0,300,290
2024-12-15,Cookie,Bocaditos,2.0,100,74
2024-12-15,Orejitas Pequeñas,Bocaditos,0.25,200,158
2024-12-15,Orejas Grandes,Bocaditos,1.0,100,71
2024-12-15,Beso de Moza,Bocaditos,1.0,80,56
2024-12-15,Caramandugas,Bocaditos,0.25,300,259
2024-12-15,Rosquitas,Bocaditos,0.25,300,255
2024-12-16,Pan Chabatta,Panes,0.25,768,720
2024-12-16,Pan Francés,Panes,0.25,648,610
2024-12-16,Pan Yema Largo,Panes,0.25,360,320
2024-12-16,Pan Yema Redondo,Panes,0.25,360,320
2024-12-16,Pan Chapla,Panes,0.25,144,110
2024-12-16,Pan Coliza,Panes,0.25,192,170
2024-12-16,Pan Integral,Panes,0.25,144,110
2024-12-16,Pan Caracol,Panes,0.25,144,110
2024-12-16,Pan Hamburguesa,Panes,0.4,288,240
2024-12-16,Cachito,Panes,0.25,144,110
2024-12-16,Pan Manjar,Panes,0.3,72,68
2024-12-16,Leche,Abarrotes,4.0,5,2
2024-12-16,Jamon,Abarrotes,2.5,6,3
2024-12-16,Café,Abarrotes,2.0,5,2
2024-12-16,Queso,Abarrotes,3.0,4,2
2024-12-16,Alfajores Pequeños,Bocaditos,0.25,200,150
2024-12-16,Alfajores Grandes,Bocaditos,1.0,100,75
2024-12-16,Galletas Pequeñas,Bocaditos,0.25,200,150
2024-12-16,Galletas Grandes,Bocaditos,1.0,300,290
2024-12-16,Cookie,Bocaditos,2.0,100,70
2024-12-16,Orejitas Pequeñas,Bocaditos,0.25,200,150
2024-12-16,Orejas Grandes,Bocaditos,1.0,100,70
2024-12-16,Beso de Moza,Bocaditos,1.0,80,50
2024-12-16,Caramandugas,Bocaditos,0.25,300,250
2024-12-16,Rosquitas,Bocaditos,0.25,300,250
2024-12-17,Pan Chabatta,Panes,0.25,768,720
2024-12-17,Pan Francés,Panes,0.25,648,610
2024-12-17,Pan Yema Largo,Panes,0.25,360,320
2024-12-17,Pan Yema Redondo,Panes,0.25,360,320
2024-12-17,Pan Chapla,Panes,0.25,144,110
2024-12-17,Pan Coliza,Panes,0.25,192,170
2024-12-17,Pan Integral,Panes,0.25,144,110
2024-12-17,Pan Caracol,Panes,0.25,144,110
2024-12-17,Pan Hamburguesa,Panes,0.4,288,240
2024-12-17,Cachito,Panes,0.25,144,110
2024-12-17,Pan Manjar,Panes,0.3,72,68
2024-12-17,Leche,Abarrotes,4.0,5,2
2024-12-17,Jamon,Abarrotes,2.5,6,4
2024-12-17,Café,Abarrotes,2.0,5,4
2024-12-17,Queso,Abarrotes,3.0,4,2
2024-12-17,Alfajores Pequeños,Bocaditos,0.25,200,150
2024-12-17,Alfajores Grandes,Bocaditos,1.0,100,75
2024-12-17,Galletas Pequeñas,Bocaditos,0.25,200,150
2024-12-17,Galletas Grandes,Bocaditos,1.0,300,290
2024-12-17,Cookie,Bocaditos,2.0,100,70
2024-12-17,Orejitas Pequeñas,Bocaditos,0.25,200,150
2024-12-17,Orejas Grandes,Bocaditos,1.0,100,70
2024-12-17,Beso de Moza,Bocaditos,1.0,80,50
2024-12-17,Caramandugas,Bocaditos,0.25,300,250
2024-12-17,Rosquitas,Bocaditos,0.25,300,250
2024-12-18,Pan Chabatta,Panes,0.25,768,720
2024-12-18,Pan Francés,Panes,0.25,648,610
2024-12-18,Pan Yema Largo,Panes,0.25,360,320
2024-12-18,Pan Yema Redondo,Panes,0.25,360,320
2024-12-18,Pan Chapla,Panes,0.25,144,110
2024-12-18,Pan Coliza,Panes,0.25,192,170
2024-12-18,Pan Integral,Panes,0.25,144,110
2024-12-18,Pan Caracol,Panes,0.25,144,110
2024-12-18,Pan Hamburguesa,Panes,0.4,288,240
2024-12-18,Cachito,Panes,0.25,144,110
2024-12-18,Pan Manjar,Panes,0.3,72,68
2024-12-18,Leche,Abarrotes,4.0,5,2
2024-12-18,Jamon,Abarrotes,2.5,6,3
2024-12-18,Café,Abarrotes,2.0,5,2
2024-12-18,Queso,Abarrotes,3.0,4,2
2024-12-18,Alfajores Pequeños,Bocaditos,0.25,200,150
2024-12-18,Alfajores Grandes,Bocaditos,1.0,100,75
2024-12-18,Galletas Pequeñas,Bocaditos,0.25,200,150
2024-12-18,Galletas Grandes,Bocaditos,1.0,300,290
2024-12-18,Cookie,Bocaditos,2.0,100,70
2024-12-18,Orejitas Pequeñas,Bocaditos,0.25,200,150
2024-12-18,Orejas Grandes,Bocaditos,1.0,100,70
2024-12-18,Beso de Moza,Bocaditos,1.0,80,50
2024-12-18,Caramandugas,Bocaditos,0.25,300,250
2024-12-18,Rosquitas,Bocaditos,0.25,300,250
2024-12-19,Pan Chabatta,Panes,0.25,768,720
2024-12-19,Pan Francés,Panes,0.25,648,610
2024-12-19,Pan Yema Largo,Panes,0.25,360,320
2024-12-19,Pan Yema Redondo,Panes,0.25,360,320
2024-12-19,Pan Chapla,Panes,0.25,144,110
2024-12-19,Pan Coliza,Panes,0.25,192,170
2024-12-19,Pan Integral,Panes,0.25,144,110
2024-12-19,Pan Caracol,Panes,0.25,144,110
2024-12-19,Pan Hamburguesa,Panes,0.4,288,240
2024-12-19,Cachito,Panes,0.25,144,110
2024-12-19,Pan Manjar,Panes,0.3,72,68
2024-12-19,Leche,Abarrotes,4.0,5,4
2024-12-19,Jamon,Abarrotes,2.5,6,3
2024-12-19,Café,Abarrotes,2.0,5,2
2024-12-19,Queso,Abarrotes,3.0,4,2
2024-12-19,Alfajores Pequeños,Bocaditos,0.25,200,150
2024-12-19,Alfajores Grandes,Bocaditos,1.0,100,75
2024-12-19,Galletas Pequeñas,Bocaditos,0.25,200,150
2024-12-19,Galletas Grandes,Bocaditos,1.0,300,290
2024-12-19,Cookie,Bocaditos,2.0,100,70
2024-12-19,Orejitas Pequeñas,Bocaditos,0.25,200,150
2024-12-19,Orejas Grandes,Bocaditos,1.0,100,70
2024-12-19,Beso de Moza,Bocaditos,1.0,80,50
2024-12-19,Caramandugas,Bocaditos,0.25,300,250
2024-12-19,Rosquitas,Bocaditos,0.25,300,250
2024-12-20,Pan Chabatta,Panes,0.25,768,720
2024-12-20,Pan Francés,Panes,0.25,648,610
2024-12-20,Pan Yema Largo,Panes,0.25,360,320
2024-12-20,Pan Yema Redondo,Panes,0.25,360,320
2024-12-20,Pan Chapla,Panes,0.25,144,110
2024-12-20,Pan Coliza,Panes,0.25,192,170
2024-12-20,Pan Integral,Panes,0.25,144,110
2024-12-20,Pan Caracol,Panes,0.25,144,110
2024-12-20,Pan Hamburguesa,Panes,0.4,288,240
2024-12-20,Cachito,Panes,0.25,144,110
2024-12-20,Pan Manjar,Panes,0.3,72,68
2024-12-20,Leche,Abarrotes,4.0,5,2
2024-12-20,Jamon,Abarrotes,2.5,6,4
2024-12-20,Café,Abarrotes,2.0,5,3
2024-12-20,Queso,Abarrotes,3.0,4,3
2024-12-20,Alfajores Pequeños,Bocaditos,0.25,200,150
2024-12-20,Alfajores Grandes,Bocaditos,1.0,100,75
2024-12-20,Galletas Pequeñas,Bocaditos,0.25,200,150
2024-12-20,Galletas Grandes,Bocaditos,1.0,300,290
2024-12-20,Cookie,Bocaditos,2.0,100,70
2024-12-20,Orejitas Pequeñas,Bocaditos,0.25,200,150
2024-12-20,Orejas Grandes,Bocaditos,1.0,100,70
2024-12-20,Beso de Moza,Bocaditos,1.0,80,50
2024-12-20,Caramandugas,Bocaditos,0.25,300,250
2024-12-20,Rosquitas,Bocaditos,0.25,300,250
2024-12-21,Pan Chabatta,Panes,0.25,768,727
2024-12-21,Pan Francés,Panes,0.25,648,621
2024-12-21,Pan Yema Largo,Panes,0.25,360,324
2024-12-21,Pan Yema Redondo,Panes,0.25,360,327
2024-12-21,Pan Chapla,Panes,0.25,144,117
2024-12-21,Pan Coliza,Panes,0.25,192,170
2024-12-21,Pan Integral,Panes,0.25,144,118
2024-12-21,Pan Caracol,Panes,0.25,144,114
2024-12-21,Pan Hamburguesa,Panes,0.4,288,244
2024-12-21,Cachito,Panes,0.25,144,110
2024-12-21,Pan Manjar,Panes,0.3,72,70
2024-12-21,Leche,Abarrotes,4.0,5,3
2024-12-21,Jamon,Abarrotes,2.5,6,4
2024-12-21,Café,Abarrotes,2.0,5,3
2024-12-21,Queso,Abarrotes,3.0,4,3
2024-12-21,Alfajores Pequeños,Bocaditos,0.25,200,159
2024-12-21,Alfajores Grandes,Bocaditos,1.0,100,78
2024-12-21,Galletas Pequeñas,Bocaditos,0.25,200,151
2024-12-21,Galletas Grandes,Bocaditos,1.0,300,290
2024-12-21,Cookie,Bocaditos,2.0,100,70
2024-12-21,Orejitas Pequeñas,Bocaditos,0.25,200,151
2024-12-21,Orejas Grandes,Bocaditos,1.0,100,73
2024-12-21,Beso de Moza,Bocaditos,1.0,80,53
2024-12-21,Caramandugas,Bocaditos,0.25,300,259
2024-12-21,Rosquitas,Bocaditos,0.25,300,257
2024-12-22,Pan Chabatta,Panes,0.25,768,723
2024-12-22,Pan Francés,Panes,0.25,648,613
2024-12-22,Pan Yema Largo,Panes,0.25,360,327
2024-12-22,Pan Yema Redondo,Panes,0.25,360,327
2024-12-22,Pan Chapla,Panes,0.25,144,119
2024-12-22,Pan Coliza,Panes,0.25,192,171
2024-12-22,Pan Integral,Panes,0.25,144,116
2024-12-22,Pan Caracol,Panes,0.25,144,120
2024-12-22,Pan Hamburguesa,Panes,0.4,288,247
2024-12-22,Cachito,Panes,0.25,144,120
2024-12-22,Pan Manjar,Panes,0.3,72,70
2024-12-22,Leche,Abarrotes,4.0,5,3
2024-12-22,Jamon,Abarrotes,2.5,6,6
2024-12-22,Café,Abarrotes,2.0,5,2
2024-12-22,Queso,Abarrotes,3.0,4,2
2024-12-22,Alfajores Pequeños,Bocaditos,0.25,200,160
2024-12-22,Alfajores Grandes,Bocaditos,1.0,100,76
2024-12-22,Galletas Pequeñas,Bocaditos,0.25,200,153
2024-12-22,Galletas Grandes,Bocaditos,1.0,300,292
2024-12-22,Cookie,Bocaditos,2.0,100,73
2024-12-22,Orejitas Pequeñas,Bocaditos,0.25,200,160
2024-12-22,Orejas Grandes,Bocaditos,1.0,100,73
2024-12-22,Beso de Moza,Bocaditos,1.0,80,54
2024-12-22,Caramandugas,Bocaditos,0.25,300,255
2024-12-22,Rosquitas,Bocaditos,0.25,300,253
2024-12-23,Pan Chabatta,Panes,0.25,768,720
2024-12-23,Pan Francés,Panes,0.25,648,610
2024-12-23,Pan Yema Largo,Panes,0.25,360,320
2024-12-23,Pan Yema Redondo,Panes,0.25,360,320
2024-12-23,Pan Chapla,Panes,0.25,144,110
2024-12-23,Pan Coliza,Panes,0.25,192,170
2024-12-23,Pan Integral,Panes,0.25,144,110
2024-12-23,Pan Caracol,Panes,0.25,144,110
2024-12-23,Pan Hamburguesa,Panes,0.4,288,240
2024-12-23,Cachito,Panes,0.25,144,110
2024-12-23,Pan Manjar,Panes,0.3,72,68
2024-12-23,Leche,Abarrotes,4.0,5,3
2024-12-23,Jamon,Abarrotes,2.5,6,3
2024-12-23,Café,Abarrotes,2.0,5,2
2024-12-23,Queso,Abarrotes,3.0,4,3
2024-12-23,Alfajores Pequeños,Bocaditos,0.25,200,150
2024-12-23,Alfajores Grandes,Bocaditos,1.0,100,75
2024-12-23,Galletas Pequeñas,Bocaditos,0.25,200,150
2024-12-23,Galletas Grandes,Bocaditos,1.0,300,290
2024-12-23,Cookie,Bocaditos,2.0,100,70
2024-12-23,Orejitas Pequeñas,Bocaditos,0.25,200,150
2024-12-23,Orejas Grandes,Bocaditos,1.0,100,70
2024-12-23,Beso de Moza,Bocaditos,1.0,80,50
2024-12-23,Caramandugas,Bocaditos,0.25,300,250
2024-12-23,Rosquitas,Bocaditos,0.25,300,250
2024-12-24,Pan Chabatta,Panes,0.25,768,720
2024-12-24,Pan Francés,Panes,0.25,648,610
2024-12-24,Pan Yema Largo,Panes,0.25,360,320
2024-12-24,Pan Yema Redondo,Panes,0.25,360,320
2024-12-24,Pan Chapla,Panes,0.25,144,110
2024-12-24,Pan Coliza,Panes,0.25,192,170
2024-12-24,Pan Integral,Panes,0.25,144,110
2024-12-24,Pan Caracol,Panes,0.25,144,110
2024-12-24,Pan Hamburguesa,Panes,0.4,288,240
2024-12-24,Cachito,Panes,0.25,144,110
2024-12-24,Pan Manjar,Panes,0.3,72,68
2024-12-24,Leche,Abarrotes,4.0,5,2
2024-12-24,Jamon,Abarrotes,2.5,6,3
2024-12-24,Café,Abarrotes,2.0,5,3
2024-12-24,Queso,Abarrotes,3.0,4,2
2024-12-24,Alfajores Pequeños,Bocaditos,0.25,200,150
2024-12-24,Alfajores Grandes,Bocaditos,1.0,100,75
2024-12-24,Galletas Pequeñas,Bocaditos,0.25,200,150
2024-12-24,Galletas Grandes,Bocaditos,1.0,300,290
2024-12-24,Cookie,Bocaditos,2.0,100,70
2024-12-24,Orejitas Pequeñas,Bocaditos,0.25,200,150
2024-12-24,Orejas Grandes,Bocaditos,1.0,100,70
2024-12-24,Beso de Moza,Bocaditos,1.0,80,50
2024-12-24,Caramandugas,Bocaditos,0.25,300,250
2024-12-24,Rosquitas,Bocaditos,0.25,300,250
2024-12-25,Pan Chabatta,Panes,0.25,768,720
2024-12-25,Pan Francés,Panes,0.25,648,610
2024-12-25,Pan Yema Largo,Panes,0.25,360,320
2024-12-25,Pan Yema Redondo,Panes,0.25,360,320
2024-12-25,Pan Chapla,Panes,0.25,144,110
2024-12-25,Pan Coliza,Panes,0.25,192,170
2024-12-25,Pan Integral,Panes,0.25,144,110
2024-12-25,Pan Caracol,Panes,0.25,144,110
2024-12-25,Pan Hamburguesa,Panes,0.4,288,240
2024-12-25,Cachito,Panes,0.25,144,110
2024-12-25,Pan Manjar,Panes,0.3,72,68
2024-12-25,Leche,Abarrotes,4.0,5,2
2024-12-25,Jamon,Abarrotes,2.5,6,4
2024-12-25,Café,Abarrotes,2.0,5,3
2024-12-25,Queso,Abarrotes,3.0,4,2
2024-12-25,Alfajores Pequeños,Bocaditos,0.25,200,150
2024-12-25,Alfajores Grandes,Bocaditos,1.0,100,75
2024-12-25,Galletas Pequeñas,Bocaditos,0.25,200,150
2024-12-25,Galletas Grandes,Bocaditos,1.0,300,290
2024-12-25,Cookie,Bocaditos,2.0,100,70
2024-12-25,Orejitas Pequeñas,Bocaditos,0.25,200,150
2024-12-25,Orejas Grandes,Bocaditos,1.0,100,70
2024-12-25,Beso de Moza,Bocaditos,1.0,80,50
2024-12-25,Caramandugas,Bocaditos,0.25,300,250
2024-12-25,Rosquitas,Bocaditos,0.25,300,250
2024-12-26,Pan Chabatta,Panes,0.25,768,720
2024-12-26,Pan Francés,Panes,0.25,648,610
2024-12-26,Pan Yema Largo,Panes,0.25,360,320
2024-12-26,Pan Yema Redondo,Panes,0.25,360,320
2024-12-26,Pan Chapla,Panes,0.25,144,110
2024-12-26,Pan Coliza,Panes,0.25,192,170
2024-12-26,Pan Integral,Panes,0.25,144,110
2024-12-26,Pan Caracol,Panes,0.25,144,110
2024-12-26,Pan Hamburguesa,Panes,0.4,288,240
2024-12-26,Cachito,Panes,0.25,144,110
2024-12-26,Pan Manjar,Panes,0.3,72,68
2024-12-26,Leche,Abarrotes,4.0,5,2
2024-12-26,Jamon,Abarrotes,2.5,6,5
2024-12-26,Café,Abarrotes,2.0,5,2
2024-12-26,Queso,Abarrotes,3.0,4,2
2024-12-26,Alfajores Pequeños,Bocaditos,0.25,200,150
2024-12-26,Alfajores Grandes,Bocaditos,1.0,100,75
2024-12-26,Galletas Pequeñas,Bocaditos,0.25,200,150
2024-12-26,Galletas Grandes,Bocaditos,1.0,300,290
2024-12-26,Cookie,Bocaditos,2.0,100,70
2024-12-26,Orejitas Pequeñas,Bocaditos,0.25,200,150
2024-12-26,Orejas Grandes,Bocaditos,1.0,100,70
2024-12-26,Beso de Moza,Bocaditos,1.0,80,50
2024-12-26,Caramandugas,Bocaditos,0.25,300,250
2024-12-26,Rosquitas,Bocaditos,0.25,300,250
2024-12-27,Pan Chabatta,Panes,0.25,768,720
2024-12-27,Pan Francés,Panes,0.25,648,610
2024-12-27,Pan Yema Largo,Panes,0.25,360,320
2024-12-27,Pan Yema Redondo,Panes,0.25,360,320
2024-12-27,Pan Chapla,Panes,0.25,144,110
2024-12-27,Pan Coliza,Panes,0.25,192,170
2024-12-27,Pan Integral,Panes,0.25,144,110
2024-12-27,Pan Caracol,Panes,0.25,144,110
2024-12-27,Pan Hamburguesa,Panes,0.4,288,240
2024-12-27,Cachito,Panes,0.25,144,110
2024-12-27,Pan Manjar,Panes,0.3,72,68
2024-12-27,Leche,Abarrotes,4.0,5,2
2024-12-27,Jamon,Abarrotes,2.5,6,4
2024-12-27,Café,Abarrotes,2.0,5,2
2024-12-27,Queso,Abarrotes,3.0,4,2
2024-12-27,Alfajores Pequeños,Bocaditos,0.25,200,150
2024-12-27,Alfajores Grandes,Bocaditos,1.0,100,75
2024-12-27,Galletas Pequeñas,Bocaditos,0.25,200,150
2024-12-27,Galletas Grandes,Bocaditos,1.0,300,290
2024-12-27,Cookie,Bocaditos,2.0,100,70
2024-12-27,Orejitas Pequeñas,Bocaditos,0.25,200,150
2024-12-27,Orejas Grandes,Bocaditos,1.0,100,70
2024-12-27,Beso de Moza,Bocaditos,1.0,80,51
2024-12-27,Caramandugas,Bocaditos,0.25,300,250
2024-12-27,Rosquitas,Bocaditos,0.25,300,250
2024-12-28,Pan Chabatta,Panes,0.25,768,738
2024-12-28,Pan Francés,Panes,0.25,648,620
2024-12-28,Pan Yema Largo,Panes,0.25,360,320
2024-12-28,Pan Yema Redondo,Panes,0.25,360,324
2024-12-28,Pan Chapla,Panes,0.25,144,115
2024-12-28,Pan Coliza,Panes,0.25,192,174
2024-12-28,Pan Integral,Panes,0.25,144,112
2024-12-28,Pan Caracol,Panes,0.25,144,119
2024-12-28,Pan Hamburguesa,Panes,0.4,288,249
2024-12-28,Cachito,Panes,0.25,144,113
2024-12-28,Pan Manjar,Panes,0.3,72,71
2024-12-28,Leche,Abarrotes,4.0,5,2
2024-12-28,Jamon,Abarrotes,2.5,6,5
2024-12-28,Café,Abarrotes,2.0,5,4
2024-12-28,Queso,Abarrotes,3.0,4,4
2024-12-28,Alfajores Pequeños,Bocaditos,0.25,200,152
2024-12-28,Alfajores Grandes,Bocaditos,1.0,100,77
2024-12-28,Galletas Pequeñas,Bocaditos,0.25,200,154
2024-12-28,Galletas Grandes,Bocaditos,1.0,300,295
2024-12-28,Cookie,Bocaditos,2.0,100,71
2024-12-28,Orejitas Pequeñas,Bocaditos,0.25,200,153
2024-12-28,Orejas Grandes,Bocaditos,1.0,100,70
2024-12-28,Beso de Moza,Bocaditos,1.0,80,52
2024-12-28,Caramandugas,Bocaditos,0.25,300,252
2024-12-28,Rosquitas,Bocaditos,0.25,300,252
2024-12-29,Pan Chabatta,Panes,0.25,768,722
2024-12-29,Pan Francés,Panes,0.25,648,619
2024-12-29,Pan Yema Largo,Panes,0.25,360,328
2024-12-29,Pan Yema Redondo,Panes,0.25,360,329
2024-12-29,Pan Chapla,Panes,0.25,144,119
2024-12-29,Pan Coliza,Panes,0.25,192,170
2024-12-29,Pan Integral,Panes,0.25,144,118
2024-12-29,Pan Caracol,Panes,0.25,144,112
2024-12-29,Pan Hamburguesa,Panes,0.4,288,249
2024-12-29,Cachito,Panes,0.25,144,118
2024-12-29,Pan Manjar,Panes,0.3,72,68
2024-12-29,Leche,Abarrotes,4.0,5,3
2024-12-29,Jamon,Abarrotes,2.5,6,3
2024-12-29,Café,Abarrotes,2.0,5,2
2024-12-29,Queso,Abarrotes,3.0,4,2
2024-12-29,Alfajores Pequeños,Bocaditos,0.25,200,152
2024-12-29,Alfajores Grandes,Bocaditos,1.0,100,77
2024-12-29,Galletas Pequeñas,Bocaditos,0.25,200,157
2024-12-29,Galletas Grandes,Bocaditos,1.0,300,294
2024-12-29,Cookie,Bocaditos,2.0,100,70
2024-12-29,Orejitas Pequeñas,Bocaditos,0.25,200,159
2024-12-29,Orejas Grandes,Bocaditos,1.0,100,73
2024-12-29,Beso de Moza,Bocaditos,1.0,80,59
2024-12-29,Caramandugas,Bocaditos,0.25,300,254
2024-12-29,Rosquitas,Bocaditos,0.25,300,259
2024-12-30,Pan Chabatta,Panes,0.25,768,720
2024-12-30,Pan Francés,Panes,0.25,648,610
2024-12-30,Pan Yema Largo,Panes,0.25,360,320
2024-12-30,Pan Yema Redondo,Panes,0.25,360,320
2024-12-30,Pan Chapla,Panes,0.25,144,110
2024-12-30,Pan Coliza,Panes,0.25,192,170
2024-12-30,Pan Integral,Panes,0.25,144,110
2024-12-30,Pan Caracol,Panes,0.25,144,110
2024-12-30,Pan Hamburguesa,Panes,0.4,288,240
2024-12-30,Cachito,Panes,0.25,144,110
2024-12-30,Pan Manjar,Panes,0.3,72,68
2024-12-30,Leche,Abarrotes,4.0,5,2
2024-12-30,Jamon,Abarrotes,2.5,6,3
2024-12-30,Café,Abarrotes,2.0,5,3
2024-12-30,Queso,Abarrotes,3.0,4,2
2024-12-30,Alfajores Pequeños,Bocaditos,0.25,200,150
2024-12-30,Alfajores Grandes,Bocaditos,1.0,100,75
2024-12-30,Galletas Pequeñas,Bocaditos,0.25,200,150
2024-12-30,Galletas Grandes,Bocaditos,1.0,300,290
2024-12-30,Cookie,Bocaditos,2.0,100,70
2024-12-30,Orejitas Pequeñas,Bocaditos,0.25,200,150
2024-12-30,Orejas Grandes,Bocaditos,1.0,100,70
2024-12-30,Beso de Moza,Bocaditos,1.0,80,50
2024-12-30,Caramandugas,Bocaditos,0.25,300,250
2024-12-30,Rosquitas,Bocaditos,0.25,300,250
2024-12-31,Pan Chabatta,Panes,0.25,768,720
2024-12-31,Pan Francés,Panes,0.25,648,610
2024-12-31,Pan Yema Largo,Panes,0.25,360,320
2024-12-31,Pan Yema Redondo,Panes,0.25,360,320
2024-12-31,Pan Chapla,Panes,0.25,144,110
2024-12-31,Pan Coliza,Panes,0.25,192,170
2024-12-31,Pan Integral,Panes,0.25,144,110
2024-12-31,Pan Caracol,Panes,0.25,144,110
2024-12-31,Pan Hamburguesa,Panes,0.4,288,240
2024-12-31,Cachito,Panes,0.25,144,110
2024-12-31,Pan Manjar,Panes,0.3,72,68
2024-12-31,Leche,Abarrotes,4.0,5,3
2024-12-31,Jamon,Abarrotes,2.5,6,3
2024-12-31,Café,Abarrotes,2.0,5,2
2024-12-31,Queso,Abarrotes,3.0,4,2
2024-12-31,Alfajores Pequeños,Bocaditos,0.25,200,150
2024-12-31,Alfajores Grandes,Bocaditos,1.0,100,75
2024-12-31,Galletas Pequeñas,Bocaditos,0.25,200,150
2024-12-31,Galletas Grandes,Bocaditos,1.0,300,290
2024-12-31,Cookie,Bocaditos,2.0,100,70
2024-12-31,Orejitas Pequeñas,Bocaditos,0.25,200,150
2024-12-31,Orejas Grandes,Bocaditos,1.0,100,70
2024-12-31,Beso de Moza,Bocaditos,1.0,80,50
2024-12-31,Caramandugas,Bocaditos,0.25,300,250
2024-12-31,Rosquitas,Bocaditos,0.25,300,250
2025-01-01,Pan Chabatta,Panes,0.25,768,720
2025-01-01,Pan Francés,Panes,0.25,648,610
2025-01-01,Pan Yema Largo,Panes,0.25,360,320
2025-01-01,Pan Yema Redondo,Panes,0.25,360,320
2025-01-01,Pan Chapla,Panes,0.25,144,110
2025-01-01,Pan Coliza,Panes,0.25,192,170
2025-01-01,Pan Integral,Panes,0.25,144,110
2025-01-01,Pan Caracol,Panes,0.25,144,110
2025-01-01,Pan Hamburguesa,Panes,0.4,288,240
2025-01-01,Cachito,Panes,0.25,144,110
2025-01-01,Pan Manjar,Panes,0.3,72,68
2025-01-01,Leche,Abarrotes,4.0,5,2
2025-01-01,Jamon,Abarrotes,2.5,6,4
2025-01-01,Café,Abarrotes,2.0,5,2
2025-01-01,Queso,Abarrotes,3.0,4,2
2025-01-01,Alfajores Pequeños,Bocaditos,0.25,200,150
2025-01-01,Alfajores Grandes,Bocaditos,1.0,100,75
2025-01-01,Galletas Pequeñas,Bocaditos,0.25,200,150
2025-01-01,Galletas Grandes,Bocaditos,1.0,300,290
2025-01-01,Cookie,Bocaditos,2.0,100,70
2025-01-01,Orejitas Pequeñas,Bocaditos,0.25,200,150
2025-01-01,Orejas Grandes,Bocaditos,1.0,100,70
2025-01-01,Beso de Moza,Bocaditos,1.0,80,50
2025-01-01,Caramandugas,Bocaditos,0.25,300,250
2025-01-01,Rosquitas,Bocaditos,0.25,300,250
2025-01-02,Pan Chabatta,Panes,0.25,768,720
2025-01-02,Pan Francés,Panes,0.25,648,610
2025-01-02,Pan Yema Largo,Panes,0.25,360,320
2025-01-02,Pan Yema Redondo,Panes,0.25,360,320
2025-01-02,Pan Chapla,Panes,0.25,144,110
2025-01-02,Pan Coliza,Panes,0.25,192,170
2025-01-02,Pan Integral,Panes,0.25,144,110
2025-01-02,Pan Caracol,Panes,0.25,144,110
2025-01-02,Pan Hamburguesa,Panes,0.4,288,240
2025-01-02,Cachito,Panes,0.25,144,110
2025-01-02,Pan Manjar,Panes,0.3,72,68
2025-01-02,Leche,Abarrotes,4.0,5,3
2025-01-02,Jamon,Abarrotes,2.5,6,3
2025-01-02,Café,Abarrotes,2.0,5,4
2025-01-02,Queso,Abarrotes,3.0,4,2
2025-01-02,Alfajores Pequeños,Bocaditos,0.25,200,150
2025-01-02,Alfajores Grandes,Bocaditos,1.0,100,75
2025-01-02,Galletas Pequeñas,Bocaditos,0.25,200,150
2025-01-02,Galletas Grandes,Bocaditos,1.0,300,290
2025-01-02,Cookie,Bocaditos,2.0,100,70
2025-01-02,Orejitas Pequeñas,Bocaditos,0.25,200,150
2025-01-02,Orejas Grandes,Bocaditos,1.0,100,70
2025-01-02,Beso de Moza,Bocaditos,1.0,80,50
2025-01-02,Caramandugas,Bocaditos,0.25,300,250
2025-01-02,Rosquitas,Bocaditos,0.25,300,250
2025-01-03,Pan Chabatta,Panes,0.25,768,720
2025-01-03,Pan Francés,Panes,0.25,648,610
2025-01-03,Pan Yema Largo,Panes,0.25,360,320
2025-01-03,Pan Yema Redondo,Panes,0.25,360,320
2025-01-03,Pan Chapla,Panes,0.25,144,110
2025-01-03,Pan Coliza,Panes,0.25,192,170
2025-01-03,Pan Integral,Panes,0.25,144,110
2025-01-03,Pan Caracol,Panes,0.25,144,110
2025-01-03,Pan Hamburguesa,Panes,0.4,288,240
2025-01-03,Cachito,Panes,0.25,144,110
2025-01-03,Pan Manjar,Panes,0.3,72,68
2025-01-03,Leche,Abarrotes,4.0,5,2
2025-01-03,Jamon,Abarrotes,2.5,6,4
2025-01-03,Café,Abarrotes,2.0,5,3
2025-01-03,Queso,Abarrotes,3.0,4,3
2025-01-03,Alfajores Pequeños,Bocaditos,0.25,200,150
2025-01-03,Alfajores Grandes,Bocaditos,1.0,100,75
2025-01-03,Galletas Pequeñas,Bocaditos,0.25,200,150
2025-01-03,Galletas Grandes,Bocaditos,1.0,300,290
2025-01-03,Cookie,Bocaditos,2.0,100,70
2025-01-03,Orejitas Pequeñas,Bocaditos,0.25,200,150
2025-01-03,Orejas Grandes,Bocaditos,1.0,100,70
2025-01-03,Beso de Moza,Bocaditos,1.0,80,50
2025-01-03,Caramandugas,Bocaditos,0.25,300,250
2025-01-03,Rosquitas,Bocaditos,0.25,300,250
2025-01-04,Pan Chabatta,Panes,0.25,768,727
2025-01-04,Pan Francés,Panes,0.25,648,619
2025-01-04,Pan Yema Largo,Panes,0.25,360,328
2025-01-04,Pan Yema Redondo,Panes,0.25,360,326
2025-01-04,Pan Chapla,Panes,0.25,144,117
2025-01-04,Pan Coliza,Panes,0.25,192,174
2025-01-04,Pan Integral,Panes,0.25,144,110
2025-01-04,Pan Caracol,Panes,0.25,144,115
2025-01-04,Pan Hamburguesa,Panes,0.4,288,247
2025-01-04,Cachito,Panes,0.25,144,114
2025-01-04,Pan Manjar,Panes,0.3,72,68
2025-01-04,Leche,Abarrotes,4.0,5,5
2025-01-04,Jamon,Abarrotes,2.5,6,5
2025-01-04,Café,Abarrotes,2.0,5,3
2025-01-04,Queso,Abarrotes,3.0,4,3
2025-01-04,Alfajores Pequeños,Bocaditos,0.25,200,154
2025-01-04,Alfajores Grandes,Bocaditos,1.0,100,78
2025-01-04,Galletas Pequeñas,Bocaditos,0.25,200,158
2025-01-04,Galletas Grandes,Bocaditos,1.0,300,292
2025-01-04,Cookie,Bocaditos,2.0,100,71
2025-01-04,Orejitas Pequeñas,Bocaditos,0.25,200,154
2025-01-04,Orejas Grandes,Bocaditos,1.0,100,72
2025-01-04,Beso de Moza,Bocaditos,1.0,80,60
2025-01-04,Caramandugas,Bocaditos,0.25,300,255
2025-01-04,Rosquitas,Bocaditos,0.25,300,258
2025-01-05,Pan Chabatta,Panes,0.25,768,741
2025-01-05,Pan Francés,Panes,0.25,648,615
2025-01-05,Pan Yema Largo,Panes,0.25,360,330
2025-01-05,Pan Yema Redondo,Panes,0.25,360,326
2025-01-05,Pan Chapla,Panes,0.25,144,119
2025-01-05,Pan Coliza,Panes,0.25,192,170
2025-01-05,Pan Integral,Panes,0.25,144,119
2025-01-05,Pan Caracol,Panes,0.25,144,118
2025-01-05,Pan Hamburguesa,Panes,0.4,288,240
2025-01-05,Cachito,Panes,0.25,144,114
2025-01-05,Pan Manjar,Panes,0.3,72,71
2025-01-05,Leche,Abarrotes,4.0,5,2
2025-01-05,Jamon,Abarrotes,2.5,6,3
2025-01-05,Café,Abarrotes,2.0,5,3
2025-01-05,Queso,Abarrotes,3.0,4,2
2025-01-05,Alfajores Pequeños,Bocaditos,0.25,200,151
2025-01-05,Alfajores Grandes,Bocaditos,1.0,100,75
2025-01-05,Galletas Pequeñas,Bocaditos,0.25,200,156
2025-01-05,Galletas Grandes,Bocaditos,1.0,300,290
2025-01-05,Cookie,Bocaditos,2.0,100,72
2025-01-05,Orejitas Pequeñas,Bocaditos,0.25,200,153
2025-01-05,Orejas Grandes,Bocaditos,1.0,100,72
2025-01-05,Beso de Moza,Bocaditos,1.0,80,55
2025-01-05,Caramandugas,Bocaditos,0.25,300,250
2025-01-05,Rosquitas,Bocaditos,0.25,300,259
2025-01-06,Pan Chabatta,Panes,0.25,768,720
2025-01-06,Pan Francés,Panes,0.25,648,610
2025-01-06,Pan Yema Largo,Panes,0.25,360,320
2025-01-06,Pan Yema Redondo,Panes,0.25,360,320
2025-01-06,Pan Chapla,Panes,0.25,144,110
2025-01-06,Pan Coliza,Panes,0.25,192,170
2025-01-06,Pan Integral,Panes,0.25,144,110
2025-01-06,Pan Caracol,Panes,0.25,144,110
2025-01-06,Pan Hamburguesa,Panes,0.4,288,240
2025-01-06,Cachito,Panes,0.25,144,110
2025-01-06,Pan Manjar,Panes,0.3,72,68
2025-01-06,Leche,Abarrotes,4.0,5,2
2025-01-06,Jamon,Abarrotes,2.5,6,3
2025-01-06,Café,Abarrotes,2.0,5,2
2025-01-06,Queso,Abarrotes,3.0,4,2
2025-01-06,Alfajores Pequeños,Bocaditos,0.25,200,150
2025-01-06,Alfajores Grandes,Bocaditos,1.0,100,75
2025-01-06,Galletas Pequeñas,Bocaditos,0.25,200,150
2025-01-06,Galletas Grandes,Bocaditos,1.0,300,290
2025-01-06,Cookie,Bocaditos,2.0,100,70
2025-01-06,Orejitas Pequeñas,Bocaditos,0.25,200,150
2025-01-06,Orejas Grandes,Bocaditos,1.0,100,70
2025-01-06,Beso de Moza,Bocaditos,1.0,80,50
2025-01-06,Caramandugas,Bocaditos,0.25,300,250
2025-01-06,Rosquitas,Bocaditos,0.25,300,250
2025-01-07,Pan Chabatta,Panes,0.25,768,720
2025-01-07,Pan Francés,Panes,0.25,648,610
2025-01-07,Pan Yema Largo,Panes,0.25,360,320
2025-01-07,Pan Yema Redondo,Panes,0.25,360,320
2025-01-07,Pan Chapla,Panes,0.25,144,110
2025-01-07,Pan Coliza,Panes,0.25,192,170
2025-01-07,Pan Integral,Panes,0.25,144,110
2025-01-07,Pan Caracol,Panes,0.25,144,110
2025-01-07,Pan Hamburguesa,Panes,0.4,288,240
2025-01-07,Cachito,Panes,0.25,144,110
2025-01-07,Pan Manjar,Panes,0.3,72,68
2025-01-07,Leche,Abarrotes,4.0,5,2
2025-01-07,Jamon,Abarrotes,2.5,6,3
2025-01-07,Café,Abarrotes,2.0,5,2
2025-01-07,Queso,Abarrotes,3.0,4,2
2025-01-07,Alfajores Pequeños,Bocaditos,0.25,200,150
2025-01-07,Alfajores Grandes,Bocaditos,1.0,100,75
2025-01-07,Galletas Pequeñas,Bocaditos,0.25,200,150
2025-01-07,Galletas Grandes,Bocaditos,1.0,300,290
2025-01-07,Cookie,Bocaditos,2.0,100,70
2025-01-07,Orejitas Pequeñas,Bocaditos,0.25,200,150
2025-01-07,Orejas Grandes,Bocaditos,1.0,100,70
2025-01-07,Beso de Moza,Bocaditos,1.0,80,50
2025-01-07,Caramandugas,Bocaditos,0.25,300,250
2025-01-07,Rosquitas,Bocaditos,0.25,300,250
2025-01-08,Pan Chabatta,Panes,0.25,768,720
2025-01-08,Pan Francés,Panes,0.25,648,610
2025-01-08,Pan Yema Largo,Panes,0.25,360,320
2025-01-08,Pan Yema Redondo,Panes,0.25,360,320
2025-01-08,Pan Chapla,Panes,0.25,144,110
2025-01-08,Pan Coliza,Panes,0.25,192,170
2025-01-08,Pan Integral,Panes,0.25,144,110
2025-01-08,Pan Caracol,Panes,0.25,144,110
2025-01-08,Pan Hamburguesa,Panes,0.4,288,240
2025-01-08,Cachito,Panes,0.25,144,110
2025-01-08,Pan Manjar,Panes,0.3,72,68
2025-01-08,Leche,Abarrotes,4.0,5,3
2025-01-08,Jamon,Abarrotes,2.5,6,4
2025-01-08,Café,Abarrotes,2.0,5,2
2025-01-08,Queso,Abarrotes,3.0,4,2
2025-01-08,Alfajores Pequeños,Bocaditos,0.25,200,150
2025-01-08,Alfajores Grandes,Bocaditos,1.0,100,75
2025-01-08,Galletas Pequeñas,Bocaditos,0.25,200,150
2025-01-08,Galletas Grandes,Bocaditos,1.0,300,290
2025-01-08,Cookie,Bocaditos,2.0,100,70
2025-01-08,Orejitas Pequeñas,Bocaditos,0.25,200,150
2025-01-08,Orejas Grandes,Bocaditos,1.0,100,70
2025-01-08,Beso de Moza,Bocaditos,1.0,80,50
2025-01-08,Caramandugas,Bocaditos,0.25,300,250
2025-01-08,Rosquitas,Bocaditos,0.25,300,250
2025-01-09,Pan Chabatta,Panes,0.25,768,720
2025-01-09,Pan Francés,Panes,0.25,648,610
2025-01-09,Pan Yema Largo,Panes,0.25,360,320
2025-01-09,Pan Yema Redondo,Panes,0.25,360,320
2025-01-09,Pan Chapla,Panes,0.25,144,110
2025-01-09,Pan Coliza,Panes,0.25,192,170
2025-01-09,Pan Integral,Panes,0.25,144,110
2025-01-09,Pan Caracol,Panes,0.25,144,110
2025-01-09,Pan Hamburguesa,Panes,0.4,288,240
2025-01-09,Cachito,Panes,0.25,144,110
2025-01-09,Pan Manjar,Panes,0.3,72,68
2025-01-09,Leche,Abarrotes,4.0,5,3
2025-01-09,Jamon,Abarrotes,2.5,6,3
2025-01-09,Café,Abarrotes,2.0,5,2
2025-01-09,Queso,Abarrotes,3.0,4,3
2025-01-09,Alfajores Pequeños,Bocaditos,0.25,200,150
2025-01-09,Alfajores Grandes,Bocaditos,1.0,100,75
2025-01-09,Galletas Pequeñas,Bocaditos,0.25,200,150
2025-01-09,Galletas Grandes,Bocaditos,1.0,300,290
2025-01-09,Cookie,Bocaditos,2.0,100,70
2025-01-09,Orejitas Pequeñas,Bocaditos,0.25,200,150
2025-01-09,Orejas Grandes,Bocaditos,1.0,100,70
2025-01-09,Beso de Moza,Bocaditos,1.0,80,50
2025-01-09,Caramandugas,Bocaditos,0.25,300,250
2025-01-09,Rosquitas,Bocaditos,0.25,300,250
2025-01-10,Pan Chabatta,Panes,0.25,768,720
2025-01-10,Pan Francés,Panes,0.25,648,610
2025-01-10,Pan Yema Largo,Panes,0.25,360,320
2025-01-10,Pan Yema Redondo,Panes,0.25,360,320
2025-01-10,Pan Chapla,Panes,0.25,144,110
2025-01-10,Pan Coliza,Panes,0.25,192,170
2025-01-10,Pan Integral,Panes,0.25,144,110
2025-01-10,Pan Caracol,Panes,0.25,144,110
2025-01-10,Pan Hamburguesa,Panes,0.4,288,240
2025-01-10,Cachito,Panes,0.25,144,110
2025-01-10,Pan Manjar,Panes,0.3,72,68
2025-01-10,Leche,Abarrotes,4.0,5,3
2025-01-10,Jamon,Abarrotes,2.5,6,3
2025-01-10,Café,Abarrotes,2.0,5,2
2025-01-10,Queso,Abarrotes,3.0,4,2
2025-01-10,Alfajores Pequeños,Bocaditos,0.25,200,150
2025-01-10,Alfajores Grandes,Bocaditos,1.0,100,75
2025-01-10,Galletas Pequeñas,Bocaditos,0.25,200,150
2025-01-10,Galletas Grandes,Bocaditos,1.0,300,290
2025-01-10,Cookie,Bocaditos,2.0,100,70
2025-01-10,Orejitas Pequeñas,Bocaditos,0.25,200,150
2025-01-10,Orejas Grandes,Bocaditos,1.0,100,70
2025-01-10,Beso de Moza,Bocaditos,1.0,80,53
2025-01-10,Caramandugas,Bocaditos,0.25,300,250
2025-01-10,Rosquitas,Bocaditos,0.25,300,250
2025-01-11,Pan Chabatta,Panes,0.25,768,725
2025-01-11,Pan Francés,Panes,0.25,648,618
2025-01-11,Pan Yema Largo,Panes,0.25,360,328
2025-01-11,Pan Yema Redondo,Panes,0.25,360,326
2025-01-11,Pan Chapla,Panes,0.25,144,113
2025-01-11,Pan Coliza,Panes,0.25,192,170
2025-01-11,Pan Integral,Panes,0.25,144,117
2025-01-11,Pan Caracol,Panes,0.25,144,114
2025-01-11,Pan Hamburguesa,Panes,0.4,288,248
2025-01-11,Cachito,Panes,0.25,144,111
2025-01-11,Pan Manjar,Panes,0.3,72,68
2025-01-11,Leche,Abarrotes,4.0,5,3
2025-01-11,Jamon,Abarrotes,2.5,6,4
2025-01-11,Café,Abarrotes,2.0,5,4
2025-01-11,Queso,Abarrotes,3.0,4,3
2025-01-11,Alfajores Pequeños,Bocaditos,0.25,200,161
2025-01-11,Alfajores Grandes,Bocaditos,1.0,100,81
2025-01-11,Galletas Pequeñas,Bocaditos,0.25,200,159
2025-01-11,Galletas Grandes,Bocaditos,1.0,300,294
2025-01-11,Cookie,Bocaditos,2.0,100,71
2025-01-11,Orejitas Pequeñas,Bocaditos,0.25,200,157
2025-01-11,Orejas Grandes,Bocaditos,1.0,100,72
2025-01-11,Beso de Moza,Bocaditos,1.0,80,50
2025-01-11,Caramandugas,Bocaditos,0.25,300,256
2025-01-11,Rosquitas,Bocaditos,0.25,300,250
2025-01-12,Pan Chabatta,Panes,0.25,768,720
2025-01-12,Pan Francés,Panes,0.25,648,616
2025-01-12,Pan Yema Largo,Panes,0.25,360,322
2025-01-12,Pan Yema Redondo,Panes,0.25,360,323
2025-01-12,Pan Chapla,Panes,0.25,144,118
2025-01-12,Pan Coliza,Panes,0.25,192,176
2025-01-12,Pan Integral,Panes,0.25,144,112
2025-01-12,Pan Caracol,Panes,0.25,144,110
2025-01-12,Pan Hamburguesa,Panes,0.4,288,241
2025-01-12,Cachito,Panes,0.25,144,114
2025-01-12,Pan Manjar,Panes,0.3,72,69
2025-01-12,Leche,Abarrotes,4.0,5,4
2025-01-12,Jamon,Abarrotes,2.5,6,6
2025-01-12,Café,Abarrotes,2.0,5,3
2025-01-12,Queso,Abarrotes,3.0,4,2
2025-01-12,Alfajores Pequeños,Bocaditos,0.25,200,157
2025-01-12,Alfajores Grandes,Bocaditos,1.0,100,80
2025-01-12,Galletas Pequeñas,Bocaditos,0.25,200,152
2025-01-12,Galletas Grandes,Bocaditos,1.0,300,292
2025-01-12,Cookie,Bocaditos,2.0,100,71
2025-01-12,Orejitas Pequeñas,Bocaditos,0.25,200,156
2025-01-12,Orejas Grandes,Bocaditos,1.0,100,75
2025-01-12,Beso de Moza,Bocaditos,1.0,80,50
2025-01-12,Caramandugas,Bocaditos,0.25,300,256
2025-01-12,Rosquitas,Bocaditos,0.25,300,251
2025-01-13,Pan Chabatta,Panes,0.25,768,720
2025-01-13,Pan Francés,Panes,0.25,648,610
2025-01-13,Pan Yema Largo,Panes,0.25,360,320
2025-01-13,Pan Yema Redondo,Panes,0.25,360,320
2025-01-13,Pan Chapla,Panes,0.25,144,110
2025-01-13,Pan Coliza,Panes,0.25,192,170
2025-01-13,Pan Integral,Panes,0.25,144,110
2025-01-13,Pan Caracol,Panes,0.25,144,110
2025-01-13,Pan Hamburguesa,Panes,0.4,288,240
2025-01-13,Cachito,Panes,0.25,144,110
2025-01-13,Pan Manjar,Panes,0.3,72,68
2025-01-13,Leche,Abarrotes,4.0,5,2
2025-01-13,Jamon,Abarrotes,2.5,6,3
2025-01-13,Café,Abarrotes,2.0,5,2
2025-01-13,Queso,Abarrotes,3.0,4,2
2025-01-13,Alfajores Pequeños,Bocaditos,0.25,200,150
2025-01-13,Alfajores Grandes,Bocaditos,1.0,100,75
2025-01-13,Galletas Pequeñas,Bocaditos,0.25,200,150
2025-01-13,Galletas Grandes,Bocaditos,1.0,300,290
2025-01-13,Cookie,Bocaditos,2.0,100,70
2025-01-13,Orejitas Pequeñas,Bocaditos,0.25,200,150
2025-01-13,Orejas Grandes,Bocaditos,1.0,100,70
2025-01-13,Beso de Moza,Bocaditos,1.0,80,50
2025-01-13,Caramandugas,Bocaditos,0.25,300,250
2025-01-13,Rosquitas,Bocaditos,0.25,300,250
2025-01-14,Pan Chabatta,Panes,0.25,768,720
2025-01-14,Pan Francés,Panes,0.25,648,610
2025-01-14,Pan Yema Largo,Panes,0.25,360,320
2025-01-14,Pan Yema Redondo,Panes,0.25,360,320
2025-01-14,Pan Chapla,Panes,0.25,144,110
2025-01-14,Pan Coliza,Panes,0.25,192,170
2025-01-14,Pan Integral,Panes,0.25,144,110
2025-01-14,Pan Caracol,Panes,0.25,144,110
2025-01-14,Pan Hamburguesa,Panes,0.4,288,240
2025-01-14,Cachito,Panes,0.25,144,110
2025-01-14,Pan Manjar,Panes,0.3,72,68
2025-01-14,Leche,Abarrotes,4.0,5,2
2025-01-14,Jamon,Abarrotes,2.5,6,3
2025-01-14,Café,Abarrotes,2.0,5,2
2025-01-14,Queso,Abarrotes,3.0,4,2
2025-01-14,Alfajores Pequeños,Bocaditos,0.25,200,150
2025-01-14,Alfajores Grandes,Bocaditos,1.0,100,75
2025-01-14,Galletas Pequeñas,Bocaditos,0.25,200,150
2025-01-14,Galletas Grandes,Bocaditos,1.0,300,290
2025-01-14,Cookie,Bocaditos,2.0,100,70
2025-01-14,Orejitas Pequeñas,Bocaditos,0.25,200,150
2025-01-14,Orejas Grandes,Bocaditos,1.0,100,70
2025-01-14,Beso de Moza,Bocaditos,1.0,80,50
2025-01-14,Caramandugas,Bocaditos,0.25,300,250
2025-01-14,Rosquitas,Bocaditos,0.25,300,250
2025-01-15,Pan Chabatta,Panes,0.25,768,720
2025-01-15,Pan Francés,Panes,0.25,648,610
2025-01-15,Pan Yema Largo,Panes,0.25,360,320
2025-01-15,Pan Yema Redondo,Panes,0.25,360,320
2025-01-15,Pan Chapla,Panes,0.25,144,110
2025-01-15,Pan Coliza,Panes,0.25,192,170
2025-01-15,Pan Integral,Panes,0.25,144,110
2025-01-15,Pan Caracol,Panes,0.25,144,110
2025-01-15,Pan Hamburguesa,Panes,0.4,288,240
2025-01-15,Cachito,Panes,0.25,144,110
2025-01-15,Pan Manjar,Panes,0.3,72,68
2025-01-15,Leche,Abarrotes,4.0,5,2
2025-01-15,Jamon,Abarrotes,2.5,6,3
2025-01-15,Café,Abarrotes,2.0,5,3
2025-01-15,Queso,Abarrotes,3.0,4,2
2025-01-15,Alfajores Pequeños,Bocaditos,0.25,200,150
2025-01-15,Alfajores Grandes,Bocaditos,1.0,100,75
2025-01-15,Galletas Pequeñas,Bocaditos,0.25,200,150
2025-01-15,Galletas Grandes,Bocaditos,1.0,300,290
2025-01-15,Cookie,Bocaditos,2.0,100,70
2025-01-15,Orejitas Pequeñas,Bocaditos,0.25,200,150
2025-01-15,Orejas Grandes,Bocaditos,1.0,100,70
2025-01-15,Beso de Moza,Bocaditos,1.0,80,50
2025-01-15,Caramandugas,Bocaditos,0.25,300,250
2025-01-15,Rosquitas,Bocaditos,0.25,300,250
2025-01-16,Pan Chabatta,Panes,0.25,768,720
2025-01-16,Pan Francés,Panes,0.25,648,610
2025-01-16,Pan Yema Largo,Panes,0.25,360,320
2025-01-16,Pan Yema Redondo,Panes,0.25,360,320
2025-01-16,Pan Chapla,Panes,0.25,144,110
2025-01-16,Pan Coliza,Panes,0.25,192,170
2025-01-16,Pan Integral,Panes,0.25,144,110
2025-01-16,Pan Caracol,Panes,0.25,144,110
2025-01-16,Pan Hamburguesa,Panes,0.4,288,240
2025-01-16,Cachito,Panes,0.25,144,110
2025-01-16,Pan Manjar,Panes,0.3,72,68
2025-01-16,Leche,Abarrotes,4.0,5,4
2025-01-16,Jamon,Abarrotes,2.5,6,3
2025-01-16,Café,Abarrotes,2.0,5,2
2025-01-16,Queso,Abarrotes,3.0,4,3
2025-01-16,Alfajores Pequeños,Bocaditos,0.25,200,150
2025-01-16,Alfajores Grandes,Bocaditos,1.0,100,75
2025-01-16,Galletas Pequeñas,Bocaditos,0.25,200,150
2025-01-16,Galletas Grandes,Bocaditos,1.0,300,290
2025-01-16,Cookie,Bocaditos,2.0,100,70
2025-01-16,Orejitas Pequeñas,Bocaditos,0.25,200,150
2025-01-16,Orejas Grandes,Bocaditos,1.0,100,70
2025-01-16,Beso de Moza,Bocaditos,1.0,80,50
2025-01-16,Caramandugas,Bocaditos,0.25,300,250
2025-01-16,Rosquitas,Bocaditos,0.25,300,250
2025-01-17,Pan Chabatta,Panes,0.25,768,720
2025-01-17,Pan Francés,Panes,0.25,648,610
2025-01-17,Pan Yema Largo,Panes,0.25,360,320
2025-01-17,Pan Yema Redondo,Panes,0.25,360,320
2025-01-17,Pan Chapla,Panes,0.25,144,110
2025-01-17,Pan Coliza,Panes,0.25,192,170
2025-01-17,Pan Integral,Panes,0.25,144,110
2025-01-17,Pan Caracol,Panes,0.25,144,110
2025-01-17,Pan Hamburguesa,Panes,0.4,288,240
2025-01-17,Cachito,Panes,0.25,144,110
2025-01-17,Pan Manjar,Panes,0.3,72,68
2025-01-17,Leche,Abarrotes,4.0,5,2
2025-01-17,Jamon,Abarrotes,2.5,6,3
2025-01-17,Café,Abarrotes,2.0,5,2
2025-01-17,Queso,Abarrotes,3.0,4,3
2025-01-17,Alfajores Pequeños,Bocaditos,0.25,200,150
2025-01-17,Alfajores Grandes,Bocaditos,1.0,100,75
2025-01-17,Galletas Pequeñas,Bocaditos,0.25,200,150
2025-01-17,Galletas Grandes,Bocaditos,1.0,300,290
2025-01-17,Cookie,Bocaditos,2.0,100,70
2025-01-17,Orejitas Pequeñas,Bocaditos,0.25,200,150
2025-01-17,Orejas Grandes,Bocaditos,1.0,100,70
2025-01-17,Beso de Moza,Bocaditos,1.0,80,50
2025-01-17,Caramandugas,Bocaditos,0.25,300,250
2025-01-17,Rosquitas,Bocaditos,0.25,300,250
2025-01-18,Pan Chabatta,Panes,0.25,768,738
2025-01-18,Pan Francés,Panes,0.25,648,616
2025-01-18,Pan Yema Largo,Panes,0.25,360,327
2025-01-18,Pan Yema Redondo,Panes,0.25,360,324
2025-01-18,Pan Chapla,Panes,0.25,144,110
2025-01-18,Pan Coliza,Panes,0.25,192,172
2025-01-18,Pan Integral,Panes,0.25,144,113
2025-01-18,Pan Caracol,Panes,0.25,144,119
2025-01-18,Pan Hamburguesa,Panes,0.4,288,251
2025-01-18,Cachito,Panes,0.25,144,113
2025-01-18,Pan Manjar,Panes,0.3,72,69
2025-01-18,Leche,Abarrotes,4.0,5,2
2025-01-18,Jamon,Abarrotes,2.5,6,5
2025-01-18,Café,Abarrotes,2.0,5,2
2025-01-18,Queso,Abarrotes,3.0,4,3
2025-01-18,Alfajores Pequeños,Bocaditos,0.25,200,153
2025-01-18,Alfajores Grandes,Bocaditos,1.0,100,76
2025-01-18,Galletas Pequeñas,Bocaditos,0.25,200,156
2025-01-18,Galletas Grandes,Bocaditos,1.0,300,292
2025-01-18,Cookie,Bocaditos,2.0,100,76
2025-01-18,Orejitas Pequeñas,Bocaditos,0.25,200,153
2025-01-18,Orejas Grandes,Bocaditos,1.0,100,72
2025-01-18,Beso de Moza,Bocaditos,1.0,80,56
2025-01-18,Caramandugas,Bocaditos,0.25,300,250
2025-01-18,Rosquitas,Bocaditos,0.25,300,254
2025-01-19,Pan Chabatta,Panes,0.25,768,726
2025-01-19,Pan Francés,Panes,0.25,648,617
2025-01-19,Pan Yema Largo,Panes,0.25,360,331
2025-01-19,Pan Yema Redondo,Panes,0.25,360,323
2025-01-19,Pan Chapla,Panes,0.25,144,114
2025-01-19,Pan Coliza,Panes,0.25,192,174
2025-01-19,Pan Integral,Panes,0.25,144,110
2025-01-19,Pan Caracol,Panes,0.25,144,120
2025-01-19,Pan Hamburguesa,Panes,0.4,288,248
2025-01-19,Cachito,Panes,0.25,144,113
2025-01-19,Pan Manjar,Panes,0.3,72,70
2025-01-19,Leche,Abarrotes,4.0,5,3
2025-01-19,Jamon,Abarrotes,2.5,6,4
2025-01-19,Café,Abarrotes,2.0,5,3
2025-01-19,Queso,Abarrotes,3.0,4,2
2025-01-19,Alfajores Pequeños,Bocaditos,0.25,200,157
2025-01-19,Alfajores Grandes,Bocaditos,1.0,100,78
2025-01-19,Galletas Pequeñas,Bocaditos,0.25,200,157
2025-01-19,Galletas Grandes,Bocaditos,1.0,300,293
2025-01-19,Cookie,Bocaditos,2.0,100,73
2025-01-19,Orejitas Pequeñas,Bocaditos,0.25,200,150
2025-01-19,Orejas Grandes,Bocaditos,1.0,100,70
2025-01-19,Beso de Moza,Bocaditos,1.0,80,57
2025-01-19,Caramandugas,Bocaditos,0.25,300,255
2025-01-19,Rosquitas,Bocaditos,0.25,300,253
2025-01-20,Pan Chabatta,Panes,0.25,768,720
2025-01-20,Pan Francés,Panes,0.25,648,610
2025-01-20,Pan Yema Largo,Panes,0.25,360,320
2025-01-20,Pan Yema Redondo,Panes,0.25,360,320
2025-01-20,Pan Chapla,Panes,0.25,144,110
2025-01-20,Pan Coliza,Panes,0.25,192,170
2025-01-20,Pan Integral,Panes,0.25,144,110
2025-01-20,Pan Caracol,Panes,0.25,144,110
2025-01-20,Pan Hamburguesa,Panes,0.4,288,240
2025-01-20,Cachito,Panes,0.25,144,110
2025-01-20,Pan Manjar,Panes,0.3,72,68
2025-01-20,Leche,Abarrotes,4.0,5,2
2025-01-20,Jamon,Abarrotes,2.5,6,3
2025-01-20,Café,Abarrotes,2.0,5,2
2025-01-20,Queso,Abarrotes,3.0,4,2
2025-01-20,Alfajores Pequeños,Bocaditos,0.25,200,150
2025-01-20,Alfajores Grandes,Bocaditos,1.0,100,75
2025-01-20,Galletas Pequeñas,Bocaditos,0.25,200,150
2025-01-20,Galletas Grandes,Bocaditos,1.0,300,290
2025-01-20,Cookie,Bocaditos,2.0,100,70
2025-01-20,Orejitas Pequeñas,Bocaditos,0.25,200,150
2025-01-20,Orejas Grandes,Bocaditos,1.0,100,70
2025-01-20,Beso de Moza,Bocaditos,1.0,80,50
2025-01-20,Caramandugas,Bocaditos,0.25,300,250
2025-01-20,Rosquitas,Bocaditos,0.25,300,250
2025-01-21,Pan Chabatta,Panes,0.25,768,720
2025-01-21,Pan Francés,Panes,0.25,648,610
2025-01-21,Pan Yema Largo,Panes,0.25,360,320
2025-01-21,Pan Yema Redondo,Panes,0.25,360,320
2025-01-21,Pan Chapla,Panes,0.25,144,110
2025-01-21,Pan Coliza,Panes,0.25,192,170
2025-01-21,Pan Integral,Panes,0.25,144,110
2025-01-21,Pan Caracol,Panes,0.25,144,110
2025-01-21,Pan Hamburguesa,Panes,0.4,288,240
2025-01-21,Cachito,Panes,0.25,144,110
2025-01-21,Pan Manjar,Panes,0.3,72,68
2025-01-21,Leche,Abarrotes,4.0,5,2
2025-01-21,Jamon,Abarrotes,2.5,6,3
2025-01-21,Café,Abarrotes,2.0,5,3
2025-01-21,Queso,Abarrotes,3.0,4,3
2025-01-21,Alfajores Pequeños,Bocaditos,0.25,200,150
2025-01-21,Alfajores Grandes,Bocaditos,1.0,100,75
2025-01-21,Galletas Pequeñas,Bocaditos,0.25,200,150
2025-01-21,Galletas Grandes,Bocaditos,1.0,300,290
2025-01-21,Cookie,Bocaditos,2.0,100,70
2025-01-21,Orejitas Pequeñas,Bocaditos,0.25,200,150
2025-01-21,Orejas Grandes,Bocaditos,1.0,100,70
2025-01-21,Beso de Moza,Bocaditos,1.0,80,50
2025-01-21,Caramandugas,Bocaditos,0.25,300,250
2025-01-21,Rosquitas,Bocaditos,0.25,300,250
2025-01-22,Pan Chabatta,Panes,0.25,768,720
2025-01-22,Pan Francés,Panes,0.25,648,610
2025-01-22,Pan Yema Largo,Panes,0.25,360,320
2025-01-22,Pan Yema Redondo,Panes,0.25,360,320
2025-01-22,Pan Chapla,Panes,0.25,144,110
2025-01-22,Pan Coliza,Panes,0.25,192,170
2025-01-22,Pan Integral,Panes,0.25,144,110
2025-01-22,Pan Caracol,Panes,0.25,144,110
2025-01-22,Pan Hamburguesa,Panes,0.4,288,240
2025-01-22,Cachito,Panes,0.25,144,110
2025-01-22,Pan Manjar,Panes,0.3,72,68
2025-01-22,Leche,Abarrotes,4.0,5,2
2025-01-22,Jamon,Abarrotes,2.5,6,4
2025-01-22,Café,Abarrotes,2.0,5,2
2025-01-22,Queso,Abarrotes,3.0,4,2
2025-01-22,Alfajores Pequeños,Bocaditos,0.25,200,150
2025-01-22,Alfajores Grandes,Bocaditos,1.0,100,75
2025-01-22,Galletas Pequeñas,Bocaditos,0.25,200,150
2025-01-22,Galletas Grandes,Bocaditos,1.0,300,290
2025-01-22,Cookie,Bocaditos,2.0,100,70
2025-01-22,Orejitas Pequeñas,Bocaditos,0.25,200,150
2025-01-22,Orejas Grandes,Bocaditos,1.0,100,70
2025-01-22,Beso de Moza,Bocaditos,1.0,80,50
2025-01-22,Caramandugas,Bocaditos,0.25,300,250
2025-01-22,Rosquitas,Bocaditos,0.25,300,250
2025-01-23,Pan Chabatta,Panes,0.25,768,720
2025-01-23,Pan Francés,Panes,0.25,648,610
2025-01-23,Pan Yema Largo,Panes,0.25,360,320
2025-01-23,Pan Yema Redondo,Panes,0.25,360,320
2025-01-23,Pan Chapla,Panes,0.25,144,110
2025-01-23,Pan Coliza,Panes,0.25,192,170
2025-01-23,Pan Integral,Panes,0.25,144,110
2025-01-23,Pan Caracol,Panes,0.25,144,110
2025-01-23,Pan Hamburguesa,Panes,0.4,288,240
2025-01-23,Cachito,Panes,0.25,144,110
2025-01-23,Pan Manjar,Panes,0.3,72,68
2025-01-23,Leche,Abarrotes,4.0,5,2
2025-01-23,Jamon,Abarrotes,2.5,6,3
2025-01-23,Café,Abarrotes,2.0,5,2
2025-01-23,Queso,Abarrotes,3.0,4,2
2025-01-23,Alfajores Pequeños,Bocaditos,0.25,200,150
2025-01-23,Alfajores Grandes,Bocaditos,1.0,100,75
2025-01-23,Galletas Pequeñas,Bocaditos,0.25,200,150
2025-01-23,Galletas Grandes,Bocaditos,1.0,300,290
2025-01-23,Cookie,Bocaditos,2.0,100,70
2025-01-23,Orejitas Pequeñas,Bocaditos,0.25,200,150
2025-01-23,Orejas Grandes,Bocaditos,1.0,100,70
2025-01-23,Beso de Moza,Bocaditos,1.0,80,50
2025-01-23,Caramandugas,Bocaditos,0.25,300,250
2025-01-23,Rosquitas,Bocaditos,0.25,300,250
2025-01-24,Pan Chabatta,Panes,0.25,768,720
2025-01-24,Pan Francés,Panes,0.25,648,610
2025-01-24,Pan Yema Largo,Panes,0.25,360,320
2025-01-24,Pan Yema Redondo,Panes,0.25,360,320
2025-01-24,Pan Chapla,Panes,0.25,144,110
2025-01-24,Pan Coliza,Panes,0.25,192,170
2025-01-24,Pan Integral,Panes,0.25,144,110
2025-01-24,Pan Caracol,Panes,0.25,144,110
2025-01-24,Pan Hamburguesa,Panes,0.4,288,240
2025-01-24,Cachito,Panes,0.25,144,110
2025-01-24,Pan Manjar,Panes,0.3,72,68
2025-01-24,Leche,Abarrotes,4.0,5,2
2025-01-24,Jamon,Abarrotes,2.5,6,4
2025-01-24,Café,Abarrotes,2.0,5,2
2025-01-24,Queso,Abarrotes,3.0,4,3
2025-01-24,Alfajores Pequeños,Bocaditos,0.25,200,150
2025-01-24,Alfajores Grandes,Bocaditos,1.0,100,75
2025-01-24,Galletas Pequeñas,Bocaditos,0.25,200,150
2025-01-24,Galletas Grandes,Bocaditos,1.0,300,290
2025-01-24,Cookie,Bocaditos,2.0,100,70
2025-01-24,Orejitas Pequeñas,Bocaditos,0.25,200,150
2025-01-24,Orejas Grandes,Bocaditos,1.0,100,70
2025-01-24,Beso de Moza,Bocaditos,1.0,80,50
2025-01-24,Caramandugas,Bocaditos,0.25,300,250
2025-01-24,Rosquitas,Bocaditos,0.25,300,250
2025-01-25,Pan Chabatta,Panes,0.25,768,721
2025-01-25,Pan Francés,Panes,0.25,648,618
2025-01-25,Pan Yema Largo,Panes,0.25,360,328
2025-01-25,Pan Yema Redondo,Panes,0.25,360,322
2025-01-25,Pan Chapla,Panes,0.25,144,115
2025-01-25,Pan Coliza,Panes,0.25,192,170
2025-01-25,Pan Integral,Panes,0.25,144,118
2025-01-25,Pan Caracol,Panes,0.25,144,116
2025-01-25,Pan Hamburguesa,Panes,0.4,288,248
2025-01-25,Cachito,Panes,0.25,144,112
2025-01-25,Pan Manjar,Panes,0.3,72,70
2025-01-25,Leche,Abarrotes,4.0,5,3
2025-01-25,Jamon,Abarrotes,2.5,6,6
2025-01-25,Café,Abarrotes,2.0,5,2
2025-01-25,Queso,Abarrotes,3.0,4,3
2025-01-25,Alfajores Pequeños,Bocaditos,0.25,200,160
2025-01-25,Alfajores Grandes,Bocaditos,1.0,100,76
2025-01-25,Galletas Pequeñas,Bocaditos,0.25,200,154
2025-01-25,Galletas Grandes,Bocaditos,1.0,300,291
2025-01-25,Cookie,Bocaditos,2.0,100,76
2025-01-25,Orejitas Pequeñas,Bocaditos,0.25,200,157
2025-01-25,Orejas Grandes,Bocaditos,1.0,100,70
2025-01-25,Beso de Moza,Bocaditos,1.0,80,52
2025-01-25,Caramandugas,Bocaditos,0.25,300,255
2025-01-25,Rosquitas,Bocaditos,0.25,300,255
2025-01-26,Pan Chabatta,Panes,0.25,768,737
2025-01-26,Pan Francés,Panes,0.25,648,617
2025-01-26,Pan Yema Largo,Panes,0.25,360,322
2025-01-26,Pan Yema Redondo,Panes,0.25,360,320
2025-01-26,Pan Chapla,Panes,0.25,144,111
2025-01-26,Pan Coliza,Panes,0.25,192,173
2025-01-26,Pan Integral,Panes,0.25,144,117
2025-01-26,Pan Caracol,Panes,0.25,144,118
2025-01-26,Pan Hamburguesa,Panes,0.4,288,247
2025-01-26,Cachito,Panes,0.25,144,114
2025-01-26,Pan Manjar,Panes,0.3,72,69
2025-01-26,Leche,Abarrotes,4.0,5,3
2025-01-26,Jamon,Abarrotes,2.5,6,5
2025-01-26,Café,Abarrotes,2.0,5,3
2025-01-26,Queso,Abarrotes,3.0,4,4
2025-01-26,Alfajores Pequeños,Bocaditos,0.25,200,159
2025-01-26,Alfajores Grandes,Bocaditos,1.0,100,79
2025-01-26,Galletas Pequeñas,Bocaditos,0.25,200,153
2025-01-26,Galletas Grandes,Bocaditos,1.0,300,291
2025-01-26,Cookie,Bocaditos,2.0,100,76
2025-01-26,Orejitas Pequeñas,Bocaditos,0.25,200,156
2025-01-26,Orejas Grandes,Bocaditos,1.0,100,73
2025-01-26,Beso de Moza,Bocaditos,1.0,80,50
2025-01-26,Caramandugas,Bocaditos,0.25,300,255
2025-01-26,Rosquitas,Bocaditos,0.25,300,255
2025-01-27,Pan Chabatta,Panes,0.25,768,720
2025-01-27,Pan Francés,Panes,0.25,648,610
2025-01-27,Pan Yema Largo,Panes,0.25,360,320
2025-01-27,Pan Yema Redondo,Panes,0.25,360,320
2025-01-27,Pan Chapla,Panes,0.25,144,110
2025-01-27,Pan Coliza,Panes,0.25,192,170
2025-01-27,Pan Integral,Panes,0.25,144,110
2025-01-27,Pan Caracol,Panes,0.25,144,110
2025-01-27,Pan Hamburguesa,Panes,0.4,288,240
2025-01-27,Cachito,Panes,0.25,144,110
2025-01-27,Pan Manjar,Panes,0.3,72,68
2025-01-27,Leche,Abarrotes,4.0,5,3
2025-01-27,Jamon,Abarrotes,2.5,6,3
2025-01-27,Café,Abarrotes,2.0,5,2
2025-01-27,Queso,Abarrotes,3.0,4,2
2025-01-27,Alfajores Pequeños,Bocaditos,0.25,200,150
2025-01-27,Alfajores Grandes,Bocaditos,1.0,100,75
2025-01-27,Galletas Pequeñas,Bocaditos,0.25,200,150
2025-01-27,Galletas Grandes,Bocaditos,1.0,300,290
2025-01-27,Cookie,Bocaditos,2.0,100,70
2025-01-27,Orejitas Pequeñas,Bocaditos,0.25,200,150
2025-01-27,Orejas Grandes,Bocaditos,1.0,100,70
2025-01-27,Beso de Moza,Bocaditos,1.0,80,50
2025-01-27,Caramandugas,Bocaditos,0.25,300,250
2025-01-27,Rosquitas,Bocaditos,0.25,300,250
2025-01-28,Pan Chabatta,Panes,0.25,768,720
2025-01-28,Pan Francés,Panes,0.25,648,610
2025-01-28,Pan Yema Largo,Panes,0.25,360,320
2025-01-28,Pan Yema Redondo,Panes,0.25,360,320
2025-01-28,Pan Chapla,Panes,0.25,144,110
2025-01-28,Pan Coliza,Panes,0.25,192,170
2025-01-28,Pan Integral,Panes,0.25,144,110
2025-01-28,Pan Caracol,Panes,0.25,144,110
2025-01-28,Pan Hamburguesa,Panes,0.4,288,240
2025-01-28,Cachito,Panes,0.25,144,110
2025-01-28,Pan Manjar,Panes,0.3,72,68
2025-01-28,Leche,Abarrotes,4.0,5,3
2025-01-28,Jamon,Abarrotes,2.5,6,3
2025-01-28,Café,Abarrotes,2.0,5,3
2025-01-28,Queso,Abarrotes,3.0,4,2
2025-01-28,Alfajores Pequeños,Bocaditos,0.25,200,150
2025-01-28,Alfajores Grandes,Bocaditos,1.0,100,75
2025-01-28,Galletas Pequeñas,Bocaditos,0.25,200,150
2025-01-28,Galletas Grandes,Bocaditos,1.0,300,290
2025-01-28,Cookie,Bocaditos,2.0,100,70
2025-01-28,Orejitas Pequeñas,Bocaditos,0.25,200,150
2025-01-28,Orejas Grandes,Bocaditos,1.0,100,70
2025-01-28,Beso de Moza,Bocaditos,1.0,80,50
2025-01-28,Caramandugas,Bocaditos,0.25,300,250
2025-01-28,Rosquitas,Bocaditos,0.25,300,250
2025-01-29,Pan Chabatta,Panes,0.25,768,720
2025-01-29,Pan Francés,Panes,0.25,648,610
2025-01-29,Pan Yema Largo,Panes,0.25,360,320
2025-01-29,Pan Yema Redondo,Panes,0.25,360,320
2025-01-29,Pan Chapla,Panes,0.25,144,110
2025-01-29,Pan Coliza,Panes,0.25,192,170
2025-01-29,Pan Integral,Panes,0.25,144,110
2025-01-29,Pan Caracol,Panes,0.25,144,110
2025-01-29,Pan Hamburguesa,Panes,0.4,288,240
2025-01-29,Cachito,Panes,0.25,144,110
2025-01-29,Pan Manjar,Panes,0.3,72,68
2025-01-29,Leche,Abarrotes,4.0,5,2
2025-01-29,Jamon,Abarrotes,2.5,6,3
2025-01-29,Café,Abarrotes,2.0,5,2
2025-01-29,Queso,Abarrotes,3.0,4,2
2025-01-29,Alfajores Pequeños,Bocaditos,0.25,200,150
2025-01-29,Alfajores Grandes,Bocaditos,1.0,100,75
2025-01-29,Galletas Pequeñas,Bocaditos,0.25,200,150
2025-01-29,Galletas Grandes,Bocaditos,1.0,300,290
2025-01-29,Cookie,Bocaditos,2.0,100,70
2025-01-29,Orejitas Pequeñas,Bocaditos,0.25,200,150
2025-01-29,Orejas Grandes,Bocaditos,1.0,100,70
2025-01-29,Beso de Moza,Bocaditos,1.0,80,50
2025-01-29,Caramandugas,Bocaditos,0.25,300,250
2025-01-29,Rosquitas,Bocaditos,0.25,300,250
2025-01-30,Pan Chabatta,Panes,0.25,768,720
2025-01-30,Pan Francés,Panes,0.25,648,610
2025-01-30,Pan Yema Largo,Panes,0.25,360,320
2025-01-30,Pan Yema Redondo,Panes,0.25,360,320
2025-01-30,Pan Chapla,Panes,0.25,144,110
2025-01-30,Pan Coliza,Panes,0.25,192,170
2025-01-30,Pan Integral,Panes,0.25,144,110
2025-01-30,Pan Caracol,Panes,0.25,144,110
2025-01-30,Pan Hamburguesa,Panes,0.4,288,240
2025-01-30,Cachito,Panes,0.25,144,110
2025-01-30,Pan Manjar,Panes,0.3,72,68
2025-01-30,Leche,Abarrotes,4.0,5,2
2025-01-30,Jamon,Abarrotes,2.5,6,4
2025-01-30,Café,Abarrotes,2.0,5,4
2025-01-30,Queso,Abarrotes,3.0,4,2
2025-01-30,Alfajores Pequeños,Bocaditos,0.25,200,150
2025-01-30,Alfajores Grandes,Bocaditos,1.0,100,75
2025-01-30,Galletas Pequeñas,Bocaditos,0.25,200,150
2025-01-30,Galletas Grandes,Bocaditos,1.0,300,290
2025-01-30,Cookie,Bocaditos,2.0,100,70
2025-01-30,Orejitas Pequeñas,Bocaditos,0.25,200,150
2025-01-30,Orejas Grandes,Bocaditos,1.0,100,70
2025-01-30,Beso de Moza,Bocaditos,1.0,80,50
2025-01-30,Caramandugas,Bocaditos,0.25,300,250
2025-01-30,Rosquitas,Bocaditos,0.25,300,250
2025-01-31,Pan Chabatta,Panes,0.25,768,720
2025-01-31,Pan Francés,Panes,0.25,648,610
2025-01-31,Pan Yema Largo,Panes,0.25,360,320
2025-01-31,Pan Yema Redondo,Panes,0.25,360,320
2025-01-31,Pan Chapla,Panes,0.25,144,110
2025-01-31,Pan Coliza,Panes,0.25,192,170
2025-01-31,Pan Integral,Panes,0.25,144,110
2025-01-31,Pan Caracol,Panes,0.25,144,110
2025-01-31,Pan Hamburguesa,Panes,0.4,288,240
2025-01-31,Cachito,Panes,0.25,144,110
2025-01-31,Pan Manjar,Panes,0.3,72,68
2025-01-31,Leche,Abarrotes,4.0,5,2
2025-01-31,Jamon,Abarrotes,2.5,6,3
2025-01-31,Café,Abarrotes,2.0,5,2
2025-01-31,Queso,Abarrotes,3.0,4,2
2025-01-31,Alfajores Pequeños,Bocaditos,0.25,200,150
2025-01-31,Alfajores Grandes,Bocaditos,1.0,100,75
2025-01-31,Galletas Pequeñas,Bocaditos,0.25,200,150
2025-01-31,Galletas Grandes,Bocaditos,1.0,300,290
2025-01-31,Cookie,Bocaditos,2.0,100,70
2025-01-31,Orejitas Pequeñas,Bocaditos,0.25,200,150
2025-01-31,Orejas Grandes,Bocaditos,1.0,100,70
2025-01-31,Beso de Moza,Bocaditos,1.0,80,54
2025-01-31,Caramandugas,Bocaditos,0.25,300,250
2025-01-31,Rosquitas,Bocaditos,0.25,300,250
2025-02-01,Pan Chabatta,Panes,0.25,768,722
2025-02-01,Pan Francés,Panes,0.25,648,618
2025-02-01,Pan Yema Largo,Panes,0.25,360,328
2025-02-01,Pan Yema Redondo,Panes,0.25,360,320
2025-02-01,Pan Chapla,Panes,0.25,144,119
2025-02-01,Pan Coliza,Panes,0.25,192,172
2025-02-01,Pan Integral,Panes,0.25,144,117
2025-02-01,Pan Caracol,Panes,0.25,144,113
2025-02-01,Pan Hamburguesa,Panes,0.4,288,242
2025-02-01,Cachito,Panes,0.25,144,112
2025-02-01,Pan Manjar,Panes,0.3,72,70
2025-02-01,Leche,Abarrotes,4.0,5,4
2025-02-01,Jamon,Abarrotes,2.5,6,4
2025-02-01,Café,Abarrotes,2.0,5,3
2025-02-01,Queso,Abarrotes,3.0,4,3
2025-02-01,Alfajores Pequeños,Bocaditos,0.25,200,151
2025-02-01,Alfajores Grandes,Bocaditos,1.0,100,76
2025-02-01,Galletas Pequeñas,Bocaditos,0.25,200,154
2025-02-01,Galletas Grandes,Bocaditos,1.0,300,294
2025-02-01,Cookie,Bocaditos,2.0,100,70
2025-02-01,Orejitas Pequeñas,Bocaditos,0.25,200,151
2025-02-01,Orejas Grandes,Bocaditos,1.0,100,73
2025-02-01,Beso de Moza,Bocaditos,1.0,80,61
2025-02-01,Caramandugas,Bocaditos,0.25,300,255
2025-02-01,Rosquitas,Bocaditos,0.25,300,258
2025-02-02,Pan Chabatta,Panes,0.25,768,741
2025-02-02,Pan Francés,Panes,0.25,648,615
2025-02-02,Pan Yema Largo,Panes,0.25,360,325
2025-02-02,Pan Yema Redondo,Panes,0.25,360,330
2025-02-02,Pan Chapla,Panes,0.25,144,112
2025-02-02,Pan Coliza,Panes,0.25,192,173
2025-02-02,Pan Integral,Panes,0.25,144,112
2025-02-02,Pan Caracol,Panes,0.25,144,117
2025-02-02,Pan Hamburguesa,Panes,0.4,288,247
2025-02-02,Cachito,Panes,0.25,144,111
2025-02-02,Pan Manjar,Panes,0.3,72,69
2025-02-02,Leche,Abarrotes,4.0,5,5
2025-02-02,Jamon,Abarrotes,2.5,6,3
2025-02-02,Café,Abarrotes,2.0,5,4
2025-02-02,Queso,Abarrotes,3.0,4,3
2025-02-02,Alfajores Pequeños,Bocaditos,0.25,200,150
2025-02-02,Alfajores Grandes,Bocaditos,1.0,100,78
2025-02-02,Galletas Pequeñas,Bocaditos,0.25,200,150
2025-02-02,Galletas Grandes,Bocaditos,1.0,300,290
2025-02-02,Cookie,Bocaditos,2.0,100,75
2025-02-02,Orejitas Pequeñas,Bocaditos,0.25,200,154
2025-02-02,Orejas Grandes,Bocaditos,1.0,100,70
2025-02-02,Beso de Moza,Bocaditos,1.0,80,59
2025-02-02,Caramandugas,Bocaditos,0.25,300,250
2025-02-02,Rosquitas,Bocaditos,0.25,300,251
2025-02-03,Pan Chabatta,Panes,0.25,768,720
2025-02-03,Pan Francés,Panes,0.25,648,610
2025-02-03,Pan Yema Largo,Panes,0.25,360,320
2025-02-03,Pan Yema Redondo,Panes,0.25,360,320
2025-02-03,Pan Chapla,Panes,0.25,144,110
2025-02-03,Pan Coliza,Panes,0.25,192,170
2025-02-03,Pan Integral,Panes,0.25,144,110
2025-02-03,Pan Caracol,Panes,0.25,144,110
2025-02-03,Pan Hamburguesa,Panes,0.4,288,240
2025-02-03,Cachito,Panes,0.25,144,110
2025-02-03,Pan Manjar,Panes,0.3,72,68
2025-02-03,Leche,Abarrotes,4.0,5,3
2025-02-03,Jamon,Abarrotes,2.5,6,3
2025-02-03,Café,Abarrotes,2.0,5,2
2025-02-03,Queso,Abarrotes,3.0,4,3
2025-02-03,Alfajores Pequeños,Bocaditos,0.25,200,150
2025-02-03,Alfajores Grandes,Bocaditos,1.0,100,75
2025-02-03,Galletas Pequeñas,Bocaditos,0.25,200,150
2025-02-03,Galletas Grandes,Bocaditos,1.0,300,290
2025-02-03,Cookie,Bocaditos,2.0,100,70
2025-02-03,Orejitas Pequeñas,Bocaditos,0.25,200,150
2025-02-03,Orejas Grandes,Bocaditos,1.0,100,70
2025-02-03,Beso de Moza,Bocaditos,1.0,80,50
2025-02-03,Caramandugas,Bocaditos,0.25,300,250
2025-02-03,Rosquitas,Bocaditos,0.25,300,250
2025-02-04,Pan Chabatta,Panes,0.25,768,720
2025-02-04,Pan Francés,Panes,0.25,648,610
2025-02-04,Pan Yema Largo,Panes,0.25,360,320
2025-02-04,Pan Yema Redondo,Panes,0.25,360,320
2025-02-04,Pan Chapla,Panes,0.25,144,110
2025-02-04,Pan Coliza,Panes,0.25,192,170
2025-02-04,Pan Integral,Panes,0.25,144,110
2025-02-04,Pan Caracol,Panes,0.25,144,110
2025-02-04,Pan Hamburguesa,Panes,0.4,288,240
2025-02-04,Cachito,Panes,0.25,144,110
2025-02-04,Pan Manjar,Panes,0.3,72,68
2025-02-04,Leche,Abarrotes,4.0,5,2
2025-02-04,Jamon,Abarrotes,2.5,6,3
2025-02-04,Café,Abarrotes,2.0,5,3
2025-02-04,Queso,Abarrotes,3.0,4,2
2025-02-04,Alfajores Pequeños,Bocaditos,0.25,200,150
2025-02-04,Alfajores Grandes,Bocaditos,1.0,100,75
2025-02-04,Galletas Pequeñas,Bocaditos,0.25,200,150
2025-02-04,Galletas Grandes,Bocaditos,1.0,300,290
2025-02-04,Cookie,Bocaditos,2.0,100,70
2025-02-04,Orejitas Pequeñas,Bocaditos,0.25,200,150
2025-02-04,Orejas Grandes,Bocaditos,1.0,100,70
2025-02-04,Beso de Moza,Bocaditos,1.0,80,50
2025-02-04,Caramandugas,Bocaditos,0.25,300,250
2025-02-04,Rosquitas,Bocaditos,0.25,300,250
2025-02-05,Pan Chabatta,Panes,0.25,768,720
2025-02-05,Pan Francés,Panes,0.25,648,610
2025-02-05,Pan Yema Largo,Panes,0.25,360,320
2025-02-05,Pan Yema Redondo,Panes,0.25,360,320
2025-02-05,Pan Chapla,Panes,0.25,144,110
2025-02-05,Pan Coliza,Panes,0.25,192,170
2025-02-05,Pan Integral,Panes,0.25,144,110
2025-02-05,Pan Caracol,Panes,0.25,144,110
2025-02-05,Pan Hamburguesa,Panes,0.4,288,240
2025-02-05,Cachito,Panes,0.25,144,110
2025-02-05,Pan Manjar,Panes,0.3,72,68
2025-02-05,Leche,Abarrotes,4.0,5,3
2025-02-05,Jamon,Abarrotes,2.5,6,4
2025-02-05,Café,Abarrotes,2.0,5,2
2025-02-05,Queso,Abarrotes,3.0,4,2
2025-02-05,Alfajores Pequeños,Bocaditos,0.25,200,150
2025-02-05,Alfajores Grandes,Bocaditos,1.0,100,75
2025-02-05,Galletas Pequeñas,Bocaditos,0.25,200,150
2025-02-05,Galletas Grandes,Bocaditos,1.0,300,290
2025-02-05,Cookie,Bocaditos,2.0,100,70
2025-02-05,Orejitas Pequeñas,Bocaditos,0.25,200,150
2025-02-05,Orejas Grandes,Bocaditos,1.0,100,70
2025-02-05,Beso de Moza,Bocaditos,1.0,80,50
2025-02-05,Caramandugas,Bocaditos,0.25,300,250
2025-02-05,Rosquitas,Bocaditos,0.25,300,250
2025-02-06,Pan Chabatta,Panes,0.25,768,720
2025-02-06,Pan Francés,Panes,0.25,648,610
2025-02-06,Pan Yema Largo,Panes,0.25,360,320
2025-02-06,Pan Yema Redondo,Panes,0.25,360,320
2025-02-06,Pan Chapla,Panes,0.25,144,110
2025-02-06,Pan Coliza,Panes,0.25,192,170
2025-02-06,Pan Integral,Panes,0.25,144,110
2025-02-06,Pan Caracol,Panes,0.25,144,110
2025-02-06,Pan Hamburguesa,Panes,0.4,288,240
2025-02-06,Cachito,Panes,0.25,144,110
2025-02-06,Pan Manjar,Panes,0.3,72,68
2025-02-06,Leche,Abarrotes,4.0,5,2
2025-02-06,Jamon,Abarrotes,2.5,6,4
2025-02-06,Café,Abarrotes,2.0,5,2
2025-02-06,Queso,Abarrotes,3.0,4,3
2025-02-06,Alfajores Pequeños,Bocaditos,0.25,200,150
2025-02-06,Alfajores Grandes,Bocaditos,1.0,100,75
2025-02-06,Galletas Pequeñas,Bocaditos,0.25,200,150
2025-02-06,Galletas Grandes,Bocaditos,1.0,300,290
2025-02-06,Cookie,Bocaditos,2.0,100,70
2025-02-06,Orejitas Pequeñas,Bocaditos,0.25,200,150
2025-02-06,Orejas Grandes,Bocaditos,1.0,100,70
2025-02-06,Beso de Moza,Bocaditos,1.0,80,50
2025-02-06,Caramandugas,Bocaditos,0.25,300,250
2025-02-06,Rosquitas,Bocaditos,0.25,300,250
2025-02-07,Pan Chabatta,Panes,0.25,768,720
2025-02-07,Pan Francés,Panes,0.25,648,610
2025-02-07,Pan Yema Largo,Panes,0.25,360,320
2025-02-07,Pan Yema Redondo,Panes,0.25,360,320
2025-02-07,Pan Chapla,Panes,0.25,144,110
2025-02-07,Pan Coliza,Panes,0.25,192,170
2025-02-07,Pan Integral,Panes,0.25,144,110
2025-02-07,Pan Caracol,Panes,0.25,144,110
2025-02-07,Pan Hamburguesa,Panes,0.4,288,240
2025-02-07,Cachito,Panes,0.25,144,110
2025-02-07,Pan Manjar,Panes,0.3,72,68
2025-02-07,Leche,Abarrotes,4.0,5,2
2025-02-07,Jamon,Abarrotes,2.5,6,4
2025-02-07,Café,Abarrotes,2.0,5,2
2025-02-07,Queso,Abarrotes,3.0,4,3
2025-02-07,Alfajores Pequeños,Bocaditos,0.25,200,150
2025-02-07,Alfajores Grandes,Bocaditos,1.0,100,75
2025-02-07,Galletas Pequeñas,Bocaditos,0.25,200,150
2025-02-07,Galletas Grandes,Bocaditos,1.0,300,290
2025-02-07,Cookie,Bocaditos,2.0,100,70
2025-02-07,Orejitas Pequeñas,Bocaditos,0.25,200,150
2025-02-07,Orejas Grandes,Bocaditos,1.0,100,70
2025-02-07,Beso de Moza,Bocaditos,1.0,80,55
2025-02-07,Caramandugas,Bocaditos,0.25,300,250
2025-02-07,Rosquitas,Bocaditos,0.25,300,250
2025-02-08,Pan Chabatta,Panes,0.25,768,723
2025-02-08,Pan Francés,Panes,0.25,648,621
2025-02-08,Pan Yema Largo,Panes,0.25,360,320
2025-02-08,Pan Yema Redondo,Panes,0.25,360,320
2025-02-08,Pan Chapla,Panes,0.25,144,111
2025-02-08,Pan Coliza,Panes,0.25,192,173
2025-02-08,Pan Integral,Panes,0.25,144,116
2025-02-08,Pan Caracol,Panes,0.25,144,117
2025-02-08,Pan Hamburguesa,Panes,0.4,288,242
2025-02-08,Cachito,Panes,0.25,144,111
2025-02-08,Pan Manjar,Panes,0.3,72,69
2025-02-08,Leche,Abarrotes,4.0,5,2
2025-02-08,Jamon,Abarrotes,2.5,6,4
2025-02-08,Café,Abarrotes,2.0,5,3
2025-02-08,Queso,Abarrotes,3.0,4,3
2025-02-08,Alfajores Pequeños,Bocaditos,0.25,200,151
2025-02-08,Alfajores Grandes,Bocaditos,1.0,100,76
2025-02-08,Galletas Pequeñas,Bocaditos,0.25,200,151
2025-02-08,Galletas Grandes,Bocaditos,1.0,300,293
2025-02-08,Cookie,Bocaditos,2.0,100,70
2025-02-08,Orejitas Pequeñas,Bocaditos,0.25,200,150
2025-02-08,Orejas Grandes,Bocaditos,1.0,100,74
2025-02-08,Beso de Moza,Bocaditos,1.0,80,50
2025-02-08,Caramandugas,Bocaditos,0.25,300,250
2025-02-08,Rosquitas,Bocaditos,0.25,300,259
2025-02-09,Pan Chabatta,Panes,0.25,768,729
2025-02-09,Pan Francés,Panes,0.25,648,616
2025-02-09,Pan Yema Largo,Panes,0.25,360,329
2025-02-09,Pan Yema Redondo,Panes,0.25,360,325
2025-02-09,Pan Chapla,Panes,0.25,144,110
2025-02-09,Pan Coliza,Panes,0.25,192,172
2025-02-09,Pan Integral,Panes,0.25,144,110
2025-02-09,Pan Caracol,Panes,0.25,144,110
2025-02-09,Pan Hamburguesa,Panes,0.4,288,244
2025-02-09,Cachito,Panes,0.25,144,119
2025-02-09,Pan Manjar,Panes,0.3,72,70
2025-02-09,Leche,Abarrotes,4.0,5,2
2025-02-09,Jamon,Abarrotes,2.5,6,3
2025-02-09,Café,Abarrotes,2.0,5,3
2025-02-09,Queso,Abarrotes,3.0,4,4
2025-02-09,Alfajores Pequeños,Bocaditos,0.25,200,152
2025-02-09,Alfajores Grandes,Bocaditos,1.0,100,76
2025-02-09,Galletas Pequeñas,Bocaditos,0.25,200,158
2025-02-09,Galletas Grandes,Bocaditos,1.0,300,294
2025-02-09,Cookie,Bocaditos,2.0,100,73
2025-02-09,Orejitas Pequeñas,Bocaditos,0.25,200,152
2025-02-09,Orejas Grandes,Bocaditos,1.0,100,70
2025-02-09,Beso de Moza,Bocaditos,1.0,80,56
2025-02-09,Caramandugas,Bocaditos,0.25,300,253
2025-02-09,Rosquitas,Bocaditos,0.25,300,252
2025-02-10,Pan Chabatta,Panes,0.25,768,720
2025-02-10,Pan Francés,Panes,0.25,648,610
2025-02-10,Pan Yema Largo,Panes,0.25,360,320
2025-02-10,Pan Yema Redondo,Panes,0.25,360,320
2025-02-10,Pan Chapla,Panes,0.25,144,110
2025-02-10,Pan Coliza,Panes,0.25,192,170
2025-02-10,Pan Integral,Panes,0.25,144,110
2025-02-10,Pan Caracol,Panes,0.25,144,110
2025-02-10,Pan Hamburguesa,Panes,0.4,288,240
2025-02-10,Cachito,Panes,0.25,144,110
2025-02-10,Pan Manjar,Panes,0.3,72,68
2025-02-10,Leche,Abarrotes,4.0,5,2
2025-02-10,Jamon,Abarrotes,2.5,6,3
2025-02-10,Café,Abarrotes,2.0,5,2
2025-02-10,Queso,Abarrotes,3.0,4,2
2025-02-10,Alfajores Pequeños,Bocaditos,0.25,200,150
2025-02-10,Alfajores Grandes,Bocaditos,1.0,100,75
2025-02-10,Galletas Pequeñas,Bocaditos,0.25,200,150
2025-02-10,Galletas Grandes,Bocaditos,1.0,300,290
2025-02-10,Cookie,Bocaditos,2.0,100,70
2025-02-10,Orejitas Pequeñas,Bocaditos,0.25,200,150
2025-02-10,Orejas Grandes,Bocaditos,1.0,100,70
2025-02-10,Beso de Moza,Bocaditos,1.0,80,50
2025-02-10,Caramandugas,Bocaditos,0.25,300,250
2025-02-10,Rosquitas,Bocaditos,0.25,300,250
2025-02-11,Pan Chabatta,Panes,0.25,768,720
2025-02-11,Pan Francés,Panes,0.25,648,610
2025-02-11,Pan Yema Largo,Panes,0.25,360,320
2025-02-11,Pan Yema Redondo,Panes,0.25,360,320
2025-02-11,Pan Chapla,Panes,0.25,144,110
2025-02-11,Pan Coliza,Panes,0.25,192,170
2025-02-11,Pan Integral,Panes,0.25,144,110
2025-02-11,Pan Caracol,Panes,0.25,144,110
2025-02-11,Pan Hamburguesa,Panes,0.4,288,240
2025-02-11,Cachito,Panes,0.25,144,110
2025-02-11,Pan Manjar,Panes,0.3,72,68
2025-02-11,Leche,Abarrotes,4.0,5,3
2025-02-11,Jamon,Abarrotes,2.5,6,3
2025-02-11,Café,Abarrotes,2.0,5,2
2025-02-11,Queso,Abarrotes,3.0,4,2
2025-02-11,Alfajores Pequeños,Bocaditos,0.25,200,150
2025-02-11,Alfajores Grandes,Bocaditos,1.0,100,75
2025-02-11,Galletas Pequeñas,Bocaditos,0.25,200,150
2025-02-11,Galletas Grandes,Bocaditos,1.0,300,290
2025-02-11,Cookie,Bocaditos,2.0,100,70
2025-02-11,Orejitas Pequeñas,Bocaditos,0.25,200,150
2025-02-11,Orejas Grandes,Bocaditos,1.0,100,70
2025-02-11,Beso de Moza,Bocaditos,1.0,80,50
2025-02-11,Caramandugas,Bocaditos,0.25,300,250
2025-02-11,Rosquitas,Bocaditos,0.25,300,250
2025-02-12,Pan Chabatta,Panes,0.25,768,720
2025-02-12,Pan Francés,Panes,0.25,648,610
2025-02-12,Pan Yema Largo,Panes,0.25,360,320
2025-02-12,Pan Yema Redondo,Panes,0.25,360,320
2025-02-12,Pan Chapla,Panes,0.25,144,110
2025-02-12,Pan Coliza,Panes,0.25,192,170
2025-02-12,Pan Integral,Panes,0.25,144,110
2025-02-12,Pan Caracol,Panes,0.25,144,110
2025-02-12,Pan Hamburguesa,Panes,0.4,288,240
2025-02-12,Cachito,Panes,0.25,144,110
2025-02-12,Pan Manjar,Panes,0.3,72,68
2025-02-12,Leche,Abarrotes,4.0,5,2
2025-02-12,Jamon,Abarrotes,2.5,6,5
2025-02-12,Café,Abarrotes,2.0,5,4
2025-02-12,Queso,Abarrotes,3.0,4,2
2025-02-12,Alfajores Pequeños,Bocaditos,0.25,200,150
2025-02-12,Alfajores Grandes,Bocaditos,1.0,100,75
2025-02-12,Galletas Pequeñas,Bocaditos,0.25,200,150
2025-02-12,Galletas Grandes,Bocaditos,1.0,300,290
2025-02-12,Cookie,Bocaditos,2.0,100,70
2025-02-12,Orejitas Pequeñas,Bocaditos,0.25,200,150
2025-02-12,Orejas Grandes,Bocaditos,1.0,100,70
2025-02-12,Beso de Moza,Bocaditos,1.0,80,50
2025-02-12,Caramandugas,Bocaditos,0.25,300,250
2025-02-12,Rosquitas,Bocaditos,0.25,300,250
2025-02-13,Pan Chabatta,Panes,0.25,768,720
2025-02-13,Pan Francés,Panes,0.25,648,610
2025-02-13,Pan Yema Largo,Panes,0.25,360,320
2025-02-13,Pan Yema Redondo,Panes,0.25,360,320
2025-02-13,Pan Chapla,Panes,0.25,144,110
2025-02-13,Pan Coliza,Panes,0.25,192,170
2025-02-13,Pan Integral,Panes,0.25,144,110
2025-02-13,Pan Caracol,Panes,0.25,144,110
2025-02-13,Pan Hamburguesa,Panes,0.4,288,240
2025-02-13,Cachito,Panes,0.25,144,110
2025-02-13,Pan Manjar,Panes,0.3,72,68
2025-02-13,Leche,Abarrotes,4.0,5,3
2025-02-13,Jamon,Abarrotes,2.5,6,3
2025-02-13,Café,Abarrotes,2.0,5,2
2025-02-13,Queso,Abarrotes,3.0,4,3
2025-02-13,Alfajores Pequeños,Bocaditos,0.25,200,150
2025-02-13,Alfajores Grandes,Bocaditos,1.0,100,75
2025-02-13,Galletas Pequeñas,Bocaditos,0.25,200,150
2025-02-13,Galletas Grandes,Bocaditos,1.0,300,290
2025-02-13,Cookie,Bocaditos,2.0,100,70
2025-02-13,Orejitas Pequeñas,Bocaditos,0.25,200,150
2025-02-13,Orejas Grandes,Bocaditos,1.0,100,70
2025-02-13,Beso de Moza,Bocaditos,1.0,80,50
2025-02-13,Caramandugas,Bocaditos,0.25,300,250
2025-02-13,Rosquitas,Bocaditos,0.25,300,250
2025-02-14,Pan Chabatta,Panes,0.25,768,720
2025-02-14,Pan Francés,Panes,0.25,648,610
2025-02-14,Pan Yema Largo,Panes,0.25,360,320
2025-02-14,Pan Yema Redondo,Panes,0.25,360,320
2025-02-14,Pan Chapla,Panes,0.25,144,110
2025-02-14,Pan Coliza,Panes,0.25,192,170
2025-02-14,Pan Integral,Panes,0.25,144,110
2025-02-14,Pan Caracol,Panes,0.25,144,110
2025-02-14,Pan Hamburguesa,Panes,0.4,288,240
2025-02-14,Cachito,Panes,0.25,144,110
2025-02-14,Pan Manjar,Panes,0.3,72,68
2025-02-14,Leche,Abarrotes,4.0,5,2
2025-02-14,Jamon,Abarrotes,2.5,6,3
2025-02-14,Café,Abarrotes,2.0,5,2
2025-02-14,Queso,Abarrotes,3.0,4,2
2025-02-14,Alfajores Pequeños,Bocaditos,0.25,200,150
2025-02-14,Alfajores Grandes,Bocaditos,1.0,100,75
2025-02-14,Galletas Pequeñas,Bocaditos,0.25,200,150
2025-02-14,Galletas Grandes,Bocaditos,1.0,300,290
2025-02-14,Cookie,Bocaditos,2.0,100,70
2025-02-14,Orejitas Pequeñas,Bocaditos,0.25,200,150
2025-02-14,Orejas Grandes,Bocaditos,1.0,100,70
2025-02-14,Beso de Moza,Bocaditos,1.0,80,53
2025-02-14,Caramandugas,Bocaditos,0.25,300,250
2025-02-14,Rosquitas,Bocaditos,0.25,300,250
2025-02-15,Pan Chabatta,Panes,0.25,768,732
2025-02-15,Pan Francés,Panes,0.25,648,621
2025-02-15,Pan Yema Largo,Panes,0.25,360,329
2025-02-15,Pan Yema Redondo,Panes,0.25,360,325
2025-02-15,Pan Chapla,Panes,0.25,144,115
2025-02-15,Pan Coliza,Panes,0.25,192,175
2025-02-15,Pan Integral,Panes,0.25,144,115
2025-02-15,Pan Caracol,Panes,0.25,144,110
2025-02-15,Pan Hamburguesa,Panes,0.4,288,245
2025-02-15,Cachito,Panes,0.25,144,113
2025-02-15,Pan Manjar,Panes,0.3,72,69
2025-02-15,Leche,Abarrotes,4.0,5,2
2025-02-15,Jamon,Abarrotes,2.5,6,3
2025-02-15,Café,Abarrotes,2.0,5,4
2025-02-15,Queso,Abarrotes,3.0,4,2
2025-02-15,Alfajores Pequeños,Bocaditos,0.25,200,160
2025-02-15,Alfajores Grandes,Bocaditos,1.0,100,79
2025-02-15,Galletas Pequeñas,Bocaditos,0.25,200,156
2025-02-15,Galletas Grandes,Bocaditos,1.0,300,290
2025-02-15,Cookie,Bocaditos,2.0,100,76
2025-02-15,Orejitas Pequeñas,Bocaditos,0.25,200,157
2025-02-15,Orejas Grandes,Bocaditos,1.0,100,74
2025-02-15,Beso de Moza,Bocaditos,1.0,80,50
2025-02-15,Caramandugas,Bocaditos,0.25,300,254
2025-02-15,Rosquitas,Bocaditos,0.25,300,257
2025-02-16,Pan Chabatta,Panes,0.25,768,731
2025-02-16,Pan Francés,Panes,0.25,648,612
2025-02-16,Pan Yema Largo,Panes,0.25,360,320
2025-02-16,Pan Yema Redondo,Panes,0.25,360,320
2025-02-16,Pan Chapla,Panes,0.25,144,119
2025-02-16,Pan Coliza,Panes,0.25,192,170
2025-02-16,Pan Integral,Panes,0.25,144,121
2025-02-16,Pan Caracol,Panes,0.25,144,112
2025-02-16,Pan Hamburguesa,Panes,0.4,288,244
2025-02-16,Cachito,Panes,0.25,144,116
2025-02-16,Pan Manjar,Panes,0.3,72,71
2025-02-16,Leche,Abarrotes,4.0,5,3
2025-02-16,Jamon,Abarrotes,2.5,6,4
2025-02-16,Café,Abarrotes,2.0,5,4
2025-02-16,Queso,Abarrotes,3.0,4,2
2025-02-16,Alfajores Pequeños,Bocaditos,0.25,200,160
2025-02-16,Alfajores Grandes,Bocaditos,1.0,100,79
2025-02-16,Galletas Pequeñas,Bocaditos,0.25,200,153
2025-02-16,Galletas Grandes,Bocaditos,1.0,300,295
2025-02-16,Cookie,Bocaditos,2.0,100,73
2025-02-16,Orejitas Pequeñas,Bocaditos,0.25,200,152
2025-02-16,Orejas Grandes,Bocaditos,1.0,100,72
2025-02-16,Beso de Moza,Bocaditos,1.0,80,58
2025-02-16,Caramandugas,Bocaditos,0.25,300,257
2025-02-16,Rosquitas,Bocaditos,0.25,300,257
2025-02-17,Pan Chabatta,Panes,0.25,768,720
2025-02-17,Pan Francés,Panes,0.25,648,610
2025-02-17,Pan Yema Largo,Panes,0.25,360,320
2025-02-17,Pan Yema Redondo,Panes,0.25,360,320
2025-02-17,Pan Chapla,Panes,0.25,144,110
2025-02-17,Pan Coliza,Panes,0.25,192,170
2025-02-17,Pan Integral,Panes,0.25,144,110
2025-02-17,Pan Caracol,Panes,0.25,144,110
2025-02-17,Pan Hamburguesa,Panes,0.4,288,240
2025-02-17,Cachito,Panes,0.25,144,110
2025-02-17,Pan Manjar,Panes,0.3,72,68
2025-02-17,Leche,Abarrotes,4.0,5,3
2025-02-17,Jamon,Abarrotes,2.5,6,3
2025-02-17,Café,Abarrotes,2.0,5,2
2025-02-17,Queso,Abarrotes,3.0,4,2
2025-02-17,Alfajores Pequeños,Bocaditos,0.25,200,150
2025-02-17,Alfajores Grandes,Bocaditos,1.0,100,75
2025-02-17,Galletas Pequeñas,Bocaditos,0.25,200,150
2025-02-17,Galletas Grandes,Bocaditos,1.0,300,290
2025-02-17,Cookie,Bocaditos,2.0,100,70
2025-02-17,Orejitas Pequeñas,Bocaditos,0.25,200,150
2025-02-17,Orejas Grandes,Bocaditos,1.0,100,70
2025-02-17,Beso de Moza,Bocaditos,1.0,80,50
2025-02-17,Caramandugas,Bocaditos,0.25,300,250
2025-02-17,Rosquitas,Bocaditos,0.25,300,250
2025-02-18,Pan Chabatta,Panes,0.25,768,720
2025-02-18,Pan Francés,Panes,0.25,648,610
2025-02-18,Pan Yema Largo,Panes,0.25,360,320
2025-02-18,Pan Yema Redondo,Panes,0.25,360,320
2025-02-18,Pan Chapla,Panes,0.25,144,110
2025-02-18,Pan Coliza,Panes,0.25,192,170
2025-02-18,Pan Integral,Panes,0.25,144,110
2025-02-18,Pan Caracol,Panes,0.25,144,110
2025-02-18,Pan Hamburguesa,Panes,0.4,288,240
2025-02-18,Cachito,Panes,0.25,144,110
2025-02-18,Pan Manjar,Panes,0.3,72,68
2025-02-18,Leche,Abarrotes,4.0,5,2
2025-02-18,Jamon,Abarrotes,2.5,6,3
2025-02-18,Café,Abarrotes,2.0,5,2
2025-02-18,Queso,Abarrotes,3.0,4,3
2025-02-18,Alfajores Pequeños,Bocaditos,0.25,200,150
2025-02-18,Alfajores Grandes,Bocaditos,1.0,100,75
2025-02-18,Galletas Pequeñas,Bocaditos,0.25,200,150
2025-02-18,Galletas Grandes,Bocaditos,1.0,300,290
2025-02-18,Cookie,Bocaditos,2.0,100,70
2025-02-18,Orejitas Pequeñas,Bocaditos,0.25,200,150
2025-02-18,Orejas Grandes,Bocaditos,1.0,100,70
2025-02-18,Beso de Moza,Bocaditos,1.0,80,50
2025-02-18,Caramandugas,Bocaditos,0.25,300,250
2025-02-18,Rosquitas,Bocaditos,0.25,300,250
2025-02-19,Pan Chabatta,Panes,0.25,768,720
2025-02-19,Pan Francés,Panes,0.25,648,610
2025-02-19,Pan Yema Largo,Panes,0.25,360,320
2025-02-19,Pan Yema Redondo,Panes,0.25,360,320
2025-02-19,Pan Chapla,Panes,0.25,144,110
2025-02-19,Pan Coliza,Panes,0.25,192,170
2025-02-19,Pan Integral,Panes,0.25,144,110
2025-02-19,Pan Caracol,Panes,0.25,144,110
2025-02-19,Pan Hamburguesa,Panes,0.4,288,240
2025-02-19,Cachito,Panes,0.25,144,110
2025-02-19,Pan Manjar,Panes,0.3,72,68
2025-02-19,Leche,Abarrotes,4.0,5,3
2025-02-19,Jamon,Abarrotes,2.5,6,3
2025-02-19,Café,Abarrotes,2.0,5,2
2025-02-19,Queso,Abarrotes,3.0,4,2
2025-02-19,Alfajores Pequeños,Bocaditos,0.25,200,150
2025-02-19,Alfajores Grandes,Bocaditos,1.0,100,75
2025-02-19,Galletas Pequeñas,Bocaditos,0.25,200,150
2025-02-19,Galletas Grandes,Bocaditos,1.0,300,290
2025-02-19,Cookie,Bocaditos,2.0,100,70
2025-02-19,Orejitas Pequeñas,Bocaditos,0.25,200,150
2025-02-19,Orejas Grandes,Bocaditos,1.0,100,70
2025-02-19,Beso de Moza,Bocaditos,1.0,80,50
2025-02-19,Caramandugas,Bocaditos,0.25,300,250
2025-02-19,Rosquitas,Bocaditos,0.25,300,250
2025-02-20,Pan Chabatta,Panes,0.25,768,720
2025-02-20,Pan Francés,Panes,0.25,648,610
2025-02-20,Pan Yema Largo,Panes,0.25,360,320
2025-02-20,Pan Yema Redondo,Panes,0.25,360,320
2025-02-20,Pan Chapla,Panes,0.25,144,110
2025-02-20,Pan Coliza,Panes,0.25,192,170
2025-02-20,Pan Integral,Panes,0.25,144,110
2025-02-20,Pan Caracol,Panes,0.25,144,110
2025-02-20,Pan Hamburguesa,Panes,0.4,288,240
2025-02-20,Cachito,Panes,0.25,144,110
2025-02-20,Pan Manjar,Panes,0.3,72,68
2025-02-20,Leche,Abarrotes,4.0,5,2
2025-02-20,Jamon,Abarrotes,2.5,6,3
2025-02-20,Café,Abarrotes,2.0,5,2
2025-02-20,Queso,Abarrotes,3.0,4,2
2025-02-20,Alfajores Pequeños,Bocaditos,0.25,200,150
2025-02-20,Alfajores Grandes,Bocaditos,1.0,100,75
2025-02-20,Galletas Pequeñas,Bocaditos,0.25,200,150
2025-02-20,Galletas Grandes,Bocaditos,1.0,300,290
2025-02-20,Cookie,Bocaditos,2.0,100,70
2025-02-20,Orejitas Pequeñas,Bocaditos,0.25,200,150
2025-02-20,Orejas Grandes,Bocaditos,1.0,100,70
2025-02-20,Beso de Moza,Bocaditos,1.0,80,50
2025-02-20,Caramandugas,Bocaditos,0.25,300,250
2025-02-20,Rosquitas,Bocaditos,0.25,300,250
2025-02-21,Pan Chabatta,Panes,0.25,768,720
2025-02-21,Pan Francés,Panes,0.25,648,610
2025-02-21,Pan Yema Largo,Panes,0.25,360,320
2025-02-21,Pan Yema Redondo,Panes,0.25,360,320
2025-02-21,Pan Chapla,Panes,0.25,144,110
2025-02-21,Pan Coliza,Panes,0.25,192,170
2025-02-21,Pan Integral,Panes,0.25,144,110
2025-02-21,Pan Caracol,Panes,0.25,144,110
2025-02-21,Pan Hamburguesa,Panes,0.4,288,240
2025-02-21,Cachito,Panes,0.25,144,110
2025-02-21,Pan Manjar,Panes,0.3,72,68
2025-02-21,Leche,Abarrotes,4.0,5,2
2025-02-21,Jamon,Abarrotes,2.5,6,4
2025-02-21,Café,Abarrotes,2.0,5,2
2025-02-21,Queso,Abarrotes,3.0,4,2
2025-02-21,Alfajores Pequeños,Bocaditos,0.25,200,150
2025-02-21,Alfajores Grandes,Bocaditos,1.0,100,75
2025-02-21,Galletas Pequeñas,Bocaditos,0.25,200,150
2025-02-21,Galletas Grandes,Bocaditos,1.0,300,290
2025-02-21,Cookie,Bocaditos,2.0,100,70
2025-02-21,Orejitas Pequeñas,Bocaditos,0.25,200,150
2025-02-21,Orejas Grandes,Bocaditos,1.0,100,70
2025-02-21,Beso de Moza,Bocaditos,1.0,80,50
2025-02-21,Caramandugas,Bocaditos,0.25,300,250
2025-02-21,Rosquitas,Bocaditos,0.25,300,250
2025-02-22,Pan Chabatta,Panes,0.25,768,728
2025-02-22,Pan Francés,Panes,0.25,648,611
2025-02-22,Pan Yema Largo,Panes,0.25,360,329
2025-02-22,Pan Yema Redondo,Panes,0.25,360,324
2025-02-22,Pan Chapla,Panes,0.25,144,115
2025-02-22,Pan Coliza,Panes,0.25,192,175
2025-02-22,Pan Integral,Panes,0.25,144,119
2025-02-22,Pan Caracol,Panes,0.25,144,113
2025-02-22,Pan Hamburguesa,Panes,0.4,288,245
2025-02-22,Cachito,Panes,0.25,144,116
2025-02-22,Pan Manjar,Panes,0.3,72,69
2025-02-22,Leche,Abarrotes,4.0,5,4
2025-02-22,Jamon,Abarrotes,2.5,6,3
2025-02-22,Café,Abarrotes,2.0,5,4
2025-02-22,Queso,Abarrotes,3.0,4,2
2025-02-22,Alfajores Pequeños,Bocaditos,0.25,200,152
2025-02-22,Alfajores Grandes,Bocaditos,1.0,100,78
2025-02-22,Galletas Pequeñas,Bocaditos,0.25,200,152
2025-02-22,Galletas Grandes,Bocaditos,1.0,300,295
2025-02-22,Cookie,Bocaditos,2.0,100,71
2025-02-22,Orejitas Pequeñas,Bocaditos,0.25,200,152
2025-02-22,Orejas Grandes,Bocaditos,1.0,100,76
2025-02-22,Beso de Moza,Bocaditos,1.0,80,57
2025-02-22,Caramandugas,Bocaditos,0.25,300,253
2025-02-22,Rosquitas,Bocaditos,0.25,300,255
2025-02-23,Pan Chabatta,Panes,0.25,768,726
2025-02-23,Pan Francés,Panes,0.25,648,617
2025-02-23,Pan Yema Largo,Panes,0.25,360,324
2025-02-23,Pan Yema Redondo,Panes,0.25,360,328
2025-02-23,Pan Chapla,Panes,0.25,144,114
2025-02-23,Pan Coliza,Panes,0.25,192,173
2025-02-23,Pan Integral,Panes,0.25,144,116
2025-02-23,Pan Caracol,Panes,0.25,144,114
2025-02-23,Pan Hamburguesa,Panes,0.4,288,240
2025-02-23,Cachito,Panes,0.25,144,119
2025-02-23,Pan Manjar,Panes,0.3,72,69
2025-02-23,Leche,Abarrotes,4.0,5,5
2025-02-23,Jamon,Abarrotes,2.5,6,3
2025-02-23,Café,Abarrotes,2.0,5,4
2025-02-23,Queso,Abarrotes,3.0,4,3
2025-02-23,Alfajores Pequeños,Bocaditos,0.25,200,150
2025-02-23,Alfajores Grandes,Bocaditos,1.0,100,78
2025-02-23,Galletas Pequeñas,Bocaditos,0.25,200,150
2025-02-23,Galletas Grandes,Bocaditos,1.0,300,290
2025-02-23,Cookie,Bocaditos,2.0,100,76
2025-02-23,Orejitas Pequeñas,Bocaditos,0.25,200,151
2025-02-23,Orejas Grandes,Bocaditos,1.0,100,75
2025-02-23,Beso de Moza,Bocaditos,1.0,80,53
2025-02-23,Caramandugas,Bocaditos,0.25,300,250
2025-02-23,Rosquitas,Bocaditos,0.25,300,254
2025-02-24,Pan Chabatta,Panes,0.25,768,720
2025-02-24,Pan Francés,Panes,0.25,648,610
2025-02-24,Pan Yema Largo,Panes,0.25,360,320
2025-02-24,Pan Yema Redondo,Panes,0.25,360,320
2025-02-24,Pan Chapla,Panes,0.25,144,110
2025-02-24,Pan Coliza,Panes,0.25,192,170
2025-02-24,Pan Integral,Panes,0.25,144,110
2025-02-24,Pan Caracol,Panes,0.25,144,110
2025-02-24,Pan Hamburguesa,Panes,0.4,288,240
2025-02-24,Cachito,Panes,0.25,144,110
2025-02-24,Pan Manjar,Panes,0.3,72,68
2025-02-24,Leche,Abarrotes,4.0,5,2
2025-02-24,Jamon,Abarrotes,2.5,6,4
2025-02-24,Café,Abarrotes,2.0,5,2
2025-02-24,Queso,Abarrotes,3.0,4,2
2025-02-24,Alfajores Pequeños,Bocaditos,0.25,200,150
2025-02-24,Alfajores Grandes,Bocaditos,1.0,100,75
2025-02-24,Galletas Pequeñas,Bocaditos,0.25,200,150
2025-02-24,Galletas Grandes,Bocaditos,1.0,300,290
2025-02-24,Cookie,Bocaditos,2.0,100,70
2025-02-24,Orejitas Pequeñas,Bocaditos,0.25,200,150
2025-02-24,Orejas Grandes,Bocaditos,1.0,100,70
2025-02-24,Beso de Moza,Bocaditos,1.0,80,50
2025-02-24,Caramandugas,Bocaditos,0.25,300,250
2025-02-24,Rosquitas,Bocaditos,0.25,300,250
2025-02-25,Pan Chabatta,Panes,0.25,768,720
2025-02-25,Pan Francés,Panes,0.25,648,610
2025-02-25,Pan Yema Largo,Panes,0.25,360,320
2025-02-25,Pan Yema Redondo,Panes,0.25,360,320
2025-02-25,Pan Chapla,Panes,0.25,144,110
2025-02-25,Pan Coliza,Panes,0.25,192,170
2025-02-25,Pan Integral,Panes,0.25,144,110
2025-02-25,Pan Caracol,Panes,0.25,144,110
2025-02-25,Pan Hamburguesa,Panes,0.4,288,240
2025-02-25,Cachito,Panes,0.25,144,110
2025-02-25,Pan Manjar,Panes,0.3,72,68
2025-02-25,Leche,Abarrotes,4.0,5,2
2025-02-25,Jamon,Abarrotes,2.5,6,3
2025-02-25,Café,Abarrotes,2.0,5,3
2025-02-25,Queso,Abarrotes,3.0,4,2
2025-02-25,Alfajores Pequeños,Bocaditos,0.25,200,150
2025-02-25,Alfajores Grandes,Bocaditos,1.0,100,75
2025-02-25,Galletas Pequeñas,Bocaditos,0.25,200,150
2025-02-25,Galletas Grandes,Bocaditos,1.0,300,290
2025-02-25,Cookie,Bocaditos,2.0,100,70
2025-02-25,Orejitas Pequeñas,Bocaditos,0.25,200,150
2025-02-25,Orejas Grandes,Bocaditos,1.0,100,70
2025-02-25,Beso de Moza,Bocaditos,1.0,80,50
2025-02-25,Caramandugas,Bocaditos,0.25,300,250
2025-02-25,Rosquitas,Bocaditos,0.25,300,250
2025-02-26,Pan Chabatta,Panes,0.25,768,720
2025-02-26,Pan Francés,Panes,0.25,648,610
2025-02-26,Pan Yema Largo,Panes,0.25,360,320
2025-02-26,Pan Yema Redondo,Panes,0.25,360,320
2025-02-26,Pan Chapla,Panes,0.25,144,110
2025-02-26,Pan Coliza,Panes,0.25,192,170
2025-02-26,Pan Integral,Panes,0.25,144,110
2025-02-26,Pan Caracol,Panes,0.25,144,110
2025-02-26,Pan Hamburguesa,Panes,0.4,288,240
2025-02-26,Cachito,Panes,0.25,144,110
2025-02-26,Pan Manjar,Panes,0.3,72,68
2025-02-26,Leche,Abarrotes,4.0,5,2
2025-02-26,Jamon,Abarrotes,2.5,6,3
2025-02-26,Café,Abarrotes,2.0,5,4
2025-02-26,Queso,Abarrotes,3.0,4,2
2025-02-26,Alfajores Pequeños,Bocaditos,0.25,200,150
2025-02-26,Alfajores Grandes,Bocaditos,1.0,100,75
2025-02-26,Galletas Pequeñas,Bocaditos,0.25,200,150
2025-02-26,Galletas Grandes,Bocaditos,1.0,300,290
2025-02-26,Cookie,Bocaditos,2.0,100,70
2025-02-26,Orejitas Pequeñas,Bocaditos,0.25,200,150
2025-02-26,Orejas Grandes,Bocaditos,1.0,100,70
2025-02-26,Beso de Moza,Bocaditos,1.0,80,50
2025-02-26,Caramandugas,Bocaditos,0.25,300,250
2025-02-26,Rosquitas,Bocaditos,0.25,300,250
2025-02-27,Pan Chabatta,Panes,0.25,768,720
2025-02-27,Pan Francés,Panes,0.25,648,610
2025-02-27,Pan Yema Largo,Panes,0.25,360,320
2025-02-27,Pan Yema Redondo,Panes,0.25,360,320
2025-02-27,Pan Chapla,Panes,0.25,144,110
2025-02-27,Pan Coliza,Panes,0.25,192,170
2025-02-27,Pan Integral,Panes,0.25,144,110
2025-02-27,Pan Caracol,Panes,0.25,144,110
2025-02-27,Pan Hamburguesa,Panes,0.4,288,240
2025-02-27,Cachito,Panes,0.25,144,110
2025-02-27,Pan Manjar,Panes,0.3,72,68
2025-02-27,Leche,Abarrotes,4.0,5,2
2025-02-27,Jamon,Abarrotes,2.5,6,4
2025-02-27,Café,Abarrotes,2.0,5,2
2025-02-27,Queso,Abarrotes,3.0,4,2
2025-02-27,Alfajores Pequeños,Bocaditos,0.25,200,150
2025-02-27,Alfajores Grandes,Bocaditos,1.0,100,75
2025-02-27,Galletas Pequeñas,Bocaditos,0.25,200,150
2025-02-27,Galletas Grandes,Bocaditos,1.0,300,290
2025-02-27,Cookie,Bocaditos,2.0,100,70
2025-02-27,Orejitas Pequeñas,Bocaditos,0.25,200,150
2025-02-27,Orejas Grandes,Bocaditos,1.0,100,70
2025-02-27,Beso de Moza,Bocaditos,1.0,80,50
2025-02-27,Caramandugas,Bocaditos,0.25,300,250
2025-02-27,Rosquitas,Bocaditos,0.25,300,250
2025-02-28,Pan Chabatta,Panes,0.25,768,720
2025-02-28,Pan Francés,Panes,0.25,648,610
2025-02-28,Pan Yema Largo,Panes,0.25,360,320
2025-02-28,Pan Yema Redondo,Panes,0.25,360,320
2025-02-28,Pan Chapla,Panes,0.25,144,110
2025-02-28,Pan Coliza,Panes,0.25,192,170
2025-02-28,Pan Integral,Panes,0.25,144,110
2025-02-28,Pan Caracol,Panes,0.25,144,110
2025-02-28,Pan Hamburguesa,Panes,0.4,288,240
2025-02-28,Cachito,Panes,0.25,144,110
2025-02-28,Pan Manjar,Panes,0.3,72,68
2025-02-28,Leche,Abarrotes,4.0,5,3
2025-02-28,Jamon,Abarrotes,2.5,6,3
2025-02-28,Café,Abarrotes,2.0,5,2
2025-02-28,Queso,Abarrotes,3.0,4,2
2025-02-28,Alfajores Pequeños,Bocaditos,0.25,200,150
2025-02-28,Alfajores Grandes,Bocaditos,1.0,100,75
2025-02-28,Galletas Pequeñas,Bocaditos,0.25,200,150
2025-02-28,Galletas Grandes,Bocaditos,1.0,300,290
2025-02-28,Cookie,Bocaditos,2.0,100,70
2025-02-28,Orejitas Pequeñas,Bocaditos,0.25,200,150
2025-02-28,Orejas Grandes,Bocaditos,1.0,100,70
2025-02-28,Beso de Moza,Bocaditos,1.0,80,50
2025-02-28,Caramandugas,Bocaditos,0.25,300,250
2025-02-28,Rosquitas,Bocaditos,0.25,300,250
2025-03-01,Pan Chabatta,Panes,0.25,768,735
2025-03-01,Pan Francés,Panes,0.25,648,613
2025-03-01,Pan Yema Largo,Panes,0.25,360,326
2025-03-01,Pan Yema Redondo,Panes,0.25,360,320
2025-03-01,Pan Chapla,Panes,0.25,144,111
2025-03-01,Pan Coliza,Panes,0.25,192,174
2025-03-01,Pan Integral,Panes,0.25,144,121
2025-03-01,Pan Caracol,Panes,0.25,144,111
2025-03-01,Pan Hamburguesa,Panes,0.4,288,247
2025-03-01,Cachito,Panes,0.25,144,116
2025-03-01,Pan Manjar,Panes,0.3,72,69
2025-03-01,Leche,Abarrotes,4.0,5,5
2025-03-01,Jamon,Abarrotes,2.5,6,6
2025-03-01,Café,Abarrotes,2.0,5,2
2025-03-01,Queso,Abarrotes,3.0,4,4
2025-03-01,Alfajores Pequeños,Bocaditos,0.25,200,157
2025-03-01,Alfajores Grandes,Bocaditos,1.0,100,75
2025-03-01,Galletas Pequeñas,Bocaditos,0.25,200,154
2025-03-01,Galletas Grandes,Bocaditos,1.0,300,293
2025-03-01,Cookie,Bocaditos,2.0,100,73
2025-03-01,Orejitas Pequeñas,Bocaditos,0.25,200,159
2025-03-01,Orejas Grandes,Bocaditos,1.0,100,74
2025-03-01,Beso de Moza,Bocaditos,1.0,80,59
2025-03-01,Caramandugas,Bocaditos,0.25,300,250
2025-03-01,Rosquitas,Bocaditos,0.25,300,256
2025-03-02,Pan Chabatta,Panes,0.25,768,725
2025-03-02,Pan Francés,Panes,0.25,648,611
2025-03-02,Pan Yema Largo,Panes,0.25,360,331
2025-03-02,Pan Yema Redondo,Panes,0.25,360,322
2025-03-02,Pan Chapla,Panes,0.25,144,119
2025-03-02,Pan Coliza,Panes,0.25,192,172
2025-03-02,Pan Integral,Panes,0.25,144,112
2025-03-02,Pan Caracol,Panes,0.25,144,119
2025-03-02,Pan Hamburguesa,Panes,0.4,288,243
2025-03-02,Cachito,Panes,0.25,144,110
2025-03-02,Pan Manjar,Panes,0.3,72,70
2025-03-02,Leche,Abarrotes,4.0,5,5
2025-03-02,Jamon,Abarrotes,2.5,6,6
2025-03-02,Café,Abarrotes,2.0,5,2
2025-03-02,Queso,Abarrotes,3.0,4,3
2025-03-02,Alfajores Pequeños,Bocaditos,0.25,200,155
2025-03-02,Alfajores Grandes,Bocaditos,1.0,100,78
2025-03-02,Galletas Pequeñas,Bocaditos,0.25,200,152
2025-03-02,Galletas Grandes,Bocaditos,1.0,300,293
2025-03-02,Cookie,Bocaditos,2.0,100,70
2025-03-02,Orejitas Pequeñas,Bocaditos,0.25,200,158
2025-03-02,Orejas Grandes,Bocaditos,1.0,100,74
2025-03-02,Beso de Moza,Bocaditos,1.0,80,53
2025-03-02,Caramandugas,Bocaditos,0.25,300,254
2025-03-02,Rosquitas,Bocaditos,0.25,300,254
2025-03-03,Pan Chabatta,Panes,0.25,768,720
2025-03-03,Pan Francés,Panes,0.25,648,610
2025-03-03,Pan Yema Largo,Panes,0.25,360,320
2025-03-03,Pan Yema Redondo,Panes,0.25,360,320
2025-03-03,Pan Chapla,Panes,0.25,144,110
2025-03-03,Pan Coliza,Panes,0.25,192,170
2025-03-03,Pan Integral,Panes,0.25,144,110
2025-03-03,Pan Caracol,Panes,0.25,144,110
2025-03-03,Pan Hamburguesa,Panes,0.4,288,240
2025-03-03,Cachito,Panes,0.25,144,110
2025-03-03,Pan Manjar,Panes,0.3,72,68
2025-03-03,Leche,Abarrotes,4.0,5,2
2025-03-03,Jamon,Abarrotes,2.5,6,3
2025-03-03,Café,Abarrotes,2.0,5,2
2025-03-03,Queso,Abarrotes,3.0,4,2
2025-03-03,Alfajores Pequeños,Bocaditos,0.25,200,150
2025-03-03,Alfajores Grandes,Bocaditos,1.0,100,75
2025-03-03,Galletas Pequeñas,Bocaditos,0.25,200,150
2025-03-03,Galletas Grandes,Bocaditos,1.0,300,290
2025-03-03,Cookie,Bocaditos,2.0,100,70
2025-03-03,Orejitas Pequeñas,Bocaditos,0.25,200,150
2025-03-03,Orejas Grandes,Bocaditos,1.0,100,70
2025-03-03,Beso de Moza,Bocaditos,1.0,80,50
2025-03-03,Caramandugas,Bocaditos,0.25,300,250
2025-03-03,Rosquitas,Bocaditos,0.25,300,250
2025-03-04,Pan Chabatta,Panes,0.25,768,720
2025-03-04,Pan Francés,Panes,0.25,648,610
2025-03-04,Pan Yema Largo,Panes,0.25,360,320
2025-03-04,Pan Yema Redondo,Panes,0.25,360,320
2025-03-04,Pan Chapla,Panes,0.25,144,110
2025-03-04,Pan Coliza,Panes,0.25,192,170
2025-03-04,Pan Integral,Panes,0.25,144,110
2025-03-04,Pan Caracol,Panes,0.25,144,110
2025-03-04,Pan Hamburguesa,Panes,0.4,288,240
2025-03-04,Cachito,Panes,0.25,144,110
2025-03-04,Pan Manjar,Panes,0.3,72,68
2025-03-04,Leche,Abarrotes,4.0,5,2
2025-03-04,Jamon,Abarrotes,2.5,6,3
2025-03-04,Café,Abarrotes,2.0,5,2
2025-03-04,Queso,Abarrotes,3.0,4,2
2025-03-04,Alfajores Pequeños,Bocaditos,0.25,200,150
2025-03-04,Alfajores Grandes,Bocaditos,1.0,100,75
2025-03-04,Galletas Pequeñas,Bocaditos,0.25,200,150
2025-03-04,Galletas Grandes,Bocaditos,1.0,300,290
2025-03-04,Cookie,Bocaditos,2.0,100,70
2025-03-04,Orejitas Pequeñas,Bocaditos,0.25,200,150
2025-03-04,Orejas Grandes,Bocaditos,1.0,100,70
2025-03-04,Beso de Moza,Bocaditos,1.0,80,50
2025-03-04,Caramandugas,Bocaditos,0.25,300,250
2025-03-04,Rosquitas,Bocaditos,0.25,300,250
2025-03-05,Pan Chabatta,Panes,0.25,768,720
2025-03-05,Pan Francés,Panes,0.25,648,610
2025-03-05,Pan Yema Largo,Panes,0.25,360,320
2025-03-05,Pan Yema Redondo,Panes,0.25,360,320
2025-03-05,Pan Chapla,Panes,0.25,144,110
2025-03-05,Pan Coliza,Panes,0.25,192,170
2025-03-05,Pan Integral,Panes,0.25,144,110
2025-03-05,Pan Caracol,Panes,0.25,144,110
2025-03-05,Pan Hamburguesa,Panes,0.4,288,240
2025-03-05,Cachito,Panes,0.25,144,110
2025-03-05,Pan Manjar,Panes,0.3,72,68
2025-03-05,Leche,Abarrotes,4.0,5,3
2025-03-05,Jamon,Abarrotes,2.5,6,4
2025-03-05,Café,Abarrotes,2.0,5,2
2025-03-05,Queso,Abarrotes,3.0,4,3
2025-03-05,Alfajores Pequeños,Bocaditos,0.25,200,150
2025-03-05,Alfajores Grandes,Bocaditos,1.0,100,75
2025-03-05,Galletas Pequeñas,Bocaditos,0.25,200,150
2025-03-05,Galletas Grandes,Bocaditos,1.0,300,290
2025-03-05,Cookie,Bocaditos,2.0,100,70
2025-03-05,Orejitas Pequeñas,Bocaditos,0.25,200,150
2025-03-05,Orejas Grandes,Bocaditos,1.0,100,70
2025-03-05,Beso de Moza,Bocaditos,1.0,80,50
2025-03-05,Caramandugas,Bocaditos,0.25,300,250
2025-03-05,Rosquitas,Bocaditos,0.25,300,250
2025-03-06,Pan Chabatta,Panes,0.25,768,720
2025-03-06,Pan Francés,Panes,0.25,648,610
2025-03-06,Pan Yema Largo,Panes,0.25,360,320
2025-03-06,Pan Yema Redondo,Panes,0.25,360,320
2025-03-06,Pan Chapla,Panes,0.25,144,110
2025-03-06,Pan Coliza,Panes,0.25,192,170
2025-03-06,Pan Integral,Panes,0.25,144,110
2025-03-06,Pan Caracol,Panes,0.25,144,110
2025-03-06,Pan Hamburguesa,Panes,0.4,288,240
2025-03-06,Cachito,Panes,0.25,144,110
2025-03-06,Pan Manjar,Panes,0.3,72,68
2025-03-06,Leche,Abarrotes,4.0,5,2
2025-03-06,Jamon,Abarrotes,2.5,6,3
2025-03-06,Café,Abarrotes,2.0,5,2
2025-03-06,Queso,Abarrotes,3.0,4,3
2025-03-06,Alfajores Pequeños,Bocaditos,0.25,200,150
2025-03-06,Alfajores Grandes,Bocaditos,1.0,100,75
2025-03-06,Galletas Pequeñas,Bocaditos,0.25,200,150
2025-03-06,Galletas Grandes,Bocaditos,1.0,300,290
2025-03-06,Cookie,Bocaditos,2.0,100,70
2025-03-06,Orejitas Pequeñas,Bocaditos,0.25,200,150
2025-03-06,Orejas Grandes,Bocaditos,1.0,100,70
2025-03-06,Beso de Moza,Bocaditos,1.0,80,50
2025-03-06,Caramandugas,Bocaditos,0.25,300,250
2025-03-06,Rosquitas,Bocaditos,0.25,300,250
2025-03-07,Pan Chabatta,Panes,0.25,768,720
2025-03-07,Pan Francés,Panes,0.25,648,610
2025-03-07,Pan Yema Largo,Panes,0.25,360,320
2025-03-07,Pan Yema Redondo,Panes,0.25,360,320
2025-03-07,Pan Chapla,Panes,0.25,144,110
2025-03-07,Pan Coliza,Panes,0.25,192,170
2025-03-07,Pan Integral,Panes,0.25,144,110
2025-03-07,Pan Caracol,Panes,0.25,144,110
2025-03-07,Pan Hamburguesa,Panes,0.4,288,240
2025-03-07,Cachito,Panes,0.25,144,110
2025-03-07,Pan Manjar,Panes,0.3,72,68
2025-03-07,Leche,Abarrotes,4.0,5,3
2025-03-07,Jamon,Abarrotes,2.5,6,3
2025-03-07,Café,Abarrotes,2.0,5,3
2025-03-07,Queso,Abarrotes,3.0,4,2
2025-03-07,Alfajores Pequeños,Bocaditos,0.25,200,150
2025-03-07,Alfajores Grandes,Bocaditos,1.0,100,75
2025-03-07,Galletas Pequeñas,Bocaditos,0.25,200,150
2025-03-07,Galletas Grandes,Bocaditos,1.0,300,290
2025-03-07,Cookie,Bocaditos,2.0,100,70
2025-03-07,Orejitas Pequeñas,Bocaditos,0.25,200,150
2025-03-07,Orejas Grandes,Bocaditos,1.0,100,70
2025-03-07,Beso de Moza,Bocaditos,1.0,80,50
2025-03-07,Caramandugas,Bocaditos,0.25,300,250
2025-03-07,Rosquitas,Bocaditos,0.25,300,250
2025-03-08,Pan Chabatta,Panes,0.25,768,731
2025-03-08,Pan Francés,Panes,0.25,648,615
2025-03-08,Pan Yema Largo,Panes,0.25,360,331
2025-03-08,Pan Yema Redondo,Panes,0.25,360,323
2025-03-08,Pan Chapla,Panes,0.25,144,111
2025-03-08,Pan Coliza,Panes,0.25,192,173
2025-03-08,Pan Integral,Panes,0.25,144,116
2025-03-08,Pan Caracol,Panes,0.25,144,113
2025-03-08,Pan Hamburguesa,Panes,0.4,288,247
2025-03-08,Cachito,Panes,0.25,144,120
2025-03-08,Pan Manjar,Panes,0.3,72,70
2025-03-08,Leche,Abarrotes,4.0,5,3
2025-03-08,Jamon,Abarrotes,2.5,6,5
2025-03-08,Café,Abarrotes,2.0,5,5
2025-03-08,Queso,Abarrotes,3.0,4,3
2025-03-08,Alfajores Pequeños,Bocaditos,0.25,200,154
2025-03-08,Alfajores Grandes,Bocaditos,1.0,100,80
2025-03-08,Galletas Pequeñas,Bocaditos,0.25,200,159
2025-03-08,Galletas Grandes,Bocaditos,1.0,300,290
2025-03-08,Cookie,Bocaditos,2.0,100,73
2025-03-08,Orejitas Pequeñas,Bocaditos,0.25,200,157
2025-03-08,Orejas Grandes,Bocaditos,1.0,100,74
2025-03-08,Beso de Moza,Bocaditos,1.0,80,53
2025-03-08,Caramandugas,Bocaditos,0.25,300,258
2025-03-08,Rosquitas,Bocaditos,0.25,300,255
2025-03-09,Pan Chabatta,Panes,0.25,768,721
2025-03-09,Pan Francés,Panes,0.25,648,613
2025-03-09,Pan Yema Largo,Panes,0.25,360,323
2025-03-09,Pan Yema Redondo,Panes,0.25,360,329
2025-03-09,Pan Chapla,Panes,0.25,144,113
2025-03-09,Pan Coliza,Panes,0.25,192,173
2025-03-09,Pan Integral,Panes,0.25,144,114
2025-03-09,Pan Caracol,Panes,0.25,144,118
2025-03-09,Pan Hamburguesa,Panes,0.4,288,243
2025-03-09,Cachito,Panes,0.25,144,118
2025-03-09,Pan Manjar,Panes,0.3,72,70
2025-03-09,Leche,Abarrotes,4.0,5,2
2025-03-09,Jamon,Abarrotes,2.5,6,3
2025-03-09,Café,Abarrotes,2.0,5,2
2025-03-09,Queso,Abarrotes,3.0,4,3
2025-03-09,Alfajores Pequeños,Bocaditos,0.25,200,157
2025-03-09,Alfajores Grandes,Bocaditos,1.0,100,79
2025-03-09,Galletas Pequeñas,Bocaditos,0.25,200,154
2025-03-09,Galletas Grandes,Bocaditos,1.0,300,293
2025-03-09,Cookie,Bocaditos,2.0,100,70
2025-03-09,Orejitas Pequeñas,Bocaditos,0.25,200,154
2025-03-09,Orejas Grandes,Bocaditos,1.0,100,71
2025-03-09,Beso de Moza,Bocaditos,1.0,80,54
2025-03-09,Caramandugas,Bocaditos,0.25,300,251
2025-03-09,Rosquitas,Bocaditos,0.25,300,257
2025-03-10,Pan Chabatta,Panes,0.25,768,720
2025-03-10,Pan Francés,Panes,0.25,648,610
2025-03-10,Pan Yema Largo,Panes,0.25,360,320
2025-03-10,Pan Yema Redondo,Panes,0.25,360,320
2025-03-10,Pan Chapla,Panes,0.25,144,110
2025-03-10,Pan Coliza,Panes,0.25,192,170
2025-03-10,Pan Integral,Panes,0.25,144,110
2025-03-10,Pan Caracol,Panes,0.25,144,110
2025-03-10,Pan Hamburguesa,Panes,0.4,288,240
2025-03-10,Cachito,Panes,0.25,144,110
2025-03-10,Pan Manjar,Panes,0.3,72,68
2025-03-10,Leche,Abarrotes,4.0,5,2
2025-03-10,Jamon,Abarrotes,2.5,6,3
2025-03-10,Café,Abarrotes,2.0,5,2
2025-03-10,Queso,Abarrotes,3.0,4,2
2025-03-10,Alfajores Pequeños,Bocaditos,0.25,200,150
2025-03-10,Alfajores Grandes,Bocaditos,1.0,100,75
2025-03-10,Galletas Pequeñas,Bocaditos,0.25,200,150
2025-03-10,Galletas Grandes,Bocaditos,1.0,300,290
2025-03-10,Cookie,Bocaditos,2.0,100,70
2025-03-10,Orejitas Pequeñas,Bocaditos,0.25,200,150
2025-03-10,Orejas Grandes,Bocaditos,1.0,100,70
2025-03-10,Beso de Moza,Bocaditos,1.0,80,50
2025-03-10,Caramandugas,Bocaditos,0.25,300,250
2025-03-10,Rosquitas,Bocaditos,0.25,300,250
2025-03-11,Pan Chabatta,Panes,0.25,768,720
2025-03-11,Pan Francés,Panes,0.25,648,610
2025-03-11,Pan Yema Largo,Panes,0.25,360,320
2025-03-11,Pan Yema Redondo,Panes,0.25,360,320
2025-03-11,Pan Chapla,Panes,0.25,144,110
2025-03-11,Pan Coliza,Panes,0.25,192,170
2025-03-11,Pan Integral,Panes,0.25,144,110
2025-03-11,Pan Caracol,Panes,0.25,144,110
2025-03-11,Pan Hamburguesa,Panes,0.4,288,240
2025-03-11,Cachito,Panes,0.25,144,110
2025-03-11,Pan Manjar,Panes,0.3,72,68
2025-03-11,Leche,Abarrotes,4.0,5,3
2025-03-11,Jamon,Abarrotes,2.5,6,5
2025-03-11,Café,Abarrotes,2.0,5,3
2025-03-11,Queso,Abarrotes,3.0,4,2
2025-03-11,Alfajores Pequeños,Bocaditos,0.25,200,150
2025-03-11,Alfajores Grandes,Bocaditos,1.0,100,75
2025-03-11,Galletas Pequeñas,Bocaditos,0.25,200,150
2025-03-11,Galletas Grandes,Bocaditos,1.0,300,290
2025-03-11,Cookie,Bocaditos,2.0,100,70
2025-03-11,Orejitas Pequeñas,Bocaditos,0.25,200,150
2025-03-11,Orejas Grandes,Bocaditos,1.0,100,70
2025-03-11,Beso de Moza,Bocaditos,1.0,80,50
2025-03-11,Caramandugas,Bocaditos,0.25,300,250
2025-03-11,Rosquitas,Bocaditos,0.25,300,250
2025-03-12,Pan Chabatta,Panes,0.25,768,720
2025-03-12,Pan Francés,Panes,0.25,648,610
2025-03-12,Pan Yema Largo,Panes,0.25,360,320
2025-03-12,Pan Yema Redondo,Panes,0.25,360,320
2025-03-12,Pan Chapla,Panes,0.25,144,110
2025-03-12,Pan Coliza,Panes,0.25,192,170
2025-03-12,Pan Integral,Panes,0.25,144,110
2025-03-12,Pan Caracol,Panes,0.25,144,110
2025-03-12,Pan Hamburguesa,Panes,0.4,288,240
2025-03-12,Cachito,Panes,0.25,144,110
2025-03-12,Pan Manjar,Panes,0.3,72,68
2025-03-12,Leche,Abarrotes,4.0,5,3
2025-03-12,Jamon,Abarrotes,2.5,6,4
2025-03-12,Café,Abarrotes,2.0,5,2
2025-03-12,Queso,Abarrotes,3.0,4,2
2025-03-12,Alfajores Pequeños,Bocaditos,0.25,200,150
2025-03-12,Alfajores Grandes,Bocaditos,1.0,100,75
2025-03-12,Galletas Pequeñas,Bocaditos,0.25,200,150
2025-03-12,Galletas Grandes,Bocaditos,1.0,300,290
2025-03-12,Cookie,Bocaditos,2.0,100,70
2025-03-12,Orejitas Pequeñas,Bocaditos,0.25,200,150
2025-03-12,Orejas Grandes,Bocaditos,1.0,100,70
2025-03-12,Beso de Moza,Bocaditos,1.0,80,50
2025-03-12,Caramandugas,Bocaditos,0.25,300,250
2025-03-12,Rosquitas,Bocaditos,0.25,300,250
2025-03-13,Pan Chabatta,Panes,0.25,768,720
2025-03-13,Pan Francés,Panes,0.25,648,610
2025-03-13,Pan Yema Largo,Panes,0.25,360,320
2025-03-13,Pan Yema Redondo,Panes,0.25,360,320
2025-03-13,Pan Chapla,Panes,0.25,144,110
2025-03-13,Pan Coliza,Panes,0.25,192,170
2025-03-13,Pan Integral,Panes,0.25,144,110
2025-03-13,Pan Caracol,Panes,0.25,144,110
2025-03-13,Pan Hamburguesa,Panes,0.4,288,240
2025-03-13,Cachito,Panes,0.25,144,110
2025-03-13,Pan Manjar,Panes,0.3,72,68
2025-03-13,Leche,Abarrotes,4.0,5,2
2025-03-13,Jamon,Abarrotes,2.5,6,3
2025-03-13,Café,Abarrotes,2.0,5,3
2025-03-13,Queso,Abarrotes,3.0,4,2
2025-03-13,Alfajores Pequeños,Bocaditos,0.25,200,150
2025-03-13,Alfajores Grandes,Bocaditos,1.0,100,75
2025-03-13,Galletas Pequeñas,Bocaditos,0.25,200,150
2025-03-13,Galletas Grandes,Bocaditos,1.0,300,290
2025-03-13,Cookie,Bocaditos,2.0,100,70
2025-03-13,Orejitas Pequeñas,Bocaditos,0.25,200,150
2025-03-13,Orejas Grandes,Bocaditos,1.0,100,70
2025-03-13,Beso de Moza,Bocaditos,1.0,80,50
2025-03-13,Caramandugas,Bocaditos,0.25,300,250
2025-03-13,Rosquitas,Bocaditos,0.25,300,250
2025-03-14,Pan Chabatta,Panes,0.25,768,720
2025-03-14,Pan Francés,Panes,0.25,648,610
2025-03-14,Pan Yema Largo,Panes,0.25,360,320
2025-03-14,Pan Yema Redondo,Panes,0.25,360,320
2025-03-14,Pan Chapla,Panes,0.25,144,110
2025-03-14,Pan Coliza,Panes,0.25,192,170
2025-03-14,Pan Integral,Panes,0.25,144,110
2025-03-14,Pan Caracol,Panes,0.25,144,110
2025-03-14,Pan Hamburguesa,Panes,0.4,288,240
2025-03-14,Cachito,Panes,0.25,144,110
2025-03-14,Pan Manjar,Panes,0.3,72,68
2025-03-14,Leche,Abarrotes,4.0,5,2
2025-03-14,Jamon,Abarrotes,2.5,6,3
2025-03-14,Café,Abarrotes,2.0,5,4
2025-03-14,Queso,Abarrotes,3.0,4,2
2025-03-14,Alfajores Pequeños,Bocaditos,0.25,200,150
2025-03-14,Alfajores Grandes,Bocaditos,1.0,100,75
2025-03-14,Galletas Pequeñas,Bocaditos,0.25,200,150
2025-03-14,Galletas Grandes,Bocaditos,1.0,300,290
2025-03-14,Cookie,Bocaditos,2.0,100,70
2025-03-14,Orejitas Pequeñas,Bocaditos,0.25,200,150
2025-03-14,Orejas Grandes,Bocaditos,1.0,100,70
2025-03-14,Beso de Moza,Bocaditos,1.0,80,54
2025-03-14,Caramandugas,Bocaditos,0.25,300,250
2025-03-14,Rosquitas,Bocaditos,0.25,300,250
2025-03-15,Pan Chabatta,Panes,0.25,768,733
2025-03-15,Pan Francés,Panes,0.25,648,617
2025-03-15,Pan Yema Largo,Panes,0.25,360,329
2025-03-15,Pan Yema Redondo,Panes,0.25,360,326
2025-03-15,Pan Chapla,Panes,0.25,144,113
2025-03-15,Pan Coliza,Panes,0.25,192,174
2025-03-15,Pan Integral,Panes,0.25,144,119
2025-03-15,Pan Caracol,Panes,0.25,144,112
2025-03-15,Pan Hamburguesa,Panes,0.4,288,246
2025-03-15,Cachito,Panes,0.25,144,117
2025-03-15,Pan Manjar,Panes,0.3,72,69
2025-03-15,Leche,Abarrotes,4.0,5,3
2025-03-15,Jamon,Abarrotes,2.5,6,3
2025-03-15,Café,Abarrotes,2.0,5,4
2025-03-15,Queso,Abarrotes,3.0,4,2
2025-03-15,Alfajores Pequeños,Bocaditos,0.25,200,158
2025-03-15,Alfajores Grandes,Bocaditos,1.0,100,79
2025-03-15,Galletas Pequeñas,Bocaditos,0.25,200,155
2025-03-15,Galletas Grandes,Bocaditos,1.0,300,293
2025-03-15,Cookie,Bocaditos,2.0,100,72
2025-03-15,Orejitas Pequeñas,Bocaditos,0.25,200,154
2025-03-15,Orejas Grandes,Bocaditos,1.0,100,74
2025-03-15,Beso de Moza,Bocaditos,1.0,80,56
2025-03-15,Caramandugas,Bocaditos,0.25,300,259
2025-03-15,Rosquitas,Bocaditos,0.25,300,258
2025-03-16,Pan Chabatta,Panes,0.25,768,722
2025-03-16,Pan Francés,Panes,0.25,648,611
2025-03-16,Pan Yema Largo,Panes,0.25,360,329
2025-03-16,Pan Yema Redondo,Panes,0.25,360,327
2025-03-16,Pan Chapla,Panes,0.25,144,111
2025-03-16,Pan Coliza,Panes,0.25,192,171
2025-03-16,Pan Integral,Panes,0.25,144,119
2025-03-16,Pan Caracol,Panes,0.25,144,120
2025-03-16,Pan Hamburguesa,Panes,0.4,288,247
2025-03-16,Cachito,Panes,0.25,144,115
2025-03-16,Pan Manjar,Panes,0.3,72,68
2025-03-16,Leche,Abarrotes,4.0,5,3
2025-03-16,Jamon,Abarrotes,2.5,6,5
2025-03-16,Café,Abarrotes,2.0,5,3
2025-03-16,Queso,Abarrotes,3.0,4,2
2025-03-16,Alfajores Pequeños,Bocaditos,0.25,200,152
2025-03-16,Alfajores Grandes,Bocaditos,1.0,100,80
2025-03-16,Galletas Pequeñas,Bocaditos,0.25,200,152
2025-03-16,Galletas Grandes,Bocaditos,1.0,300,295
2025-03-16,Cookie,Bocaditos,2.0,100,76
2025-03-16,Orejitas Pequeñas,Bocaditos,0.25,200,151
2025-03-16,Orejas Grandes,Bocaditos,1.0,100,75
2025-03-16,Beso de Moza,Bocaditos,1.0,80,57
2025-03-16,Caramandugas,Bocaditos,0.25,300,256
2025-03-16,Rosquitas,Bocaditos,0.25,300,250
2025-03-17,Pan Chabatta,Panes,0.25,768,720
2025-03-17,Pan Francés,Panes,0.25,648,610
2025-03-17,Pan Yema Largo,Panes,0.25,360,320
2025-03-17,Pan Yema Redondo,Panes,0.25,360,320
2025-03-17,Pan Chapla,Panes,0.25,144,110
2025-03-17,Pan Coliza,Panes,0.25,192,170
2025-03-17,Pan Integral,Panes,0.25,144,110
2025-03-17,Pan Caracol,Panes,0.25,144,110
2025-03-17,Pan Hamburguesa,Panes,0.4,288,240
2025-03-17,Cachito,Panes,0.25,144,110
2025-03-17,Pan Manjar,Panes,0.3,72,68
2025-03-17,Leche,Abarrotes,4.0,5,2
2025-03-17,Jamon,Abarrotes,2.5,6,3
2025-03-17,Café,Abarrotes,2.0,5,2
2025-03-17,Queso,Abarrotes,3.0,4,2
2025-03-17,Alfajores Pequeños,Bocaditos,0.25,200,150
2025-03-17,Alfajores Grandes,Bocaditos,1.0,100,75
2025-03-17,Galletas Pequeñas,Bocaditos,0.25,200,150
2025-03-17,Galletas Grandes,Bocaditos,1.0,300,290
2025-03-17,Cookie,Bocaditos,2.0,100,70
2025-03-17,Orejitas Pequeñas,Bocaditos,0.25,200,150
2025-03-17,Orejas Grandes,Bocaditos,1.0,100,70
2025-03-17,Beso de Moza,Bocaditos,1.0,80,50
2025-03-17,Caramandugas,Bocaditos,0.25,300,250
2025-03-17,Rosquitas,Bocaditos,0.25,300,250
2025-03-18,Pan Chabatta,Panes,0.25,768,720
2025-03-18,Pan Francés,Panes,0.25,648,610
2025-03-18,Pan Yema Largo,Panes,0.25,360,320
2025-03-18,Pan Yema Redondo,Panes,0.25,360,320
2025-03-18,Pan Chapla,Panes,0.25,144,110
2025-03-18,Pan Coliza,Panes,0.25,192,170
2025-03-18,Pan Integral,Panes,0.25,144,110
2025-03-18,Pan Caracol,Panes,0.25,144,110
2025-03-18,Pan Hamburguesa,Panes,0.4,288,240
2025-03-18,Cachito,Panes,0.25,144,110
2025-03-18,Pan Manjar,Panes,0.3,72,68
2025-03-18,Leche,Abarrotes,4.0,5,3
2025-03-18,Jamon,Abarrotes,2.5,6,3
2025-03-18,Café,Abarrotes,2.0,5,2
2025-03-18,Queso,Abarrotes,3.0,4,2
2025-03-18,Alfajores Pequeños,Bocaditos,0.25,200,150
2025-03-18,Alfajores Grandes,Bocaditos,1.0,100,75
2025-03-18,Galletas Pequeñas,Bocaditos,0.25,200,150
2025-03-18,Galletas Grandes,Bocaditos,1.0,300,290
2025-03-18,Cookie,Bocaditos,2.0,100,70
2025-03-18,Orejitas Pequeñas,Bocaditos,0.25,200,150
2025-03-18,Orejas Grandes,Bocaditos,1.0,100,70
2025-03-18,Beso de Moza,Bocaditos,1.0,80,50
2025-03-18,Caramandugas,Bocaditos,0.25,300,250
2025-03-18,Rosquitas,Bocaditos,0.25,300,250
2025-03-19,Pan Chabatta,Panes,0.25,768,720
2025-03-19,Pan Francés,Panes,0.25,648,610
2025-03-19,Pan Yema Largo,Panes,0.25,360,320
2025-03-19,Pan Yema Redondo,Panes,0.25,360,320
2025-03-19,Pan Chapla,Panes,0.25,144,110
2025-03-19,Pan Coliza,Panes,0.25,192,170
2025-03-19,Pan Integral,Panes,0.25,144,110
2025-03-19,Pan Caracol,Panes,0.25,144,110
2025-03-19,Pan Hamburguesa,Panes,0.4,288,240
2025-03-19,Cachito,Panes,0.25,144,110
2025-03-19,Pan Manjar,Panes,0.3,72,68
2025-03-19,Leche,Abarrotes,4.0,5,2
2025-03-19,Jamon,Abarrotes,2.5,6,3
2025-03-19,Café,Abarrotes,2.0,5,2
2025-03-19,Queso,Abarrotes,3.0,4,2
2025-03-19,Alfajores Pequeños,Bocaditos,0.25,200,150
2025-03-19,Alfajores Grandes,Bocaditos,1.0,100,75
2025-03-19,Galletas Pequeñas,Bocaditos,0.25,200,150
2025-03-19,Galletas Grandes,Bocaditos,1.0,300,290
2025-03-19,Cookie,Bocaditos,2.0,100,70
2025-03-19,Orejitas Pequeñas,Bocaditos,0.25,200,150
2025-03-19,Orejas Grandes,Bocaditos,1.0,100,70
2025-03-19,Beso de Moza,Bocaditos,1.0,80,50
2025-03-19,Caramandugas,Bocaditos,0.25,300,250
2025-03-19,Rosquitas,Bocaditos,0.25,300,250
2025-03-20,Pan Chabatta,Panes,0.25,768,720
2025-03-20,Pan Francés,Panes,0.25,648,610
2025-03-20,Pan Yema Largo,Panes,0.25,360,320
2025-03-20,Pan Yema Redondo,Panes,0.25,360,320
2025-03-20,Pan Chapla,Panes,0.25,144,110
2025-03-20,Pan Coliza,Panes,0.25,192,170
2025-03-20,Pan Integral,Panes,0.25,144,110
2025-03-20,Pan Caracol,Panes,0.25,144,110
2025-03-20,Pan Hamburguesa,Panes,0.4,288,240
2025-03-20,Cachito,Panes,0.25,144,110
2025-03-20,Pan Manjar,Panes,0.3,72,68
2025-03-20,Leche,Abarrotes,4.0,5,4
2025-03-20,Jamon,Abarrotes,2.5,6,3
2025-03-20,Café,Abarrotes,2.0,5,4
2025-03-20,Queso,Abarrotes,3.0,4,3
2025-03-20,Alfajores Pequeños,Bocaditos,0.25,200,150
2025-03-20,Alfajores Grandes,Bocaditos,1.0,100,75
2025-03-20,Galletas Pequeñas,Bocaditos,0.25,200,150
2025-03-20,Galletas Grandes,Bocaditos,1.0,300,290
2025-03-20,Cookie,Bocaditos,2.0,100,70
2025-03-20,Orejitas Pequeñas,Bocaditos,0.25,200,150
2025-03-20,Orejas Grandes,Bocaditos,1.0,100,70
2025-03-20,Beso de Moza,Bocaditos,1.0,80,50
2025-03-20,Caramandugas,Bocaditos,0.25,300,250
2025-03-20,Rosquitas,Bocaditos,0.25,300,250
2025-03-21,Pan Chabatta,Panes,0.25,768,720
2025-03-21,Pan Francés,Panes,0.25,648,610
2025-03-21,Pan Yema Largo,Panes,0.25,360,320
2025-03-21,Pan Yema Redondo,Panes,0.25,360,320
2025-03-21,Pan Chapla,Panes,0.25,144,110
2025-03-21,Pan Coliza,Panes,0.25,192,170
2025-03-21,Pan Integral,Panes,0.25,144,110
2025-03-21,Pan Caracol,Panes,0.25,144,110
2025-03-21,Pan Hamburguesa,Panes,0.4,288,240
2025-03-21,Cachito,Panes,0.25,144,110
2025-03-21,Pan Manjar,Panes,0.3,72,68
2025-03-21,Leche,Abarrotes,4.0,5,2
2025-03-21,Jamon,Abarrotes,2.5,6,3
2025-03-21,Café,Abarrotes,2.0,5,3
2025-03-21,Queso,Abarrotes,3.0,4,2
2025-03-21,Alfajores Pequeños,Bocaditos,0.25,200,150
2025-03-21,Alfajores Grandes,Bocaditos,1.0,100,75
2025-03-21,Galletas Pequeñas,Bocaditos,0.25,200,150
2025-03-21,Galletas Grandes,Bocaditos,1.0,300,290
2025-03-21,Cookie,Bocaditos,2.0,100,70
2025-03-21,Orejitas Pequeñas,Bocaditos,0.25,200,150
2025-03-21,Orejas Grandes,Bocaditos,1.0,100,70
2025-03-21,Beso de Moza,Bocaditos,1.0,80,50
2025-03-21,Caramandugas,Bocaditos,0.25,300,250
2025-03-21,Rosquitas,Bocaditos,0.25,300,250
2025-03-22,Pan Chabatta,Panes,0.25,768,736
2025-03-22,Pan Francés,Panes,0.25,648,612
2025-03-22,Pan Yema Largo,Panes,0.25,360,320
2025-03-22,Pan Yema Redondo,Panes,0.25,360,325
2025-03-22,Pan Chapla,Panes,0.25,144,115
2025-03-22,Pan Coliza,Panes,0.25,192,172
2025-03-22,Pan Integral,Panes,0.25,144,119
2025-03-22,Pan Caracol,Panes,0.25,144,113
2025-03-22,Pan Hamburguesa,Panes,0.4,288,244
2025-03-22,Cachito,Panes,0.25,144,119
2025-03-22,Pan Manjar,Panes,0.3,72,69
2025-03-22,Leche,Abarrotes,4.0,5,2
2025-03-22,Jamon,Abarrotes,2.5,6,3
2025-03-22,Café,Abarrotes,2.0,5,2
2025-03-22,Queso,Abarrotes,3.0,4,3
2025-03-22,Alfajores Pequeños,Bocaditos,0.25,200,152
2025-03-22,Alfajores Grandes,Bocaditos,1.0,100,79
2025-03-22,Galletas Pequeñas,Bocaditos,0.25,200,153
2025-03-22,Galletas Grandes,Bocaditos,1.0,300,291
2025-03-22,Cookie,Bocaditos,2.0,100,70
2025-03-22,Orejitas Pequeñas,Bocaditos,0.25,200,156
2025-03-22,Orejas Grandes,Bocaditos,1.0,100,72
2025-03-22,Beso de Moza,Bocaditos,1.0,80,54
2025-03-22,Caramandugas,Bocaditos,0.25,300,260
2025-03-22,Rosquitas,Bocaditos,0.25,300,256
2025-03-23,Pan Chabatta,Panes,0.25,768,725
2025-03-23,Pan Francés,Panes,0.25,648,612
2025-03-23,Pan Yema Largo,Panes,0.25,360,320
2025-03-23,Pan Yema Redondo,Panes,0.25,360,330
2025-03-23,Pan Chapla,Panes,0.25,144,110
2025-03-23,Pan Coliza,Panes,0.25,192,171
2025-03-23,Pan Integral,Panes,0.25,144,118
2025-03-23,Pan Caracol,Panes,0.25,144,120
2025-03-23,Pan Hamburguesa,Panes,0.4,288,240
2025-03-23,Cachito,Panes,0.25,144,111
2025-03-23,Pan Manjar,Panes,0.3,72,71
2025-03-23,Leche,Abarrotes,4.0,5,2
2025-03-23,Jamon,Abarrotes,2.5,6,3
2025-03-23,Café,Abarrotes,2.0,5,3
2025-03-23,Queso,Abarrotes,3.0,4,2
2025-03-23,Alfajores Pequeños,Bocaditos,0.25,200,160
2025-03-23,Alfajores Grandes,Bocaditos,1.0,100,80
2025-03-23,Galletas Pequeñas,Bocaditos,0.25,200,150
2025-03-23,Galletas Grandes,Bocaditos,1.0,300,292
2025-03-23,Cookie,Bocaditos,2.0,100,75
2025-03-23,Orejitas Pequeñas,Bocaditos,0.25,200,155
2025-03-23,Orejas Grandes,Bocaditos,1.0,100,75
2025-03-23,Beso de Moza,Bocaditos,1.0,80,59
2025-03-23,Caramandugas,Bocaditos,0.25,300,256
2025-03-23,Rosquitas,Bocaditos,0.25,300,252
2025-03-24,Pan Chabatta,Panes,0.25,768,720
2025-03-24,Pan Francés,Panes,0.25,648,610
2025-03-24,Pan Yema Largo,Panes,0.25,360,320
2025-03-24,Pan Yema Redondo,Panes,0.25,360,320
2025-03-24,Pan Chapla,Panes,0.25,144,110
2025-03-24,Pan Coliza,Panes,0.25,192,170
2025-03-24,Pan Integral,Panes,0.25,144,110
2025-03-24,Pan Caracol,Panes,0.25,144,110
2025-03-24,Pan Hamburguesa,Panes,0.4,288,240
2025-03-24,Cachito,Panes,0.25,144,110
2025-03-24,Pan Manjar,Panes,0.3,72,68
2025-03-24,Leche,Abarrotes,4.0,5,2
2025-03-24,Jamon,Abarrotes,2.5,6,4
2025-03-24,Café,Abarrotes,2.0,5,2
2025-03-24,Queso,Abarrotes,3.0,4,2
2025-03-24,Alfajores Pequeños,Bocaditos,0.25,200,150
2025-03-24,Alfajores Grandes,Bocaditos,1.0,100,75
2025-03-24,Galletas Pequeñas,Bocaditos,0.25,200,150
2025-03-24,Galletas Grandes,Bocaditos,1.0,300,290
2025-03-24,Cookie,Bocaditos,2.0,100,70
2025-03-24,Orejitas Pequeñas,Bocaditos,0.25,200,150
2025-03-24,Orejas Grandes,Bocaditos,1.0,100,70
2025-03-24,Beso de Moza,Bocaditos,1.0,80,50
2025-03-24,Caramandugas,Bocaditos,0.25,300,250
2025-03-24,Rosquitas,Bocaditos,0.25,300,250
2025-03-25,Pan Chabatta,Panes,0.25,768,720
2025-03-25,Pan Francés,Panes,0.25,648,610
2025-03-25,Pan Yema Largo,Panes,0.25,360,320
2025-03-25,Pan Yema Redondo,Panes,0.25,360,320
2025-03-25,Pan Chapla,Panes,0.25,144,110
2025-03-25,Pan Coliza,Panes,0.25,192,170
2025-03-25,Pan Integral,Panes,0.25,144,110
2025-03-25,Pan Caracol,Panes,0.25,144,110
2025-03-25,Pan Hamburguesa,Panes,0.4,288,240
2025-03-25,Cachito,Panes,0.25,144,110
2025-03-25,Pan Manjar,Panes,0.3,72,68
2025-03-25,Leche,Abarrotes,4.0,5,2
2025-03-25,Jamon,Abarrotes,2.5,6,4
2025-03-25,Café,Abarrotes,2.0,5,2
2025-03-25,Queso,Abarrotes,3.0,4,2
2025-03-25,Alfajores Pequeños,Bocaditos,0.25,200,150
2025-03-25,Alfajores Grandes,Bocaditos,1.0,100,75
2025-03-25,Galletas Pequeñas,Bocaditos,0.25,200,150
2025-03-25,Galletas Grandes,Bocaditos,1.0,300,290
2025-03-25,Cookie,Bocaditos,2.0,100,70
2025-03-25,Orejitas Pequeñas,Bocaditos,0.25,200,150
2025-03-25,Orejas Grandes,Bocaditos,1.0,100,70
2025-03-25,Beso de Moza,Bocaditos,1.0,80,50
2025-03-25,Caramandugas,Bocaditos,0.25,300,250
2025-03-25,Rosquitas,Bocaditos,0.25,300,250
2025-03-26,Pan Chabatta,Panes,0.25,768,720
2025-03-26,Pan Francés,Panes,0.25,648,610
2025-03-26,Pan Yema Largo,Panes,0.25,360,320
2025-03-26,Pan Yema Redondo,Panes,0.25,360,320
2025-03-26,Pan Chapla,Panes,0.25,144,110
2025-03-26,Pan Coliza,Panes,0.25,192,170
2025-03-26,Pan Integral,Panes,0.25,144,110
2025-03-26,Pan Caracol,Panes,0.25,144,110
2025-03-26,Pan Hamburguesa,Panes,0.4,288,240
2025-03-26,Cachito,Panes,0.25,144,110
2025-03-26,Pan Manjar,Panes,0.3,72,68
2025-03-26,Leche,Abarrotes,4.0,5,2
2025-03-26,Jamon,Abarrotes,2.5,6,3
2025-03-26,Café,Abarrotes,2.0,5,2
2025-03-26,Queso,Abarrotes,3.0,4,2
2025-03-26,Alfajores Pequeños,Bocaditos,0.25,200,150
2025-03-26,Alfajores Grandes,Bocaditos,1.0,100,75
2025-03-26,Galletas Pequeñas,Bocaditos,0.25,200,150
2025-03-26,Galletas Grandes,Bocaditos,1.0,300,290
2025-03-26,Cookie,Bocaditos,2.0,100,70
2025-03-26,Orejitas Pequeñas,Bocaditos,0.25,200,150
2025-03-26,Orejas Grandes,Bocaditos,1.0,100,70
2025-03-26,Beso de Moza,Bocaditos,1.0,80,50
2025-03-26,Caramandugas,Bocaditos,0.25,300,250
2025-03-26,Rosquitas,Bocaditos,0.25,300,250
2025-03-27,Pan Chabatta,Panes,0.25,768,720
2025-03-27,Pan Francés,Panes,0.25,648,610
2025-03-27,Pan Yema Largo,Panes,0.25,360,320
2025-03-27,Pan Yema Redondo,Panes,0.25,360,320
2025-03-27,Pan Chapla,Panes,0.25,144,110
2025-03-27,Pan Coliza,Panes,0.25,192,170
2025-03-27,Pan Integral,Panes,0.25,144,110
2025-03-27,Pan Caracol,Panes,0.25,144,110
2025-03-27,Pan Hamburguesa,Panes,0.4,288,240
2025-03-27,Cachito,Panes,0.25,144,110
2025-03-27,Pan Manjar,Panes,0.3,72,68
2025-03-27,Leche,Abarrotes,4.0,5,3
2025-03-27,Jamon,Abarrotes,2.5,6,4
2025-03-27,Café,Abarrotes,2.0,5,3
2025-03-27,Queso,Abarrotes,3.0,4,2
2025-03-27,Alfajores Pequeños,Bocaditos,0.25,200,150
2025-03-27,Alfajores Grandes,Bocaditos,1.0,100,75
2025-03-27,Galletas Pequeñas,Bocaditos,0.25,200,150
2025-03-27,Galletas Grandes,Bocaditos,1.0,300,290
2025-03-27,Cookie,Bocaditos,2.0,100,70
2025-03-27,Orejitas Pequeñas,Bocaditos,0.25,200,150
2025-03-27,Orejas Grandes,Bocaditos,1.0,100,70
2025-03-27,Beso de Moza,Bocaditos,1.0,80,50
2025-03-27,Caramandugas,Bocaditos,0.25,300,250
2025-03-27,Rosquitas,Bocaditos,0.25,300,250
2025-03-28,Pan Chabatta,Panes,0.25,768,720
2025-03-28,Pan Francés,Panes,0.25,648,610
2025-03-28,Pan Yema Largo,Panes,0.25,360,320
2025-03-28,Pan Yema Redondo,Panes,0.25,360,320
2025-03-28,Pan Chapla,Panes,0.25,144,110
2025-03-28,Pan Coliza,Panes,0.25,192,170
2025-03-28,Pan Integral,Panes,0.25,144,110
2025-03-28,Pan Caracol,Panes,0.25,144,110
2025-03-28,Pan Hamburguesa,Panes,0.4,288,240
2025-03-28,Cachito,Panes,0.25,144,110
2025-03-28,Pan Manjar,Panes,0.3,72,68
2025-03-28,Leche,Abarrotes,4.0,5,2
2025-03-28,Jamon,Abarrotes,2.5,6,5
2025-03-28,Café,Abarrotes,2.0,5,2
2025-03-28,Queso,Abarrotes,3.0,4,2
2025-03-28,Alfajores Pequeños,Bocaditos,0.25,200,150
2025-03-28,Alfajores Grandes,Bocaditos,1.0,100,75
2025-03-28,Galletas Pequeñas,Bocaditos,0.25,200,150
2025-03-28,Galletas Grandes,Bocaditos,1.0,300,290
2025-03-28,Cookie,Bocaditos,2.0,100,70
2025-03-28,Orejitas Pequeñas,Bocaditos,0.25,200,150
2025-03-28,Orejas Grandes,Bocaditos,1.0,100,70
2025-03-28,Beso de Moza,Bocaditos,1.0,80,50
2025-03-28,Caramandugas,Bocaditos,0.25,300,250
2025-03-28,Rosquitas,Bocaditos,0.25,300,250
2025-03-29,Pan Chabatta,Panes,0.25,768,732
2025-03-29,Pan Francés,Panes,0.25,648,618
2025-03-29,Pan Yema Largo,Panes,0.25,360,329
2025-03-29,Pan Yema Redondo,Panes,0.25,360,331
2025-03-29,Pan Chapla,Panes,0.25,144,121
2025-03-29,Pan Coliza,Panes,0.25,192,175
2025-03-29,Pan Integral,Panes,0.25,144,115
2025-03-29,Pan Caracol,Panes,0.25,144,111
2025-03-29,Pan Hamburguesa,Panes,0.4,288,247
2025-03-29,Cachito,Panes,0.25,144,114
2025-03-29,Pan Manjar,Panes,0.3,72,68
2025-03-29,Leche,Abarrotes,4.0,5,4
2025-03-29,Jamon,Abarrotes,2.5,6,5
2025-03-29,Café,Abarrotes,2.0,5,3
2025-03-29,Queso,Abarrotes,3.0,4,2
2025-03-29,Alfajores Pequeños,Bocaditos,0.25,200,157
2025-03-29,Alfajores Grandes,Bocaditos,1.0,100,79
2025-03-29,Galletas Pequeñas,Bocaditos,0.25,200,161
2025-03-29,Galletas Grandes,Bocaditos,1.0,300,291
2025-03-29,Cookie,Bocaditos,2.0,100,74
2025-03-29,Orejitas Pequeñas,Bocaditos,0.25,200,158
2025-03-29,Orejas Grandes,Bocaditos,1.0,100,73
2025-03-29,Beso de Moza,Bocaditos,1.0,80,52
2025-03-29,Caramandugas,Bocaditos,0.25,300,253
2025-03-29,Rosquitas,Bocaditos,0.25,300,258
2025-03-30,Pan Chabatta,Panes,0.25,768,721
2025-03-30,Pan Francés,Panes,0.25,648,616
2025-03-30,Pan Yema Largo,Panes,0.25,360,323
2025-03-30,Pan Yema Redondo,Panes,0.25,360,324
2025-03-30,Pan Chapla,Panes,0.25,144,119
2025-03-30,Pan Coliza,Panes,0.25,192,174
2025-03-30,Pan Integral,Panes,0.25,144,114
2025-03-30,Pan Caracol,Panes,0.25,144,113
2025-03-30,Pan Hamburguesa,Panes,0.4,288,249
2025-03-30,Cachito,Panes,0.25,144,119
2025-03-30,Pan Manjar,Panes,0.3,72,69
2025-03-30,Leche,Abarrotes,4.0,5,2
2025-03-30,Jamon,Abarrotes,2.5,6,6
2025-03-30,Café,Abarrotes,2.0,5,2
2025-03-30,Queso,Abarrotes,3.0,4,4
2025-03-30,Alfajores Pequeños,Bocaditos,0.25,200,155
2025-03-30,Alfajores Grandes,Bocaditos,1.0,100,79
2025-03-30,Galletas Pequeñas,Bocaditos,0.25,200,152
2025-03-30,Galletas Grandes,Bocaditos,1.0,300,295
2025-03-30,Cookie,Bocaditos,2.0,100,70
2025-03-30,Orejitas Pequeñas,Bocaditos,0.25,200,150
2025-03-30,Orejas Grandes,Bocaditos,1.0,100,73
2025-03-30,Beso de Moza,Bocaditos,1.0,80,57
2025-03-30,Caramandugas,Bocaditos,0.25,300,259
2025-03-30,Rosquitas,Bocaditos,0.25,300,255
2025-03-31,Pan Chabatta,Panes,0.25,768,720
2025-03-31,Pan Francés,Panes,0.25,648,610
2025-03-31,Pan Yema Largo,Panes,0.25,360,320
2025-03-31,Pan Yema Redondo,Panes,0.25,360,320
2025-03-31,Pan Chapla,Panes,0.25,144,110
2025-03-31,Pan Coliza,Panes,0.25,192,170
2025-03-31,Pan Integral,Panes,0.25,144,110
2025-03-31,Pan Caracol,Panes,0.25,144,110
2025-03-31,Pan Hamburguesa,Panes,0.4,288,240
2025-03-31,Cachito,Panes,0.25,144,110
2025-03-31,Pan Manjar,Panes,0.3,72,68
2025-03-31,Leche,Abarrotes,4.0,5,2
2025-03-31,Jamon,Abarrotes,2.5,6,3
2025-03-31,Café,Abarrotes,2.0,5,3
2025-03-31,Queso,Abarrotes,3.0,4,2
2025-03-31,Alfajores Pequeños,Bocaditos,0.25,200,150
2025-03-31,Alfajores Grandes,Bocaditos,1.0,100,75
2025-03-31,Galletas Pequeñas,Bocaditos,0.25,200,150
2025-03-31,Galletas Grandes,Bocaditos,1.0,300,290
2025-03-31,Cookie,Bocaditos,2.0,100,70
2025-03-31,Orejitas Pequeñas,Bocaditos,0.25,200,150
2025-03-31,Orejas Grandes,Bocaditos,1.0,100,70
2025-03-31,Beso de Moza,Bocaditos,1.0,80,50
2025-03-31,Caramandugas,Bocaditos,0.25,300,250
2025-03-31,Rosquitas,Bocaditos,0.25,300,250
